Distance Group ,Sampling Timestamp,Aluminum Dissolved,Aluminum Total Recoverable,Calcium Dissolved,Calcium Total,Copper Dissolved,Copper Total Recoverable,Lead Dissolved,Lead Total Recoverable,Mercury Dissolved,Mercury Total,Methyl Mercury,Nickel Dissolved,Nickel Total Recoverable,Nitrogen Kjeldahl Dissolved,Nitrogen Kjeldahl Total,pH,pH (Field),Phosphorus Total,Phosphorus Total Dissolved,Turbidity,Vanadium Total Recoverable,Vanadium Dissolved,OXYGEN BIOCHEMICAL DEMAND,Oxygen Dissolved (Field Meter),Oxygen dissolved % saturation,Site Name,Station Name,Depth,Value Sign,Unit Symbol,Method,Laboratory,Sampling Number,Sample Number,RDL,Sample Timestamp,Sample Location,Sample Type,,,,
Mid,03/24/2003 12:00 PM,6,,,,,,,,,,,,,,,,,,,,,,,,,KEARL LAKE,KEARL LAKE,,'---,µg/l,1849,Alberta Research Council,104242,NULL,0.001,03/24/2003 12:00 PM,'---,,,,,
Mid,07/26/2004 12:00 PM,2.12,,,,,,,,,,,,,,,,,,,,,,,,,KEARL LAKE,KEARL LAKE,,'---,µg/l,1849,Alberta Research Council,104239,,0.001,07/26/2004 11:00 AM,'---,,,,,
Mid,08/24/2004 3:05 PM,0.94,,,,,,,,,,,,,,,,,,,,,,,,,KEARL LAKE,KEARL LAKE,,'---,µg/l,1849,AITF-EAS (ENVIRONMENTAL ANALYTICAL SERVICES),04SWE02174,04SWE02174,,08/24/2004 2:05 PM,Centre,SINGLE EUPHOTIC COMPOSITE,,,,
Mid,07/22/2005 12:00 PM,2.69,,,,,,,,,,,,,,,,,,,,,,,,,KEARL LAKE,KEARL LAKE,,'---,µg/l,1849,Alberta Research Council,104236,NULL,0.001,07/22/2005 11:00 AM,'---,,,,,
Mid,09/14/2006 12:00 PM,1.43,,,,,,,,,,,,,,,,,,,,,,,,,KEARL LAKE,KEARL LAKE,,'---,µg/l,1849,Alberta Research Council,104233,,0.001,09/14/2006 11:00 AM,'---,,,,,
Mid,08/23/2007 9:45 AM,0.514,,,,,,,,,,,,,,,,,,,,,,,,,KEARL LAKE,KEARL LAKE,,'---,µg/l,1849,AITF-EAS (ENVIRONMENTAL ANALYTICAL SERVICES),07SWE02704,07SWE02704,,08/23/2007 8:45 AM,Centre,SINGLE EUPHOTIC COMPOSITE,,,,
Mid,09/11/2007 12:00 PM,1,,,,,,,,,,,,,,,,,,,,,,,,,KEARL LAKE,KEARL LAKE,,<,µg/l,1849,Alberta Research Council,104230,,0.001,09/11/2007 11:00 AM,'---,,,,,
Mid,09/05/2008 12:15 PM,1.31,,,,,,,,,,,,,,,,,,,,,,,,,KEARL LAKE,KEARL LAKE,,'---,µg/l,1849,AITF-EAS (ENVIRONMENTAL ANALYTICAL SERVICES),08SWE03960,08SWE02165,,09/05/2008 11:15 AM,Centre,DISCRETE SAMPLE (GRAB),,,,
Mid,03/17/2009 9:25 AM,0.858,,,,,,,,,,,,,,,,,,,,,,,,,KEARL LAKE,KEARL LAKE,,'---,µg/l,1849,"ALBERTA RESEARCH COUNCIL, INORGANIC ANALYSIS LABORATORY",09SWE00382,09SWE00382-01,,03/17/2009 8:25 AM,Centre,DISCRETE SAMPLE (GRAB),,,,
Mid,08/17/2009 4:15 PM,1.18,,,,,,,,,,,,,,,,,,,,,,,,,KEARL LAKE,KEARL LAKE,,'---,µg/l,1849,AITF-EAS (ENVIRONMENTAL ANALYTICAL SERVICES),09SWE00811,09SWE00715,,08/17/2009 3:15 PM,Centre,DISCRETE SAMPLE (GRAB),,,,
Mid,09/18/2009 12:00 PM,1,,,,,,,,,,,,,,,,,,,,,,,,,KEARL LAKE,KEARL LAKE,,<,µg/l,1849,Alberta Research Council,104227,,0.001,09/18/2009 11:00 AM,'---,,,,,
Mid,08/31/2010 3:45 PM,1.03,,,,,,,,,,,,,,,,,,,,,,,,,KEARL LAKE,KEARL LAKE,,'---,µg/l,1849,AITF-EAS (ENVIRONMENTAL ANALYTICAL SERVICES),10SWE01442,10SWE01443,1,08/31/2010 2:45 PM,Centre,DISCRETE SAMPLE (GRAB),,,,
Mid,09/01/2011 8:30 AM,2.11,,,,,,,,,,,,,,,,,,,,,,,,,KEARL LAKE,KEARL LAKE,,'---,µg/l,1849,AITF-EAS (ENVIRONMENTAL ANALYTICAL SERVICES),11SWE06688,11SWE06689,1,09/01/2011 7:30 AM,Centre,DISCRETE SAMPLE (GRAB),,,,
Mid,09/10/2011 12:00 PM,1.3,,,,,,,,,,,,,,,,,,,,,,,,,KEARL LAKE,KEARL LAKE,,'---,µg/l,1849,AITF-EAS (ENVIRONMENTAL ANALYTICAL SERVICES),106085,,0.001,09/10/2011 11:00 AM,'---,,,,,
Mid,08/26/2012 3:45 PM,1.06,,,,,,,,,,,,,,,,,,,,,,,,,KEARL LAKE,KEARL LAKE,,'---,µg/l,1849,AITF-EAS (ENVIRONMENTAL ANALYTICAL SERVICES),12SWE02081,12SWE02082,1,08/26/2012 2:45 PM,Centre,DISCRETE SAMPLE (GRAB),,,,
Mid,09/08/2012 12:00 PM,1,,,,,,,,,,,,,,,,,,,,,,,,,KEARL LAKE,KEARL LAKE,,'---,µg/l,1849,AITF-EAS (ENVIRONMENTAL ANALYTICAL SERVICES),106088,,0.001,09/08/2012 11:00 AM,'---,,,,,
Mid,08/28/2013 1:10 PM,2.67,,,,,,,,,,,,,,,,,,,,,,,,,KEARL LAKE,KEARL LAKE,,'---,µg/l,1849,AITF-EAS (ENVIRONMENTAL ANALYTICAL SERVICES),13SWE02340,13SWE02341,1,08/28/2013 12:10 PM,Centre,DISCRETE SAMPLE (GRAB),,,,
Mid,09/07/2013 12:00 PM,4.72,,,,,,,,,,,,,,,,,,,,,,,,,KEARL LAKE,KEARL LAKE,,'---,µg/l,1849,AITF-EAS (ENVIRONMENTAL ANALYTICAL SERVICES),106968,,0.001,09/07/2013 11:00 AM,'---,,,,,
Mid,08/18/2014 4:00 PM,1.07,,,,,,,,,,,,,,,,,,,,,,,,,KEARL LAKE,KEARL LAKE,,'---,µg/l,1849,AITF-EAS (ENVIRONMENTAL ANALYTICAL SERVICES),14SWE02236,14SWE02237,0.13,08/18/2014 3:00 PM,Centre,SINGLE EUPHOTIC COMPOSITE,,,,
Mid,09/11/2014 12:00 PM,1.04,,,,,,,,,,,,,,,,,,,,,,,,,KEARL LAKE,KEARL LAKE,,'---,µg/l,1849,AITF-EAS (ENVIRONMENTAL ANALYTICAL SERVICES),107422,,0.00013,09/11/2014 11:00 AM,'---,,,,,
Mid,08/29/2015 7:30 AM,1.6,,,,,,,,,,,,,,,,,,,,,,,,,KEARL LAKE,KEARL LAKE,,'---,µg/l,1849,AITF-EAS (ENVIRONMENTAL ANALYTICAL SERVICES),15SWE05523,15SWE05524,0.13,08/29/2015 6:30 AM,Centre,DISCRETE SAMPLE (GRAB),,,,
Mid,03/15/2016 12:00 PM,1.17,,,,,,,,,,,,,,,,,,,,,,,,,KEARL LAKE,KEARL LAKE,,'---,µg/l,1849,AITF-EAS (ENVIRONMENTAL ANALYTICAL SERVICES),112630,,0.00013,03/15/2016 11:00 AM,'---,,,,,
Mid,07/19/2016 12:00 PM,2.44,,,,,,,,,,,,,,,,,,,,,,,,,KEARL LAKE,KEARL LAKE,,'---,µg/l,1849,AITF-EAS (ENVIRONMENTAL ANALYTICAL SERVICES),112429,,0.00013,07/19/2016 11:00 AM,'---,,,,,
Mid,08/26/2016 11:45 AM,2.16,,,,,,,,,,,,,,,,,,,,,,,,,KEARL LAKE,KEARL LAKE,,'---,µg/l,1849,AITF-EAS (ENVIRONMENTAL ANALYTICAL SERVICES),16SWE08263,16SWE08264,0.13,08/26/2016 10:45 AM,Centre,SINGLE EUPHOTIC COMPOSITE,,,,
Mid,09/20/2016 12:00 PM,1.4,,,,,,,,,,,,,,,,,,,,,,,,,KEARL LAKE,KEARL LAKE,,'---,µg/l,1849,AITF-EAS (ENVIRONMENTAL ANALYTICAL SERVICES),112237,,0.00013,09/20/2016 11:00 AM,'---,,,,,
Mid,03/13/2017 12:00 PM,1.19,,,,,,,,,,,,,,,,,,,,,,,,,KEARL LAKE,KEARL LAKE,,'---,µg/l,1849,AITF-EAS (ENVIRONMENTAL ANALYTICAL SERVICES),111802,,0.00013,03/13/2017 11:00 AM,'---,,,,,
Mid,08/25/2017 7:45 AM,1.3,,,,,,,,,,,,,,,,,,,,,,,,,KEARL LAKE,KEARL LAKE,,'---,µg/l,1849,AITF-EAS (ENVIRONMENTAL ANALYTICAL SERVICES),17SWE12773,17SWE12774,0.4,08/25/2017 6:45 AM,Centre,DISCRETE SAMPLE (GRAB),,,,
Mid,09/18/2020 10:40 AM,1,,,,,,,,,,,,,,,,,,,,,,,,,KEARL LAKE,KEARL LAKE,0.1,'---,µg/l,1849,AITF-EAS (ENVIRONMENTAL ANALYTICAL SERVICES),20SWE11038,20SWE11039,0.4,09/18/2020 9:40 AM,Centre,DISCRETE SAMPLE (GRAB),,,,
Mid,08/18/2021 3:15 PM,2,,,,,,,,,,,,,,,,,,,,,,,,,KEARL LAKE,KEARL LAKE,0.1,'---,µg/l,1849,AITF-EAS (ENVIRONMENTAL ANALYTICAL SERVICES),21SWE04621,21SWE04621-01,0.4,08/18/2021 2:15 PM,Centre,DISCRETE SAMPLE (GRAB),,,,
Mid,09/16/2022 7:20 AM,16,,,,,,,,,,,,,,,,,,,,,,,,,KEARL LAKE,KEARL LAKE,0.1,'---,µg/l,1849,AITF-EAS (ENVIRONMENTAL ANALYTICAL SERVICES),22SWE04634,22SWE04634-01,0.4,09/16/2022 6:20 AM,Centre,DISCRETE SAMPLE (GRAB),,,,
Mid,03/24/2003 12:00 PM,,19.4,,,,,,,,,,,,,,,,,,,,,,,,KEARL LAKE,KEARL LAKE,,'---,µg/l,1847,Alberta Research Council,104242,NULL,0.002,03/24/2003 12:00 PM,'---,,,,,
Mid,07/26/2004 12:00 PM,,17.8,,,,,,,,,,,,,,,,,,,,,,,,KEARL LAKE,KEARL LAKE,,'---,µg/l,1847,Alberta Research Council,104239,,0.002,07/26/2004 11:00 AM,'---,,,,,
Mid,08/24/2004 3:05 PM,,12.7,,,,,,,,,,,,,,,,,,,,,,,,KEARL LAKE,KEARL LAKE,,'---,µg/l,1847,AITF-EAS (ENVIRONMENTAL ANALYTICAL SERVICES),04SWE02174,04SWE02174,,08/24/2004 2:05 PM,Centre,SINGLE EUPHOTIC COMPOSITE,,,,
Mid,07/22/2005 12:00 PM,,23.2,,,,,,,,,,,,,,,,,,,,,,,,KEARL LAKE,KEARL LAKE,,'---,µg/l,1847,Alberta Research Council,104236,NULL,0.002,07/22/2005 11:00 AM,'---,,,,,
Mid,08/30/2005 8:55 AM,,14,,,,,,,,,,,,,,,,,,,,,,,,KEARL LAKE,KEARL LAKE,,'---,µg/l,1847,AITF-EAS (ENVIRONMENTAL ANALYTICAL SERVICES),05SWE03024,05SWE03025,,08/30/2005 7:55 AM,Centre,DISCRETE SAMPLE (GRAB),,,,
Mid,08/23/2006 12:00 PM,,20.8,,,,,,,,,,,,,,,,,,,,,,,,KEARL LAKE,KEARL LAKE,,'---,µg/l,1847,AITF-EAS (ENVIRONMENTAL ANALYTICAL SERVICES),06SWE03220,06SWE01907,,08/23/2006 11:00 AM,Centre,DISCRETE SAMPLE (GRAB),,,,
Mid,09/14/2006 12:00 PM,,56.8,,,,,,,,,,,,,,,,,,,,,,,,KEARL LAKE,KEARL LAKE,,'---,µg/l,1847,Alberta Research Council,104233,,0.002,09/14/2006 11:00 AM,'---,,,,,
Mid,08/23/2007 9:45 AM,,16.6,,,,,,,,,,,,,,,,,,,,,,,,KEARL LAKE,KEARL LAKE,,'---,µg/l,1847,AITF-EAS (ENVIRONMENTAL ANALYTICAL SERVICES),07SWE02704,07SWE02704,,08/23/2007 8:45 AM,Centre,SINGLE EUPHOTIC COMPOSITE,,,,
Mid,09/11/2007 12:00 PM,,23,,,,,,,,,,,,,,,,,,,,,,,,KEARL LAKE,KEARL LAKE,,'---,µg/l,1847,Alberta Research Council,104230,,0.002,09/11/2007 11:00 AM,'---,,,,,
Mid,09/05/2008 12:15 PM,,6.72,,,,,,,,,,,,,,,,,,,,,,,,KEARL LAKE,KEARL LAKE,,'---,µg/l,1847,AITF-EAS (ENVIRONMENTAL ANALYTICAL SERVICES),08SWE03960,08SWE02165,,09/05/2008 11:15 AM,Centre,DISCRETE SAMPLE (GRAB),,,,
Mid,03/17/2009 9:25 AM,,9.73,,,,,,,,,,,,,,,,,,,,,,,,KEARL LAKE,KEARL LAKE,,'---,µg/l,1847,"ALBERTA RESEARCH COUNCIL, INORGANIC ANALYSIS LABORATORY",09SWE00382,09SWE00382-01,,03/17/2009 8:25 AM,Centre,DISCRETE SAMPLE (GRAB),,,,
Mid,08/17/2009 4:15 PM,,11.9,,,,,,,,,,,,,,,,,,,,,,,,KEARL LAKE,KEARL LAKE,,'---,µg/l,1847,AITF-EAS (ENVIRONMENTAL ANALYTICAL SERVICES),09SWE00811,09SWE00715,,08/17/2009 3:15 PM,Centre,DISCRETE SAMPLE (GRAB),,,,
Mid,09/18/2009 12:00 PM,,13.6,,,,,,,,,,,,,,,,,,,,,,,,KEARL LAKE,KEARL LAKE,,'---,µg/l,1847,Alberta Research Council,104227,,0.002,09/18/2009 11:00 AM,'---,,,,,
Mid,08/31/2010 3:45 PM,,14.2,,,,,,,,,,,,,,,,,,,,,,,,KEARL LAKE,KEARL LAKE,,'---,µg/l,1847,AITF-EAS (ENVIRONMENTAL ANALYTICAL SERVICES),10SWE01442,10SWE01443,3,08/31/2010 2:45 PM,Centre,DISCRETE SAMPLE (GRAB),,,,
Mid,09/01/2011 8:30 AM,,16.6,,,,,,,,,,,,,,,,,,,,,,,,KEARL LAKE,KEARL LAKE,,'---,µg/l,1847,AITF-EAS (ENVIRONMENTAL ANALYTICAL SERVICES),11SWE06688,11SWE06689,3,09/01/2011 7:30 AM,Centre,DISCRETE SAMPLE (GRAB),,,,
Mid,09/10/2011 12:00 PM,,11.4,,,,,,,,,,,,,,,,,,,,,,,,KEARL LAKE,KEARL LAKE,,'---,µg/l,1847,AITF-EAS (ENVIRONMENTAL ANALYTICAL SERVICES),106085,,0.003,09/10/2011 11:00 AM,'---,,,,,
Mid,08/26/2012 3:45 PM,,9.96,,,,,,,,,,,,,,,,,,,,,,,,KEARL LAKE,KEARL LAKE,,'---,µg/l,1847,AITF-EAS (ENVIRONMENTAL ANALYTICAL SERVICES),12SWE02081,12SWE02082,3,08/26/2012 2:45 PM,Centre,DISCRETE SAMPLE (GRAB),,,,
Mid,09/08/2012 12:00 PM,,10.1,,,,,,,,,,,,,,,,,,,,,,,,KEARL LAKE,KEARL LAKE,,'---,µg/l,1847,AITF-EAS (ENVIRONMENTAL ANALYTICAL SERVICES),106088,,0.003,09/08/2012 11:00 AM,'---,,,,,
Mid,08/28/2013 1:10 PM,,5.85,,,,,,,,,,,,,,,,,,,,,,,,KEARL LAKE,KEARL LAKE,,'---,µg/l,1847,AITF-EAS (ENVIRONMENTAL ANALYTICAL SERVICES),13SWE02340,13SWE02341,3,08/28/2013 12:10 PM,Centre,DISCRETE SAMPLE (GRAB),,,,
Mid,09/07/2013 12:00 PM,,10,,,,,,,,,,,,,,,,,,,,,,,,KEARL LAKE,KEARL LAKE,,'---,µg/l,1847,AITF-EAS (ENVIRONMENTAL ANALYTICAL SERVICES),106968,,0.003,09/07/2013 11:00 AM,'---,,,,,
Mid,08/18/2014 4:00 PM,,20.8,,,,,,,,,,,,,,,,,,,,,,,,KEARL LAKE,KEARL LAKE,,'---,µg/l,1847,AITF-EAS (ENVIRONMENTAL ANALYTICAL SERVICES),14SWE02236,14SWE02237,0.2,08/18/2014 3:00 PM,Centre,SINGLE EUPHOTIC COMPOSITE,,,,
Mid,09/11/2014 12:00 PM,,7.3,,,,,,,,,,,,,,,,,,,,,,,,KEARL LAKE,KEARL LAKE,,'---,µg/l,1847,AITF-EAS (ENVIRONMENTAL ANALYTICAL SERVICES),107422,,0.0002,09/11/2014 11:00 AM,'---,,,,,
Mid,08/29/2015 7:30 AM,,25.7,,,,,,,,,,,,,,,,,,,,,,,,KEARL LAKE,KEARL LAKE,,'---,µg/l,1847,AITF-EAS (ENVIRONMENTAL ANALYTICAL SERVICES),15SWE05523,15SWE05524,0.2,08/29/2015 6:30 AM,Centre,DISCRETE SAMPLE (GRAB),,,,
Mid,03/15/2016 12:00 PM,,26.1,,,,,,,,,,,,,,,,,,,,,,,,KEARL LAKE,KEARL LAKE,,'---,µg/l,1847,AITF-EAS (ENVIRONMENTAL ANALYTICAL SERVICES),112630,,0.0002,03/15/2016 11:00 AM,'---,,,,,
Mid,07/19/2016 12:00 PM,,17,,,,,,,,,,,,,,,,,,,,,,,,KEARL LAKE,KEARL LAKE,,'---,µg/l,1847,AITF-EAS (ENVIRONMENTAL ANALYTICAL SERVICES),112429,,0.0002,07/19/2016 11:00 AM,'---,,,,,
Mid,08/26/2016 11:45 AM,,10.4,,,,,,,,,,,,,,,,,,,,,,,,KEARL LAKE,KEARL LAKE,,'---,µg/l,1847,AITF-EAS (ENVIRONMENTAL ANALYTICAL SERVICES),16SWE08263,16SWE08264,0.2,08/26/2016 10:45 AM,Centre,SINGLE EUPHOTIC COMPOSITE,,,,
Mid,09/20/2016 12:00 PM,,19.4,,,,,,,,,,,,,,,,,,,,,,,,KEARL LAKE,KEARL LAKE,,'---,µg/l,1847,AITF-EAS (ENVIRONMENTAL ANALYTICAL SERVICES),112237,,0.0002,09/20/2016 11:00 AM,'---,,,,,
Mid,03/13/2017 12:00 PM,,18.4,,,,,,,,,,,,,,,,,,,,,,,,KEARL LAKE,KEARL LAKE,,'---,µg/l,1847,AITF-EAS (ENVIRONMENTAL ANALYTICAL SERVICES),111802,,0.0002,03/13/2017 11:00 AM,'---,,,,,
Mid,08/25/2017 7:45 AM,,8,,,,,,,,,,,,,,,,,,,,,,,,KEARL LAKE,KEARL LAKE,,'---,µg/l,1847,AITF-EAS (ENVIRONMENTAL ANALYTICAL SERVICES),17SWE12773,17SWE12774,0.4,08/25/2017 6:45 AM,Centre,DISCRETE SAMPLE (GRAB),,,,
Mid,09/18/2020 10:40 AM,,3.7,,,,,,,,,,,,,,,,,,,,,,,,KEARL LAKE,KEARL LAKE,0.1,'---,µg/l,1847,AITF-EAS (ENVIRONMENTAL ANALYTICAL SERVICES),20SWE11038,20SWE11039,0.4,09/18/2020 9:40 AM,Centre,DISCRETE SAMPLE (GRAB),,,,
Mid,08/18/2021 3:15 PM,,10.9,,,,,,,,,,,,,,,,,,,,,,,,KEARL LAKE,KEARL LAKE,0.1,'---,µg/l,1847,AITF-EAS (ENVIRONMENTAL ANALYTICAL SERVICES),21SWE04621,21SWE04621-01,0.4,08/18/2021 2:15 PM,Centre,DISCRETE SAMPLE (GRAB),,,,
Mid,09/16/2022 7:20 AM,,27.2,,,,,,,,,,,,,,,,,,,,,,,,KEARL LAKE,KEARL LAKE,0.1,'---,µg/l,1847,AITF-EAS (ENVIRONMENTAL ANALYTICAL SERVICES),22SWE04634,22SWE04634-01,0.4,09/16/2022 6:20 AM,Centre,DISCRETE SAMPLE (GRAB),,,,
Mid,09/27/2000 12:00 PM,,,20.3,,,,,,,,,,,,,,,,,,,,,,,KEARL LAKE,KEARL LAKE,,'---,mg/l,482,UNIVERSITY OF ALBERTA - BIOGEOCHEMICAL ANALYTICAL SERVICE LABORATORY,00SWE04029,00SWE04029,0.003,09/27/2000 11:00 AM,Centre,EUPHOTIC COMPOSITE,,,,
Mid,09/13/2001 12:00 PM,,,19.6,,,,,,,,,,,,,,,,,,,,,,,KEARL LAKE,KEARL LAKE,,'---,mg/l,482,UNIVERSITY OF ALBERTA - BIOGEOCHEMICAL ANALYTICAL SERVICE LABORATORY,01SWE03883,01SWE03883,0.003,09/13/2001 11:00 AM,Centre,VERTICAL INTEGRATED,,,,
Mid,09/04/2002 12:00 PM,,,20.6,,,,,,,,,,,,,,,,,,,,,,,KEARL LAKE,KEARL LAKE,,'---,mg/l,482,UNIVERSITY OF ALBERTA - BIOGEOCHEMICAL ANALYTICAL SERVICE LABORATORY,02SWE03131,02SWE03131,0.003,09/04/2002 11:00 AM,Centre,DISCRETE SAMPLE (GRAB),,,,
Mid,08/31/2003 12:00 PM,,,16.9,,,,,,,,,,,,,,,,,,,,,,,KEARL LAKE,KEARL LAKE,,'---,mg/l,482,UNIVERSITY OF ALBERTA - BIOGEOCHEMICAL ANALYTICAL SERVICE LABORATORY,03SWE02484,03SWE02484,0.003,08/31/2003 11:00 AM,Centre,DISCRETE SAMPLE (GRAB),,,,
Mid,06/17/2004 2:30 PM,,,15.1,,,,,,,,,,,,,,,,,,,,,,,KEARL LAKE,KEARL LAKE,,'---,mg/l,482,UNIVERSITY OF ALBERTA - BIOGEOCHEMICAL ANALYTICAL SERVICE LABORATORY,04SWE01029,04SWE01030,0.003,06/17/2004 1:30 PM,Centre,DISCRETE SAMPLE (GRAB),,,,
Mid,07/14/2004 9:15 AM,,,16.1,,,,,,,,,,,,,,,,,,,,,,,KEARL LAKE,KEARL LAKE,,'---,mg/l,482,UNIVERSITY OF ALBERTA - BIOGEOCHEMICAL ANALYTICAL SERVICE LABORATORY,04SWE01843,04SWE01844,0.003,07/14/2004 8:15 AM,Centre,DISCRETE SAMPLE (GRAB),,,,
Mid,08/24/2004 3:05 PM,,,16.6,,,,,,,,,,,,,,,,,,,,,,,KEARL LAKE,KEARL LAKE,,'---,mg/l,482,UNIVERSITY OF ALBERTA - BIOGEOCHEMICAL ANALYTICAL SERVICE LABORATORY,04SWE02174,04SWE02174,0.003,08/24/2004 2:05 PM,Centre,SINGLE EUPHOTIC COMPOSITE,,,,
Mid,09/25/2004 1:10 PM,,,17.2,,,,,,,,,,,,,,,,,,,,,,,KEARL LAKE,KEARL LAKE,,'---,mg/l,482,UNIVERSITY OF ALBERTA - BIOGEOCHEMICAL ANALYTICAL SERVICE LABORATORY,04SWE03253,04SWE03254,0.003,09/25/2004 12:10 PM,Centre,SINGLE EUPHOTIC COMPOSITE,,,,
Mid,04/07/2005 8:00 AM,,,21.6,,,,,,,,,,,,,,,,,,,,,,,KEARL LAKE,KEARL LAKE,1,'---,mg/l,482,UNIVERSITY OF ALBERTA - BIOGEOCHEMICAL ANALYTICAL SERVICE LABORATORY,05SWE01009,05SWE01010,0.003,04/07/2005 7:00 AM,Centre,DISCRETE SAMPLE (GRAB),,,,
Mid,05/26/2005 12:00 PM,,,12.4,,,,,,,,,,,,,,,,,,,,,,,KEARL LAKE,KEARL LAKE,,'---,mg/l,482,UNIVERSITY OF ALBERTA - BIOGEOCHEMICAL ANALYTICAL SERVICE LABORATORY,05SWE04399,05SWE04399,0.003,05/26/2005 11:00 AM,Centre,DISCRETE SAMPLE (GRAB),,,,
Mid,07/13/2005 12:00 PM,,,18.6,,,,,,,,,,,,,,,,,,,,,,,KEARL LAKE,KEARL LAKE,,'---,mg/l,482,UNIVERSITY OF ALBERTA - BIOGEOCHEMICAL ANALYTICAL SERVICE LABORATORY,05SWE04409,05SWE04409,0.003,07/13/2005 11:00 AM,Centre,DISCRETE SAMPLE (GRAB),,,,
Mid,08/30/2005 8:55 AM,,,27.57,,,,,,,,,,,,,,,,,,,,,,,KEARL LAKE,KEARL LAKE,,'---,mg/l,482,UNIVERSITY OF ALBERTA - BIOGEOCHEMICAL ANALYTICAL SERVICE LABORATORY,05SWE03024,05SWE03025,0.003,08/30/2005 7:55 AM,Centre,DISCRETE SAMPLE (GRAB),,,,
Mid,09/28/2005 12:00 PM,,,30.01,,,,,,,,,,,,,,,,,,,,,,,KEARL LAKE,KEARL LAKE,,'---,mg/l,482,UNIVERSITY OF ALBERTA - BIOGEOCHEMICAL ANALYTICAL SERVICE LABORATORY,05SWE04418,05SWE04418,0.003,09/28/2005 11:00 AM,Centre,DISCRETE SAMPLE (GRAB),,,,
Mid,08/23/2006 12:00 PM,,,16.38,,,,,,,,,,,,,,,,,,,,,,,KEARL LAKE,KEARL LAKE,,'---,mg/l,482,UNIVERSITY OF ALBERTA - BIOGEOCHEMICAL ANALYTICAL SERVICE LABORATORY,06SWE03220,06SWE01907,0.003,08/23/2006 11:00 AM,Centre,DISCRETE SAMPLE (GRAB),,,,
Mid,08/23/2007 9:45 AM,,,16.57,,,,,,,,,,,,,,,,,,,,,,,KEARL LAKE,KEARL LAKE,,'---,mg/l,482,UNIVERSITY OF ALBERTA - BIOGEOCHEMICAL ANALYTICAL SERVICE LABORATORY,07SWE02704,07SWE02704,0.003,08/23/2007 8:45 AM,Centre,SINGLE EUPHOTIC COMPOSITE,,,,
Mid,09/05/2008 12:15 PM,,,20.1,,,,,,,,,,,,,,,,,,,,,,,KEARL LAKE,KEARL LAKE,,'---,mg/l,482,UNIVERSITY OF ALBERTA - BIOGEOCHEMICAL ANALYTICAL SERVICE LABORATORY,08SWE03960,08SWE02165,0.003,09/05/2008 11:15 AM,Centre,DISCRETE SAMPLE (GRAB),,,,
Mid,08/17/2009 4:15 PM,,,19.1,,,,,,,,,,,,,,,,,,,,,,,KEARL LAKE,KEARL LAKE,,'---,mg/l,482,UNIVERSITY OF ALBERTA - BIOGEOCHEMICAL ANALYTICAL SERVICE LABORATORY,09SWE00811,09SWE00715,0.003,08/17/2009 3:15 PM,Centre,DISCRETE SAMPLE (GRAB),,,,
Mid,08/31/2010 3:45 PM,,,21.2,,,,,,,,,,,,,,,,,,,,,,,KEARL LAKE,KEARL LAKE,,'---,mg/l,482,UNIVERSITY OF ALBERTA - BIOGEOCHEMICAL ANALYTICAL SERVICE LABORATORY,10SWE01442,10SWE01443,0.003,08/31/2010 2:45 PM,Centre,DISCRETE SAMPLE (GRAB),,,,
Mid,09/01/2011 8:30 AM,,,21.42,,,,,,,,,,,,,,,,,,,,,,,KEARL LAKE,KEARL LAKE,,'---,mg/l,482,UNIVERSITY OF ALBERTA - BIOGEOCHEMICAL ANALYTICAL SERVICE LABORATORY,11SWE06688,11SWE06689,0.01,09/01/2011 7:30 AM,Centre,DISCRETE SAMPLE (GRAB),,,,
Mid,08/26/2012 3:45 PM,,,22.68,,,,,,,,,,,,,,,,,,,,,,,KEARL LAKE,KEARL LAKE,,'---,mg/l,482,UNIVERSITY OF ALBERTA - BIOGEOCHEMICAL ANALYTICAL SERVICE LABORATORY,12SWE02081,12SWE02082,0.01,08/26/2012 2:45 PM,Centre,DISCRETE SAMPLE (GRAB),,,,
Mid,08/28/2013 1:10 PM,,,19.82,,,,,,,,,,,,,,,,,,,,,,,KEARL LAKE,KEARL LAKE,,'---,mg/l,482,UNIVERSITY OF ALBERTA - BIOGEOCHEMICAL ANALYTICAL SERVICE LABORATORY,13SWE02340,13SWE02341,0.01,08/28/2013 12:10 PM,Centre,DISCRETE SAMPLE (GRAB),,,,
Mid,03/24/2003 12:00 PM,,,37.8,,,,,,,,,,,,,,,,,,,,,,,KEARL LAKE,KEARL LAKE,,'---,mg/l,1849,Alberta Research Council,104242,NULL,0.1,03/24/2003 12:00 PM,'---,,,,,
Mid,07/26/2004 12:00 PM,,,17.4,,,,,,,,,,,,,,,,,,,,,,,KEARL LAKE,KEARL LAKE,,'---,mg/l,1849,Alberta Research Council,104239,,0.1,07/26/2004 11:00 AM,'---,,,,,
Mid,08/24/2004 3:05 PM,,,17.8,,,,,,,,,,,,,,,,,,,,,,,KEARL LAKE,KEARL LAKE,,'---,mg/l,1849,AITF-EAS (ENVIRONMENTAL ANALYTICAL SERVICES),04SWE02174,04SWE02174,,08/24/2004 2:05 PM,Centre,SINGLE EUPHOTIC COMPOSITE,,,,
Mid,07/22/2005 12:00 PM,,,15.1,,,,,,,,,,,,,,,,,,,,,,,KEARL LAKE,KEARL LAKE,,'---,mg/l,1849,Alberta Research Council,104236,NULL,0.1,07/22/2005 11:00 AM,'---,,,,,
Mid,09/14/2006 12:00 PM,,,17.8,,,,,,,,,,,,,,,,,,,,,,,KEARL LAKE,KEARL LAKE,,'---,mg/l,1849,Alberta Research Council,104233,,0.1,09/14/2006 11:00 AM,'---,,,,,
Mid,08/23/2007 9:45 AM,,,17.5,,,,,,,,,,,,,,,,,,,,,,,KEARL LAKE,KEARL LAKE,,'---,mg/l,1849,AITF-EAS (ENVIRONMENTAL ANALYTICAL SERVICES),07SWE02704,07SWE02704,,08/23/2007 8:45 AM,Centre,SINGLE EUPHOTIC COMPOSITE,,,,
Mid,09/11/2007 12:00 PM,,,17.4,,,,,,,,,,,,,,,,,,,,,,,KEARL LAKE,KEARL LAKE,,'---,mg/l,1849,Alberta Research Council,104230,,0.1,09/11/2007 11:00 AM,'---,,,,,
Mid,09/05/2008 12:15 PM,,,17.7,,,,,,,,,,,,,,,,,,,,,,,KEARL LAKE,KEARL LAKE,,'---,mg/l,1849,AITF-EAS (ENVIRONMENTAL ANALYTICAL SERVICES),08SWE03960,08SWE02165,,09/05/2008 11:15 AM,Centre,DISCRETE SAMPLE (GRAB),,,,
Mid,03/17/2009 9:25 AM,,,27.1,,,,,,,,,,,,,,,,,,,,,,,KEARL LAKE,KEARL LAKE,,'---,mg/l,1849,"ALBERTA RESEARCH COUNCIL, INORGANIC ANALYSIS LABORATORY",09SWE00382,09SWE00382-01,,03/17/2009 8:25 AM,Centre,DISCRETE SAMPLE (GRAB),,,,
Mid,08/17/2009 4:15 PM,,,19,,,,,,,,,,,,,,,,,,,,,,,KEARL LAKE,KEARL LAKE,,'---,mg/l,1849,AITF-EAS (ENVIRONMENTAL ANALYTICAL SERVICES),09SWE00811,09SWE00715,,08/17/2009 3:15 PM,Centre,DISCRETE SAMPLE (GRAB),,,,
Mid,09/18/2009 12:00 PM,,,21.3,,,,,,,,,,,,,,,,,,,,,,,KEARL LAKE,KEARL LAKE,,'---,mg/l,1849,Alberta Research Council,104227,,0.1,09/18/2009 11:00 AM,'---,,,,,
Mid,08/31/2010 3:45 PM,,,16.6,,,,,,,,,,,,,,,,,,,,,,,KEARL LAKE,KEARL LAKE,,'---,mg/l,1849,AITF-EAS (ENVIRONMENTAL ANALYTICAL SERVICES),10SWE01442,10SWE01443,0.1,08/31/2010 2:45 PM,Centre,DISCRETE SAMPLE (GRAB),,,,
Mid,09/01/2011 8:30 AM,,,16.1,,,,,,,,,,,,,,,,,,,,,,,KEARL LAKE,KEARL LAKE,,'---,mg/l,1849,AITF-EAS (ENVIRONMENTAL ANALYTICAL SERVICES),11SWE06688,11SWE06689,0.1,09/01/2011 7:30 AM,Centre,DISCRETE SAMPLE (GRAB),,,,
Mid,09/10/2011 12:00 PM,,,17.9,,,,,,,,,,,,,,,,,,,,,,,KEARL LAKE,KEARL LAKE,,'---,mg/l,1849,AITF-EAS (ENVIRONMENTAL ANALYTICAL SERVICES),106085,,0.1,09/10/2011 11:00 AM,'---,,,,,
Mid,08/26/2012 3:45 PM,,,20.1,,,,,,,,,,,,,,,,,,,,,,,KEARL LAKE,KEARL LAKE,,'---,mg/l,1849,AITF-EAS (ENVIRONMENTAL ANALYTICAL SERVICES),12SWE02081,12SWE02082,0.1,08/26/2012 2:45 PM,Centre,DISCRETE SAMPLE (GRAB),,,,
Mid,09/08/2012 12:00 PM,,,19.8,,,,,,,,,,,,,,,,,,,,,,,KEARL LAKE,KEARL LAKE,,'---,mg/l,1849,AITF-EAS (ENVIRONMENTAL ANALYTICAL SERVICES),106088,,0.1,09/08/2012 11:00 AM,'---,,,,,
Mid,08/28/2013 1:10 PM,,,18.8,,,,,,,,,,,,,,,,,,,,,,,KEARL LAKE,KEARL LAKE,,'---,mg/l,1849,AITF-EAS (ENVIRONMENTAL ANALYTICAL SERVICES),13SWE02340,13SWE02341,0.1,08/28/2013 12:10 PM,Centre,DISCRETE SAMPLE (GRAB),,,,
Mid,09/07/2013 12:00 PM,,,18.9,,,,,,,,,,,,,,,,,,,,,,,KEARL LAKE,KEARL LAKE,,'---,mg/l,1849,AITF-EAS (ENVIRONMENTAL ANALYTICAL SERVICES),106968,,0.1,09/07/2013 11:00 AM,'---,,,,,
Mid,08/18/2014 4:00 PM,,,17.3,,,,,,,,,,,,,,,,,,,,,,,KEARL LAKE,KEARL LAKE,,'---,mg/l,1849,AITF-EAS (ENVIRONMENTAL ANALYTICAL SERVICES),14SWE02236,14SWE02237,0.03,08/18/2014 3:00 PM,Centre,SINGLE EUPHOTIC COMPOSITE,,,,
Mid,09/11/2014 12:00 PM,,,18.5,,,,,,,,,,,,,,,,,,,,,,,KEARL LAKE,KEARL LAKE,,'---,mg/l,1849,AITF-EAS (ENVIRONMENTAL ANALYTICAL SERVICES),107422,,0.03,09/11/2014 11:00 AM,'---,,,,,
Mid,08/29/2015 7:30 AM,,,20.2,,,,,,,,,,,,,,,,,,,,,,,KEARL LAKE,KEARL LAKE,,'---,mg/l,1849,AITF-EAS (ENVIRONMENTAL ANALYTICAL SERVICES),15SWE05523,15SWE05524,0.03,08/29/2015 6:30 AM,Centre,DISCRETE SAMPLE (GRAB),,,,
Mid,03/15/2016 12:00 PM,,,33.1,,,,,,,,,,,,,,,,,,,,,,,KEARL LAKE,KEARL LAKE,,'---,mg/l,1849,AITF-EAS (ENVIRONMENTAL ANALYTICAL SERVICES),112630,,0.03,03/15/2016 11:00 AM,'---,,,,,
Mid,07/19/2016 12:00 PM,,,15.2,,,,,,,,,,,,,,,,,,,,,,,KEARL LAKE,KEARL LAKE,,'---,mg/l,1849,AITF-EAS (ENVIRONMENTAL ANALYTICAL SERVICES),112429,,0.03,07/19/2016 11:00 AM,'---,,,,,
Mid,08/26/2016 11:45 AM,,,24.6,,,,,,,,,,,,,,,,,,,,,,,KEARL LAKE,KEARL LAKE,,'---,mg/l,1849,AITF-EAS (ENVIRONMENTAL ANALYTICAL SERVICES),16SWE08263,16SWE08264,0.03,08/26/2016 10:45 AM,Centre,SINGLE EUPHOTIC COMPOSITE,,,,
Mid,09/20/2016 12:00 PM,,,23.2,,,,,,,,,,,,,,,,,,,,,,,KEARL LAKE,KEARL LAKE,,'---,mg/l,1849,AITF-EAS (ENVIRONMENTAL ANALYTICAL SERVICES),112237,,0.03,09/20/2016 11:00 AM,'---,,,,,
Mid,03/13/2017 12:00 PM,,,43,,,,,,,,,,,,,,,,,,,,,,,KEARL LAKE,KEARL LAKE,,'---,mg/l,1849,AITF-EAS (ENVIRONMENTAL ANALYTICAL SERVICES),111802,,0.03,03/13/2017 11:00 AM,'---,,,,,
Mid,08/25/2017 7:45 AM,,,24.4,,,,,,,,,,,,,,,,,,,,,,,KEARL LAKE,KEARL LAKE,,'---,mg/l,1849,AITF-EAS (ENVIRONMENTAL ANALYTICAL SERVICES),17SWE12773,17SWE12774,0.03,08/25/2017 6:45 AM,Centre,DISCRETE SAMPLE (GRAB),,,,
Mid,09/18/2020 10:40 AM,,,17.9,,,,,,,,,,,,,,,,,,,,,,,KEARL LAKE,KEARL LAKE,0.1,'---,mg/l,1849,AITF-EAS (ENVIRONMENTAL ANALYTICAL SERVICES),20SWE11038,20SWE11039,0.03,09/18/2020 9:40 AM,Centre,DISCRETE SAMPLE (GRAB),,,,
Mid,03/24/2003 12:00 PM,,,41.9,,,,,,,,,,,,,,,,,,,,,,,KEARL LAKE,KEARL LAKE,,'---,mg/l,2577,ETL,104242,NULL,0.5,03/24/2003 12:00 PM,'---,,,,,
Mid,07/26/2004 12:00 PM,,,17.2,,,,,,,,,,,,,,,,,,,,,,,KEARL LAKE,KEARL LAKE,,'---,mg/l,2577,ETL,104239,,0.5,07/26/2004 11:00 AM,'---,,,,,
Mid,07/22/2005 12:00 PM,,,15.3,,,,,,,,,,,,,,,,,,,,,,,KEARL LAKE,KEARL LAKE,,'---,mg/l,2577,ETL,104236,NULL,0.5,07/22/2005 11:00 AM,'---,,,,,
Mid,09/14/2006 12:00 PM,,,20,,,,,,,,,,,,,,,,,,,,,,,KEARL LAKE,KEARL LAKE,,'---,mg/l,2577,"ALS (FORMERLY ENVIRO-TEST) LABORATORIES, EDMONTON, ALBERTA",104233,,0.5,09/14/2006 11:00 AM,'---,,,,,
Mid,09/11/2007 12:00 PM,,,18.3,,,,,,,,,,,,,,,,,,,,,,,KEARL LAKE,KEARL LAKE,,'---,mg/l,2577,"ALS (FORMERLY ENVIRO-TEST) LABORATORIES, EDMONTON, ALBERTA",104230,,0.5,09/11/2007 11:00 AM,'---,,,,,
Mid,09/18/2009 12:00 PM,,,20,,,,,,,,,,,,,,,,,,,,,,,KEARL LAKE,KEARL LAKE,,'---,mg/l,3155,"ALS (FORMERLY ENVIRO-TEST) LABORATORIES, EDMONTON, ALBERTA",104227,,0.5,09/18/2009 11:00 AM,'---,,,,,
Mid,09/10/2011 12:00 PM,,,19.8,,,,,,,,,,,,,,,,,,,,,,,KEARL LAKE,KEARL LAKE,,'---,mg/l,3155,"ALS (FORMERLY ENVIRO-TEST) LABORATORIES, EDMONTON, ALBERTA",106085,,0.5,09/10/2011 11:00 AM,'---,,,,,
Mid,09/08/2012 12:00 PM,,,19.3,,,,,,,,,,,,,,,,,,,,,,,KEARL LAKE,KEARL LAKE,,'---,mg/l,3155,"ALS (FORMERLY ENVIRO-TEST) LABORATORIES, EDMONTON, ALBERTA",106088,,0.5,09/08/2012 11:00 AM,'---,,,,,
Mid,09/07/2013 12:00 PM,,,20.2,,,,,,,,,,,,,,,,,,,,,,,KEARL LAKE,KEARL LAKE,,'---,mg/l,3158,"ALS (FORMERLY ENVIRO-TEST) LABORATORIES, EDMONTON, ALBERTA",106968,,0.5,09/07/2013 11:00 AM,'---,,,,,
Mid,09/11/2014 12:00 PM,,,20.9,,,,,,,,,,,,,,,,,,,,,,,KEARL LAKE,KEARL LAKE,,'---,mg/l,3158,"ALS (FORMERLY ENVIRO-TEST) LABORATORIES, EDMONTON, ALBERTA",107422,,0.5,09/11/2014 11:00 AM,'---,,,,,
Mid,08/18/2014 4:00 PM,,,20.56,,,,,,,,,,,,,,,,,,,,,,,KEARL LAKE,KEARL LAKE,,'---,mg/l,1516,UNIVERSITY OF ALBERTA - BIOGEOCHEMICAL ANALYTICAL SERVICE LABORATORY,14SWE02236,14SWE02237,0.005,08/18/2014 3:00 PM,Centre,SINGLE EUPHOTIC COMPOSITE,,,,
Mid,08/29/2015 7:30 AM,,,0.005,,,,,,,,,,,,,,,,,,,,,,,KEARL LAKE,KEARL LAKE,,'---,mg/l,1516,UNIVERSITY OF ALBERTA - BIOGEOCHEMICAL ANALYTICAL SERVICE LABORATORY,15SWE05523,15SWE05526,0.005,08/29/2015 8:15 AM,Centre,TRIP BLANK,,,,
Mid,08/29/2015 7:30 AM,,,21.94,,,,,,,,,,,,,,,,,,,,,,,KEARL LAKE,KEARL LAKE,,'---,mg/l,1516,UNIVERSITY OF ALBERTA - BIOGEOCHEMICAL ANALYTICAL SERVICE LABORATORY,15SWE05523,15SWE05524,0.005,08/29/2015 6:30 AM,Centre,DISCRETE SAMPLE (GRAB),,,,
Mid,08/29/2015 7:30 AM,,,0.005,,,,,,,,,,,,,,,,,,,,,,,KEARL LAKE,KEARL LAKE,,'---,mg/l,1516,UNIVERSITY OF ALBERTA - BIOGEOCHEMICAL ANALYTICAL SERVICE LABORATORY,15SWE05523,15SWE05525,0.005,08/29/2015 8:00 AM,Centre,FIELD BLANK,,,,
Mid,03/15/2016 12:00 PM,,,38,,,,,,,,,,,,,,,,,,,,,,,KEARL LAKE,KEARL LAKE,,'---,mg/l,1516,"MAXXAM (CHEMEX) LABS ALBERTA INC., CALGARY, ALBERTA.",112630,,0.3,03/15/2016 11:00 AM,'---,,,,,
Mid,07/19/2016 12:00 PM,,,24,,,,,,,,,,,,,,,,,,,,,,,KEARL LAKE,KEARL LAKE,,'---,mg/l,1516,"MAXXAM (CHEMEX) LABS ALBERTA INC., CALGARY, ALBERTA.",112429,,0.3,07/19/2016 11:00 AM,'---,,,,,
Mid,08/26/2016 11:45 AM,,,24.76,,,,,,,,,,,,,,,,,,,,,,,KEARL LAKE,KEARL LAKE,,'---,mg/l,1516,UNIVERSITY OF ALBERTA - BIOGEOCHEMICAL ANALYTICAL SERVICE LABORATORY,16SWE08263,16SWE08264,0.005,08/26/2016 10:45 AM,Centre,SINGLE EUPHOTIC COMPOSITE,,,,
Mid,09/20/2016 12:00 PM,,,25,,,,,,,,,,,,,,,,,,,,,,,KEARL LAKE,KEARL LAKE,,'---,mg/l,1516,"MAXXAM (CHEMEX) LABS ALBERTA INC., CALGARY, ALBERTA.",112237,,0.3,09/20/2016 11:00 AM,'---,,,,,
Mid,03/13/2017 12:00 PM,,,48,,,,,,,,,,,,,,,,,,,,,,,KEARL LAKE,KEARL LAKE,,'---,mg/l,1516,"MAXXAM (CHEMEX) LABS ALBERTA INC., CALGARY, ALBERTA.",111802,,0.3,03/13/2017 11:00 AM,'---,,,,,
Mid,08/25/2017 7:45 AM,,,26.41,,,,,,,,,,,,,,,,,,,,,,,KEARL LAKE,KEARL LAKE,,'---,mg/l,1516,UNIVERSITY OF ALBERTA - BIOGEOCHEMICAL ANALYTICAL SERVICE LABORATORY,17SWE12773,17SWE12774,0.005,08/25/2017 6:45 AM,Centre,DISCRETE SAMPLE (GRAB),,,,
Mid,09/18/2020 10:40 AM,,,22,,,,,,,,,,,,,,,,,,,,,,,KEARL LAKE,KEARL LAKE,0.1,'---,mg/l,1516,"MAXXAM (CHEMEX) LABS ALBERTA INC., CALGARY, ALBERTA.",20SWE11038,20SWE11039,0.3,09/18/2020 9:40 AM,Centre,DISCRETE SAMPLE (GRAB),,,,
Mid,08/18/2021 3:15 PM,,,23,,,,,,,,,,,,,,,,,,,,,,,KEARL LAKE,KEARL LAKE,0.1,'---,mg/l,1516,"MAXXAM (CHEMEX) LABS ALBERTA INC., CALGARY, ALBERTA.",21SWE04621,21SWE04621-01,0.3,08/18/2021 2:15 PM,Centre,DISCRETE SAMPLE (GRAB),,,,
Mid,09/16/2022 7:20 AM,,,22,,,,,,,,,,,,,,,,,,,,,,,KEARL LAKE,KEARL LAKE,0.1,'---,mg/l,1516,"MAXXAM (CHEMEX) LABS ALBERTA INC., CALGARY, ALBERTA.",22SWE04634,22SWE04634-01,0.3,09/16/2022 6:20 AM,Centre,DISCRETE SAMPLE (GRAB),,,,
Mid,03/24/2003 12:00 PM,,,,38.6,,,,,,,,,,,,,,,,,,,,,,KEARL LAKE,KEARL LAKE,,'---,mg/l,1847,Alberta Research Council,104242,NULL,0.1,03/24/2003 12:00 PM,'---,,,,,
Mid,07/26/2004 12:00 PM,,,,17.6,,,,,,,,,,,,,,,,,,,,,,KEARL LAKE,KEARL LAKE,,'---,mg/l,1847,Alberta Research Council,104239,,0.1,07/26/2004 11:00 AM,'---,,,,,
Mid,08/24/2004 3:05 PM,,,,18.1,,,,,,,,,,,,,,,,,,,,,,KEARL LAKE,KEARL LAKE,,'---,mg/l,1847,AITF-EAS (ENVIRONMENTAL ANALYTICAL SERVICES),04SWE02174,04SWE02174,,08/24/2004 2:05 PM,Centre,SINGLE EUPHOTIC COMPOSITE,,,,
Mid,07/22/2005 12:00 PM,,,,15.4,,,,,,,,,,,,,,,,,,,,,,KEARL LAKE,KEARL LAKE,,'---,mg/l,1847,Alberta Research Council,104236,NULL,0.1,07/22/2005 11:00 AM,'---,,,,,
Mid,08/30/2005 8:55 AM,,,,15.2,,,,,,,,,,,,,,,,,,,,,,KEARL LAKE,KEARL LAKE,,'---,mg/l,1847,AITF-EAS (ENVIRONMENTAL ANALYTICAL SERVICES),05SWE03024,05SWE03025,,08/30/2005 7:55 AM,Centre,DISCRETE SAMPLE (GRAB),,,,
Mid,08/23/2006 12:00 PM,,,,16.7,,,,,,,,,,,,,,,,,,,,,,KEARL LAKE,KEARL LAKE,,'---,mg/l,1847,AITF-EAS (ENVIRONMENTAL ANALYTICAL SERVICES),06SWE03220,06SWE01907,,08/23/2006 11:00 AM,Centre,DISCRETE SAMPLE (GRAB),,,,
Mid,09/14/2006 12:00 PM,,,,18.8,,,,,,,,,,,,,,,,,,,,,,KEARL LAKE,KEARL LAKE,,'---,mg/l,1847,Alberta Research Council,104233,,0.1,09/14/2006 11:00 AM,'---,,,,,
Mid,08/23/2007 9:45 AM,,,,18.4,,,,,,,,,,,,,,,,,,,,,,KEARL LAKE,KEARL LAKE,,'---,mg/l,1847,AITF-EAS (ENVIRONMENTAL ANALYTICAL SERVICES),07SWE02704,07SWE02704,,08/23/2007 8:45 AM,Centre,SINGLE EUPHOTIC COMPOSITE,,,,
Mid,09/11/2007 12:00 PM,,,,18.5,,,,,,,,,,,,,,,,,,,,,,KEARL LAKE,KEARL LAKE,,'---,mg/l,1847,Alberta Research Council,104230,,0.1,09/11/2007 11:00 AM,'---,,,,,
Mid,09/05/2008 12:15 PM,,,,18.9,,,,,,,,,,,,,,,,,,,,,,KEARL LAKE,KEARL LAKE,,'---,mg/l,1847,AITF-EAS (ENVIRONMENTAL ANALYTICAL SERVICES),08SWE03960,08SWE02165,,09/05/2008 11:15 AM,Centre,DISCRETE SAMPLE (GRAB),,,,
Mid,03/17/2009 9:25 AM,,,,28.4,,,,,,,,,,,,,,,,,,,,,,KEARL LAKE,KEARL LAKE,,'---,mg/l,1847,"ALBERTA RESEARCH COUNCIL, INORGANIC ANALYSIS LABORATORY",09SWE00382,09SWE00382-01,,03/17/2009 8:25 AM,Centre,DISCRETE SAMPLE (GRAB),,,,
Mid,08/17/2009 4:15 PM,,,,19.3,,,,,,,,,,,,,,,,,,,,,,KEARL LAKE,KEARL LAKE,,'---,mg/l,1847,AITF-EAS (ENVIRONMENTAL ANALYTICAL SERVICES),09SWE00811,09SWE00715,,08/17/2009 3:15 PM,Centre,DISCRETE SAMPLE (GRAB),,,,
Mid,09/18/2009 12:00 PM,,,,22,,,,,,,,,,,,,,,,,,,,,,KEARL LAKE,KEARL LAKE,,'---,mg/l,1847,Alberta Research Council,104227,,0.1,09/18/2009 11:00 AM,'---,,,,,
Mid,08/31/2010 3:45 PM,,,,17.5,,,,,,,,,,,,,,,,,,,,,,KEARL LAKE,KEARL LAKE,,'---,mg/l,1847,AITF-EAS (ENVIRONMENTAL ANALYTICAL SERVICES),10SWE01442,10SWE01443,0.1,08/31/2010 2:45 PM,Centre,DISCRETE SAMPLE (GRAB),,,,
Mid,09/01/2011 8:30 AM,,,,18.7,,,,,,,,,,,,,,,,,,,,,,KEARL LAKE,KEARL LAKE,,'---,mg/l,1847,AITF-EAS (ENVIRONMENTAL ANALYTICAL SERVICES),11SWE06688,11SWE06689,0.1,09/01/2011 7:30 AM,Centre,DISCRETE SAMPLE (GRAB),,,,
Mid,09/10/2011 12:00 PM,,,,19.6,,,,,,,,,,,,,,,,,,,,,,KEARL LAKE,KEARL LAKE,,'---,mg/l,1847,AITF-EAS (ENVIRONMENTAL ANALYTICAL SERVICES),106085,,0.1,09/10/2011 11:00 AM,'---,,,,,
Mid,08/26/2012 3:45 PM,,,,20.4,,,,,,,,,,,,,,,,,,,,,,KEARL LAKE,KEARL LAKE,,'---,mg/l,1847,AITF-EAS (ENVIRONMENTAL ANALYTICAL SERVICES),12SWE02081,12SWE02082,0.1,08/26/2012 2:45 PM,Centre,DISCRETE SAMPLE (GRAB),,,,
Mid,09/08/2012 12:00 PM,,,,20.5,,,,,,,,,,,,,,,,,,,,,,KEARL LAKE,KEARL LAKE,,'---,mg/l,1847,AITF-EAS (ENVIRONMENTAL ANALYTICAL SERVICES),106088,,0.1,09/08/2012 11:00 AM,'---,,,,,
Mid,08/28/2013 1:10 PM,,,,19.1,,,,,,,,,,,,,,,,,,,,,,KEARL LAKE,KEARL LAKE,,'---,mg/l,1847,AITF-EAS (ENVIRONMENTAL ANALYTICAL SERVICES),13SWE02340,13SWE02341,0.1,08/28/2013 12:10 PM,Centre,DISCRETE SAMPLE (GRAB),,,,
Mid,09/07/2013 12:00 PM,,,,19.4,,,,,,,,,,,,,,,,,,,,,,KEARL LAKE,KEARL LAKE,,'---,mg/l,1847,AITF-EAS (ENVIRONMENTAL ANALYTICAL SERVICES),106968,,0.1,09/07/2013 11:00 AM,'---,,,,,
Mid,08/18/2014 4:00 PM,,,,19,,,,,,,,,,,,,,,,,,,,,,KEARL LAKE,KEARL LAKE,,'---,mg/l,1847,AITF-EAS (ENVIRONMENTAL ANALYTICAL SERVICES),14SWE02236,14SWE02237,0.01,08/18/2014 3:00 PM,Centre,SINGLE EUPHOTIC COMPOSITE,,,,
Mid,09/11/2014 12:00 PM,,,,20.1,,,,,,,,,,,,,,,,,,,,,,KEARL LAKE,KEARL LAKE,,'---,mg/l,1847,AITF-EAS (ENVIRONMENTAL ANALYTICAL SERVICES),107422,,0.01,09/11/2014 11:00 AM,'---,,,,,
Mid,08/29/2015 7:30 AM,,,,21.1,,,,,,,,,,,,,,,,,,,,,,KEARL LAKE,KEARL LAKE,,'---,mg/l,1847,AITF-EAS (ENVIRONMENTAL ANALYTICAL SERVICES),15SWE05523,15SWE05524,0.01,08/29/2015 6:30 AM,Centre,DISCRETE SAMPLE (GRAB),,,,
Mid,03/15/2016 12:00 PM,,,,33.1,,,,,,,,,,,,,,,,,,,,,,KEARL LAKE,KEARL LAKE,,'---,mg/l,1847,AITF-EAS (ENVIRONMENTAL ANALYTICAL SERVICES),112630,,0.01,03/15/2016 11:00 AM,'---,,,,,
Mid,07/19/2016 12:00 PM,,,,15.3,,,,,,,,,,,,,,,,,,,,,,KEARL LAKE,KEARL LAKE,,'---,mg/l,1847,AITF-EAS (ENVIRONMENTAL ANALYTICAL SERVICES),112429,,0.01,07/19/2016 11:00 AM,'---,,,,,
Mid,08/26/2016 11:45 AM,,,,24.7,,,,,,,,,,,,,,,,,,,,,,KEARL LAKE,KEARL LAKE,,'---,mg/l,1847,AITF-EAS (ENVIRONMENTAL ANALYTICAL SERVICES),16SWE08263,16SWE08264,0.01,08/26/2016 10:45 AM,Centre,SINGLE EUPHOTIC COMPOSITE,,,,
Mid,09/20/2016 12:00 PM,,,,23.6,,,,,,,,,,,,,,,,,,,,,,KEARL LAKE,KEARL LAKE,,'---,mg/l,1847,AITF-EAS (ENVIRONMENTAL ANALYTICAL SERVICES),112237,,0.01,09/20/2016 11:00 AM,'---,,,,,
Mid,03/13/2017 12:00 PM,,,,43.6,,,,,,,,,,,,,,,,,,,,,,KEARL LAKE,KEARL LAKE,,'---,mg/l,1847,AITF-EAS (ENVIRONMENTAL ANALYTICAL SERVICES),111802,,0.01,03/13/2017 11:00 AM,'---,,,,,
Mid,08/25/2017 7:45 AM,,,,24.3,,,,,,,,,,,,,,,,,,,,,,KEARL LAKE,KEARL LAKE,,'---,mg/l,1847,AITF-EAS (ENVIRONMENTAL ANALYTICAL SERVICES),17SWE12773,17SWE12774,0.01,08/25/2017 6:45 AM,Centre,DISCRETE SAMPLE (GRAB),,,,
Mid,09/18/2020 10:40 AM,,,,18.4,,,,,,,,,,,,,,,,,,,,,,KEARL LAKE,KEARL LAKE,0.1,'---,mg/l,1847,AITF-EAS (ENVIRONMENTAL ANALYTICAL SERVICES),20SWE11038,20SWE11039,0.01,09/18/2020 9:40 AM,Centre,DISCRETE SAMPLE (GRAB),,,,
Mid,03/17/2009 9:25 AM,,,,30.6,,,,,,,,,,,,,,,,,,,,,,KEARL LAKE,KEARL LAKE,,'---,mg/l,1848,"ALBERTA RESEARCH COUNCIL, INORGANIC ANALYSIS LABORATORY",09SWE00382,09SWE00382-01,,03/17/2009 8:25 AM,Centre,DISCRETE SAMPLE (GRAB),,,,
Mid,03/15/2016 12:00 PM,,,,39,,,,,,,,,,,,,,,,,,,,,,KEARL LAKE,KEARL LAKE,,'---,mg/l,440,"MAXXAM (CHEMEX) LABS ALBERTA INC., CALGARY, ALBERTA.",112630,,0.3,03/15/2016 11:00 AM,'---,,,,,
Mid,07/19/2016 12:00 PM,,,,23,,,,,,,,,,,,,,,,,,,,,,KEARL LAKE,KEARL LAKE,,'---,mg/l,440,"MAXXAM (CHEMEX) LABS ALBERTA INC., CALGARY, ALBERTA.",112429,,0.3,07/19/2016 11:00 AM,'---,,,,,
Mid,09/20/2016 12:00 PM,,,,24,,,,,,,,,,,,,,,,,,,,,,KEARL LAKE,KEARL LAKE,,'---,mg/l,440,"MAXXAM (CHEMEX) LABS ALBERTA INC., CALGARY, ALBERTA.",112237,,0.3,09/20/2016 11:00 AM,'---,,,,,
Mid,03/13/2017 12:00 PM,,,,47,,,,,,,,,,,,,,,,,,,,,,KEARL LAKE,KEARL LAKE,,'---,mg/l,440,"MAXXAM (CHEMEX) LABS ALBERTA INC., CALGARY, ALBERTA.",111802,,0.3,03/13/2017 11:00 AM,'---,,,,,
Mid,03/24/2003 12:00 PM,,,,,5.4,,,,,,,,,,,,,,,,,,,,,KEARL LAKE,KEARL LAKE,,'---,µg/l,1849,Alberta Research Council,104242,NULL,0.0001,03/24/2003 12:00 PM,'---,,,,,
Mid,07/26/2004 12:00 PM,,,,,0.17,,,,,,,,,,,,,,,,,,,,,KEARL LAKE,KEARL LAKE,,'---,µg/l,1849,Alberta Research Council,104239,,0.0001,07/26/2004 11:00 AM,'---,,,,,
Mid,08/24/2004 3:05 PM,,,,,0.118,,,,,,,,,,,,,,,,,,,,,KEARL LAKE,KEARL LAKE,,'---,µg/l,1849,AITF-EAS (ENVIRONMENTAL ANALYTICAL SERVICES),04SWE02174,04SWE02174,,08/24/2004 2:05 PM,Centre,SINGLE EUPHOTIC COMPOSITE,,,,
Mid,07/22/2005 12:00 PM,,,,,0.1,,,,,,,,,,,,,,,,,,,,,KEARL LAKE,KEARL LAKE,,<,µg/l,1849,Alberta Research Council,104236,NULL,0.0001,07/22/2005 11:00 AM,'---,,,,,
Mid,09/14/2006 12:00 PM,,,,,0.234,,,,,,,,,,,,,,,,,,,,,KEARL LAKE,KEARL LAKE,,'---,µg/l,1849,Alberta Research Council,104233,,0.0001,09/14/2006 11:00 AM,'---,,,,,
Mid,08/23/2007 9:45 AM,,,,,0.13,,,,,,,,,,,,,,,,,,,,,KEARL LAKE,KEARL LAKE,,'---,µg/l,1849,AITF-EAS (ENVIRONMENTAL ANALYTICAL SERVICES),07SWE02704,07SWE02704,,08/23/2007 8:45 AM,Centre,SINGLE EUPHOTIC COMPOSITE,,,,
Mid,09/11/2007 12:00 PM,,,,,0.16,,,,,,,,,,,,,,,,,,,,,KEARL LAKE,KEARL LAKE,,'---,µg/l,1849,Alberta Research Council,104230,,0.0001,09/11/2007 11:00 AM,'---,,,,,
Mid,09/05/2008 12:15 PM,,,,,0.24,,,,,,,,,,,,,,,,,,,,,KEARL LAKE,KEARL LAKE,,'---,µg/l,1849,AITF-EAS (ENVIRONMENTAL ANALYTICAL SERVICES),08SWE03960,08SWE02165,,09/05/2008 11:15 AM,Centre,DISCRETE SAMPLE (GRAB),,,,
Mid,03/17/2009 9:25 AM,,,,,0.316,,,,,,,,,,,,,,,,,,,,,KEARL LAKE,KEARL LAKE,,'---,µg/l,1849,"ALBERTA RESEARCH COUNCIL, INORGANIC ANALYSIS LABORATORY",09SWE00382,09SWE00382-01,,03/17/2009 8:25 AM,Centre,DISCRETE SAMPLE (GRAB),,,,
Mid,08/17/2009 4:15 PM,,,,,0.174,,,,,,,,,,,,,,,,,,,,,KEARL LAKE,KEARL LAKE,,'---,µg/l,1849,AITF-EAS (ENVIRONMENTAL ANALYTICAL SERVICES),09SWE00811,09SWE00715,,08/17/2009 3:15 PM,Centre,DISCRETE SAMPLE (GRAB),,,,
Mid,09/18/2009 12:00 PM,,,,,0.41,,,,,,,,,,,,,,,,,,,,,KEARL LAKE,KEARL LAKE,,'---,µg/l,1849,Alberta Research Council,104227,,0.0001,09/18/2009 11:00 AM,'---,,,,,
Mid,08/31/2010 3:45 PM,,,,,0.127,,,,,,,,,,,,,,,,,,,,,KEARL LAKE,KEARL LAKE,,'---,µg/l,1849,AITF-EAS (ENVIRONMENTAL ANALYTICAL SERVICES),10SWE01442,10SWE01443,0.1,08/31/2010 2:45 PM,Centre,DISCRETE SAMPLE (GRAB),,,,
Mid,09/01/2011 8:30 AM,,,,,0.166,,,,,,,,,,,,,,,,,,,,,KEARL LAKE,KEARL LAKE,,'---,µg/l,1849,AITF-EAS (ENVIRONMENTAL ANALYTICAL SERVICES),11SWE06688,11SWE06689,0.1,09/01/2011 7:30 AM,Centre,DISCRETE SAMPLE (GRAB),,,,
Mid,09/10/2011 12:00 PM,,,,,0.362,,,,,,,,,,,,,,,,,,,,,KEARL LAKE,KEARL LAKE,,'---,µg/l,1849,AITF-EAS (ENVIRONMENTAL ANALYTICAL SERVICES),106085,,0.0001,09/10/2011 11:00 AM,'---,,,,,
Mid,08/26/2012 3:45 PM,,,,,0.342,,,,,,,,,,,,,,,,,,,,,KEARL LAKE,KEARL LAKE,,'---,µg/l,1849,AITF-EAS (ENVIRONMENTAL ANALYTICAL SERVICES),12SWE02081,12SWE02082,0.1,08/26/2012 2:45 PM,Centre,DISCRETE SAMPLE (GRAB),,,,
Mid,09/08/2012 12:00 PM,,,,,0.1,,,,,,,,,,,,,,,,,,,,,KEARL LAKE,KEARL LAKE,,'---,µg/l,1849,AITF-EAS (ENVIRONMENTAL ANALYTICAL SERVICES),106088,,0.0001,09/08/2012 11:00 AM,'---,,,,,
Mid,08/28/2013 1:10 PM,,,,,0.131,,,,,,,,,,,,,,,,,,,,,KEARL LAKE,KEARL LAKE,,'---,µg/l,1849,AITF-EAS (ENVIRONMENTAL ANALYTICAL SERVICES),13SWE02340,13SWE02341,0.1,08/28/2013 12:10 PM,Centre,DISCRETE SAMPLE (GRAB),,,,
Mid,09/07/2013 12:00 PM,,,,,0.113,,,,,,,,,,,,,,,,,,,,,KEARL LAKE,KEARL LAKE,,'---,µg/l,1849,AITF-EAS (ENVIRONMENTAL ANALYTICAL SERVICES),106968,,0.0001,09/07/2013 11:00 AM,'---,,,,,
Mid,08/18/2014 4:00 PM,,,,,0.08,,,,,,,,,,,,,,,,,,,,,KEARL LAKE,KEARL LAKE,,'---,µg/l,1849,AITF-EAS (ENVIRONMENTAL ANALYTICAL SERVICES),14SWE02236,14SWE02237,0.08,08/18/2014 3:00 PM,Centre,SINGLE EUPHOTIC COMPOSITE,,,,
Mid,09/11/2014 12:00 PM,,,,,0.36,,,,,,,,,,,,,,,,,,,,,KEARL LAKE,KEARL LAKE,,'---,µg/l,1849,AITF-EAS (ENVIRONMENTAL ANALYTICAL SERVICES),107422,,0.00008,09/11/2014 11:00 AM,'---,,,,,
Mid,08/29/2015 7:30 AM,,,,,0.1,,,,,,,,,,,,,,,,,,,,,KEARL LAKE,KEARL LAKE,,'---,µg/l,1849,AITF-EAS (ENVIRONMENTAL ANALYTICAL SERVICES),15SWE05523,15SWE05524,0.08,08/29/2015 6:30 AM,Centre,DISCRETE SAMPLE (GRAB),,,,
Mid,03/15/2016 12:00 PM,,,,,0.19,,,,,,,,,,,,,,,,,,,,,KEARL LAKE,KEARL LAKE,,'---,µg/l,1849,AITF-EAS (ENVIRONMENTAL ANALYTICAL SERVICES),112630,,0.00008,03/15/2016 11:00 AM,'---,,,,,
Mid,07/19/2016 12:00 PM,,,,,0.21,,,,,,,,,,,,,,,,,,,,,KEARL LAKE,KEARL LAKE,,'---,µg/l,1849,AITF-EAS (ENVIRONMENTAL ANALYTICAL SERVICES),112429,,0.00008,07/19/2016 11:00 AM,'---,,,,,
Mid,08/26/2016 11:45 AM,,,,,0.23,,,,,,,,,,,,,,,,,,,,,KEARL LAKE,KEARL LAKE,,'---,µg/l,1849,AITF-EAS (ENVIRONMENTAL ANALYTICAL SERVICES),16SWE08263,16SWE08264,0.08,08/26/2016 10:45 AM,Centre,SINGLE EUPHOTIC COMPOSITE,,,,
Mid,09/20/2016 12:00 PM,,,,,0.18,,,,,,,,,,,,,,,,,,,,,KEARL LAKE,KEARL LAKE,,'---,µg/l,1849,AITF-EAS (ENVIRONMENTAL ANALYTICAL SERVICES),112237,,0.00008,09/20/2016 11:00 AM,'---,,,,,
Mid,03/13/2017 12:00 PM,,,,,0.18,,,,,,,,,,,,,,,,,,,,,KEARL LAKE,KEARL LAKE,,'---,µg/l,1849,AITF-EAS (ENVIRONMENTAL ANALYTICAL SERVICES),111802,,0.00008,03/13/2017 11:00 AM,'---,,,,,
Mid,08/25/2017 7:45 AM,,,,,0.12,,,,,,,,,,,,,,,,,,,,,KEARL LAKE,KEARL LAKE,,'---,µg/l,1849,AITF-EAS (ENVIRONMENTAL ANALYTICAL SERVICES),17SWE12773,17SWE12774,0.08,08/25/2017 6:45 AM,Centre,DISCRETE SAMPLE (GRAB),,,,
Mid,09/18/2020 10:40 AM,,,,,0.08,,,,,,,,,,,,,,,,,,,,,KEARL LAKE,KEARL LAKE,0.1,<,µg/l,1849,AITF-EAS (ENVIRONMENTAL ANALYTICAL SERVICES),20SWE11038,20SWE11039,0.08,09/18/2020 9:40 AM,Centre,DISCRETE SAMPLE (GRAB),,,,
Mid,08/18/2021 3:15 PM,,,,,0.13,,,,,,,,,,,,,,,,,,,,,KEARL LAKE,KEARL LAKE,0.1,'---,µg/l,1849,AITF-EAS (ENVIRONMENTAL ANALYTICAL SERVICES),21SWE04621,21SWE04621-01,0.08,08/18/2021 2:15 PM,Centre,DISCRETE SAMPLE (GRAB),,,,
Mid,09/16/2022 7:20 AM,,,,,0.13,,,,,,,,,,,,,,,,,,,,,KEARL LAKE,KEARL LAKE,0.1,'---,µg/l,1849,AITF-EAS (ENVIRONMENTAL ANALYTICAL SERVICES),22SWE04634,22SWE04634-01,0.08,09/16/2022 6:20 AM,Centre,DISCRETE SAMPLE (GRAB),,,,
Mid,03/24/2003 12:00 PM,,,,,,7.7,,,,,,,,,,,,,,,,,,,,KEARL LAKE,KEARL LAKE,,'---,µg/l,1847,Alberta Research Council,104242,NULL,0.0001,03/24/2003 12:00 PM,'---,,,,,
Mid,07/26/2004 12:00 PM,,,,,,0.223,,,,,,,,,,,,,,,,,,,,KEARL LAKE,KEARL LAKE,,'---,µg/l,1847,Alberta Research Council,104239,,0.0001,07/26/2004 11:00 AM,'---,,,,,
Mid,08/24/2004 3:05 PM,,,,,,0.166,,,,,,,,,,,,,,,,,,,,KEARL LAKE,KEARL LAKE,,'---,µg/l,1847,AITF-EAS (ENVIRONMENTAL ANALYTICAL SERVICES),04SWE02174,04SWE02174,,08/24/2004 2:05 PM,Centre,SINGLE EUPHOTIC COMPOSITE,,,,
Mid,07/22/2005 12:00 PM,,,,,,0.1,,,,,,,,,,,,,,,,,,,,KEARL LAKE,KEARL LAKE,,<,µg/l,1847,Alberta Research Council,104236,NULL,0.0001,07/22/2005 11:00 AM,'---,,,,,
Mid,08/30/2005 8:55 AM,,,,,,0.2,,,,,,,,,,,,,,,,,,,,KEARL LAKE,KEARL LAKE,,'---,µg/l,1847,AITF-EAS (ENVIRONMENTAL ANALYTICAL SERVICES),05SWE03024,05SWE03025,,08/30/2005 7:55 AM,Centre,DISCRETE SAMPLE (GRAB),,,,
Mid,08/23/2006 12:00 PM,,,,,,0.488,,,,,,,,,,,,,,,,,,,,KEARL LAKE,KEARL LAKE,,'---,µg/l,1847,AITF-EAS (ENVIRONMENTAL ANALYTICAL SERVICES),06SWE03220,06SWE01907,,08/23/2006 11:00 AM,Centre,DISCRETE SAMPLE (GRAB),,,,
Mid,09/14/2006 12:00 PM,,,,,,0.285,,,,,,,,,,,,,,,,,,,,KEARL LAKE,KEARL LAKE,,'---,µg/l,1847,Alberta Research Council,104233,,0.0001,09/14/2006 11:00 AM,'---,,,,,
Mid,08/23/2007 9:45 AM,,,,,,0.141,,,,,,,,,,,,,,,,,,,,KEARL LAKE,KEARL LAKE,,'---,µg/l,1847,AITF-EAS (ENVIRONMENTAL ANALYTICAL SERVICES),07SWE02704,07SWE02704,,08/23/2007 8:45 AM,Centre,SINGLE EUPHOTIC COMPOSITE,,,,
Mid,09/11/2007 12:00 PM,,,,,,0.162,,,,,,,,,,,,,,,,,,,,KEARL LAKE,KEARL LAKE,,'---,µg/l,1847,Alberta Research Council,104230,,0.0001,09/11/2007 11:00 AM,'---,,,,,
Mid,09/05/2008 12:15 PM,,,,,,0.665,,,,,,,,,,,,,,,,,,,,KEARL LAKE,KEARL LAKE,,'---,µg/l,1847,AITF-EAS (ENVIRONMENTAL ANALYTICAL SERVICES),08SWE03960,08SWE02165,,09/05/2008 11:15 AM,Centre,DISCRETE SAMPLE (GRAB),,,,
Mid,03/17/2009 9:25 AM,,,,,,0.319,,,,,,,,,,,,,,,,,,,,KEARL LAKE,KEARL LAKE,,'---,µg/l,1847,"ALBERTA RESEARCH COUNCIL, INORGANIC ANALYSIS LABORATORY",09SWE00382,09SWE00382-01,,03/17/2009 8:25 AM,Centre,DISCRETE SAMPLE (GRAB),,,,
Mid,08/17/2009 4:15 PM,,,,,,0.176,,,,,,,,,,,,,,,,,,,,KEARL LAKE,KEARL LAKE,,'---,µg/l,1847,AITF-EAS (ENVIRONMENTAL ANALYTICAL SERVICES),09SWE00811,09SWE00715,,08/17/2009 3:15 PM,Centre,DISCRETE SAMPLE (GRAB),,,,
Mid,09/18/2009 12:00 PM,,,,,,0.415,,,,,,,,,,,,,,,,,,,,KEARL LAKE,KEARL LAKE,,'---,µg/l,1847,Alberta Research Council,104227,,0.0001,09/18/2009 11:00 AM,'---,,,,,
Mid,08/31/2010 3:45 PM,,,,,,0.128,,,,,,,,,,,,,,,,,,,,KEARL LAKE,KEARL LAKE,,'---,µg/l,1847,AITF-EAS (ENVIRONMENTAL ANALYTICAL SERVICES),10SWE01442,10SWE01443,0.1,08/31/2010 2:45 PM,Centre,DISCRETE SAMPLE (GRAB),,,,
Mid,09/01/2011 8:30 AM,,,,,,0.168,,,,,,,,,,,,,,,,,,,,KEARL LAKE,KEARL LAKE,,'---,µg/l,1847,AITF-EAS (ENVIRONMENTAL ANALYTICAL SERVICES),11SWE06688,11SWE06689,0.1,09/01/2011 7:30 AM,Centre,DISCRETE SAMPLE (GRAB),,,,
Mid,09/10/2011 12:00 PM,,,,,,0.366,,,,,,,,,,,,,,,,,,,,KEARL LAKE,KEARL LAKE,,'---,µg/l,1847,AITF-EAS (ENVIRONMENTAL ANALYTICAL SERVICES),106085,,0.0001,09/10/2011 11:00 AM,'---,,,,,
Mid,08/26/2012 3:45 PM,,,,,,0.346,,,,,,,,,,,,,,,,,,,,KEARL LAKE,KEARL LAKE,,'---,µg/l,1847,AITF-EAS (ENVIRONMENTAL ANALYTICAL SERVICES),12SWE02081,12SWE02082,0.1,08/26/2012 2:45 PM,Centre,DISCRETE SAMPLE (GRAB),,,,
Mid,09/08/2012 12:00 PM,,,,,,0.1,,,,,,,,,,,,,,,,,,,,KEARL LAKE,KEARL LAKE,,'---,µg/l,1847,AITF-EAS (ENVIRONMENTAL ANALYTICAL SERVICES),106088,,0.0001,09/08/2012 11:00 AM,'---,,,,,
Mid,08/28/2013 1:10 PM,,,,,,0.132,,,,,,,,,,,,,,,,,,,,KEARL LAKE,KEARL LAKE,,'---,µg/l,1847,AITF-EAS (ENVIRONMENTAL ANALYTICAL SERVICES),13SWE02340,13SWE02341,0.1,08/28/2013 12:10 PM,Centre,DISCRETE SAMPLE (GRAB),,,,
Mid,09/07/2013 12:00 PM,,,,,,0.163,,,,,,,,,,,,,,,,,,,,KEARL LAKE,KEARL LAKE,,'---,µg/l,1847,AITF-EAS (ENVIRONMENTAL ANALYTICAL SERVICES),106968,,0.0001,09/07/2013 11:00 AM,'---,,,,,
Mid,08/18/2014 4:00 PM,,,,,,0.05,,,,,,,,,,,,,,,,,,,,KEARL LAKE,KEARL LAKE,,'---,µg/l,1847,AITF-EAS (ENVIRONMENTAL ANALYTICAL SERVICES),14SWE02236,14SWE02237,0.05,08/18/2014 3:00 PM,Centre,SINGLE EUPHOTIC COMPOSITE,,,,
Mid,09/11/2014 12:00 PM,,,,,,0.37,,,,,,,,,,,,,,,,,,,,KEARL LAKE,KEARL LAKE,,'---,µg/l,1847,AITF-EAS (ENVIRONMENTAL ANALYTICAL SERVICES),107422,,0.00005,09/11/2014 11:00 AM,'---,,,,,
Mid,08/29/2015 7:30 AM,,,,,,0.1,,,,,,,,,,,,,,,,,,,,KEARL LAKE,KEARL LAKE,,'---,µg/l,1847,AITF-EAS (ENVIRONMENTAL ANALYTICAL SERVICES),15SWE05523,15SWE05524,0.05,08/29/2015 6:30 AM,Centre,DISCRETE SAMPLE (GRAB),,,,
Mid,03/15/2016 12:00 PM,,,,,,0.2,,,,,,,,,,,,,,,,,,,,KEARL LAKE,KEARL LAKE,,'---,µg/l,1847,AITF-EAS (ENVIRONMENTAL ANALYTICAL SERVICES),112630,,0.00005,03/15/2016 11:00 AM,'---,,,,,
Mid,07/19/2016 12:00 PM,,,,,,0.21,,,,,,,,,,,,,,,,,,,,KEARL LAKE,KEARL LAKE,,'---,µg/l,1847,AITF-EAS (ENVIRONMENTAL ANALYTICAL SERVICES),112429,,0.00005,07/19/2016 11:00 AM,'---,,,,,
Mid,08/26/2016 11:45 AM,,,,,,0.28,,,,,,,,,,,,,,,,,,,,KEARL LAKE,KEARL LAKE,,'---,µg/l,1847,AITF-EAS (ENVIRONMENTAL ANALYTICAL SERVICES),16SWE08263,16SWE08264,0.05,08/26/2016 10:45 AM,Centre,SINGLE EUPHOTIC COMPOSITE,,,,
Mid,09/20/2016 12:00 PM,,,,,,0.19,,,,,,,,,,,,,,,,,,,,KEARL LAKE,KEARL LAKE,,'---,µg/l,1847,AITF-EAS (ENVIRONMENTAL ANALYTICAL SERVICES),112237,,0.00005,09/20/2016 11:00 AM,'---,,,,,
Mid,03/13/2017 12:00 PM,,,,,,0.31,,,,,,,,,,,,,,,,,,,,KEARL LAKE,KEARL LAKE,,'---,µg/l,1847,AITF-EAS (ENVIRONMENTAL ANALYTICAL SERVICES),111802,,0.00005,03/13/2017 11:00 AM,'---,,,,,
Mid,08/25/2017 7:45 AM,,,,,,0.19,,,,,,,,,,,,,,,,,,,,KEARL LAKE,KEARL LAKE,,'---,µg/l,1847,AITF-EAS (ENVIRONMENTAL ANALYTICAL SERVICES),17SWE12773,17SWE12774,0.08,08/25/2017 6:45 AM,Centre,DISCRETE SAMPLE (GRAB),,,,
Mid,09/18/2020 10:40 AM,,,,,,0.08,,,,,,,,,,,,,,,,,,,,KEARL LAKE,KEARL LAKE,0.1,<,µg/l,1847,AITF-EAS (ENVIRONMENTAL ANALYTICAL SERVICES),20SWE11038,20SWE11039,0.08,09/18/2020 9:40 AM,Centre,DISCRETE SAMPLE (GRAB),,,,
Mid,08/18/2021 3:15 PM,,,,,,0.2,,,,,,,,,,,,,,,,,,,,KEARL LAKE,KEARL LAKE,0.1,'---,µg/l,1847,AITF-EAS (ENVIRONMENTAL ANALYTICAL SERVICES),21SWE04621,21SWE04621-01,0.08,08/18/2021 2:15 PM,Centre,DISCRETE SAMPLE (GRAB),,,,
Mid,09/16/2022 7:20 AM,,,,,,0.15,,,,,,,,,,,,,,,,,,,,KEARL LAKE,KEARL LAKE,0.1,'---,µg/l,1847,AITF-EAS (ENVIRONMENTAL ANALYTICAL SERVICES),22SWE04634,22SWE04634-01,0.08,09/16/2022 6:20 AM,Centre,DISCRETE SAMPLE (GRAB),,,,
Mid,03/24/2003 12:00 PM,,,,,,,1.2,,,,,,,,,,,,,,,,,,,KEARL LAKE,KEARL LAKE,,'---,µg/l,1849,Alberta Research Council,104242,NULL,0.000006,03/24/2003 12:00 PM,'---,,,,,
Mid,07/26/2004 12:00 PM,,,,,,,0.00726,,,,,,,,,,,,,,,,,,,KEARL LAKE,KEARL LAKE,,'---,µg/l,1849,Alberta Research Council,104239,,0.000006,07/26/2004 11:00 AM,'---,,,,,
Mid,08/24/2004 3:05 PM,,,,,,,0.0059,,,,,,,,,,,,,,,,,,,KEARL LAKE,KEARL LAKE,,'---,µg/l,1849,AITF-EAS (ENVIRONMENTAL ANALYTICAL SERVICES),04SWE02174,04SWE02174,,08/24/2004 2:05 PM,Centre,SINGLE EUPHOTIC COMPOSITE,,,,
Mid,07/22/2005 12:00 PM,,,,,,,0.0312,,,,,,,,,,,,,,,,,,,KEARL LAKE,KEARL LAKE,,'---,µg/l,1849,Alberta Research Council,104236,NULL,0.000006,07/22/2005 11:00 AM,'---,,,,,
Mid,09/14/2006 12:00 PM,,,,,,,0.006,,,,,,,,,,,,,,,,,,,KEARL LAKE,KEARL LAKE,,<,µg/l,1849,Alberta Research Council,104233,,0.000006,09/14/2006 11:00 AM,'---,,,,,
Mid,08/23/2007 9:45 AM,,,,,,,0.0012,,,,,,,,,,,,,,,,,,,KEARL LAKE,KEARL LAKE,,'---,µg/l,1849,AITF-EAS (ENVIRONMENTAL ANALYTICAL SERVICES),07SWE02704,07SWE02704,,08/23/2007 8:45 AM,Centre,SINGLE EUPHOTIC COMPOSITE,,,,
Mid,09/11/2007 12:00 PM,,,,,,,0.02,,,,,,,,,,,,,,,,,,,KEARL LAKE,KEARL LAKE,,'---,µg/l,1849,Alberta Research Council,104230,,0.000006,09/11/2007 11:00 AM,'---,,,,,
Mid,09/05/2008 12:15 PM,,,,,,,0.0025,,,,,,,,,,,,,,,,,,,KEARL LAKE,KEARL LAKE,,'---,µg/l,1849,AITF-EAS (ENVIRONMENTAL ANALYTICAL SERVICES),08SWE03960,08SWE02165,,09/05/2008 11:15 AM,Centre,DISCRETE SAMPLE (GRAB),,,,
Mid,03/17/2009 9:25 AM,,,,,,,0.186,,,,,,,,,,,,,,,,,,,KEARL LAKE,KEARL LAKE,,'---,µg/l,1849,"ALBERTA RESEARCH COUNCIL, INORGANIC ANALYSIS LABORATORY",09SWE00382,09SWE00382-01,,03/17/2009 8:25 AM,Centre,DISCRETE SAMPLE (GRAB),,,,
Mid,08/17/2009 4:15 PM,,,,,,,0.006,,,,,,,,,,,,,,,,,,,KEARL LAKE,KEARL LAKE,,'---,µg/l,1849,AITF-EAS (ENVIRONMENTAL ANALYTICAL SERVICES),09SWE00811,09SWE00715,,08/17/2009 3:15 PM,Centre,DISCRETE SAMPLE (GRAB),,,,
Mid,09/18/2009 12:00 PM,,,,,,,0.0068,,,,,,,,,,,,,,,,,,,KEARL LAKE,KEARL LAKE,,'---,µg/l,1849,Alberta Research Council,104227,,0.000006,09/18/2009 11:00 AM,'---,,,,,
Mid,08/31/2010 3:45 PM,,,,,,,0.0053,,,,,,,,,,,,,,,,,,,KEARL LAKE,KEARL LAKE,,'---,µg/l,1849,AITF-EAS (ENVIRONMENTAL ANALYTICAL SERVICES),10SWE01442,10SWE01443,0.1,08/31/2010 2:45 PM,Centre,DISCRETE SAMPLE (GRAB),,,,
Mid,09/01/2011 8:30 AM,,,,,,,0.035,,,,,,,,,,,,,,,,,,,KEARL LAKE,KEARL LAKE,,'---,µg/l,1849,AITF-EAS (ENVIRONMENTAL ANALYTICAL SERVICES),11SWE06688,11SWE06689,0.1,09/01/2011 7:30 AM,Centre,DISCRETE SAMPLE (GRAB),,,,
Mid,09/10/2011 12:00 PM,,,,,,,0.1,,,,,,,,,,,,,,,,,,,KEARL LAKE,KEARL LAKE,,<,µg/l,1849,AITF-EAS (ENVIRONMENTAL ANALYTICAL SERVICES),106085,,0.0001,09/10/2011 11:00 AM,'---,,,,,
Mid,08/26/2012 3:45 PM,,,,,,,0.0021,,,,,,,,,,,,,,,,,,,KEARL LAKE,KEARL LAKE,,'---,µg/l,1849,AITF-EAS (ENVIRONMENTAL ANALYTICAL SERVICES),12SWE02081,12SWE02082,0.1,08/26/2012 2:45 PM,Centre,DISCRETE SAMPLE (GRAB),,,,
Mid,09/08/2012 12:00 PM,,,,,,,0.1,,,,,,,,,,,,,,,,,,,KEARL LAKE,KEARL LAKE,,'---,µg/l,1849,AITF-EAS (ENVIRONMENTAL ANALYTICAL SERVICES),106088,,0.0001,09/08/2012 11:00 AM,'---,,,,,
Mid,08/28/2013 1:10 PM,,,,,,,0.0174,,,,,,,,,,,,,,,,,,,KEARL LAKE,KEARL LAKE,,'---,µg/l,1849,AITF-EAS (ENVIRONMENTAL ANALYTICAL SERVICES),13SWE02340,13SWE02341,0.1,08/28/2013 12:10 PM,Centre,DISCRETE SAMPLE (GRAB),,,,
Mid,09/07/2013 12:00 PM,,,,,,,0.1,,,,,,,,,,,,,,,,,,,KEARL LAKE,KEARL LAKE,,'---,µg/l,1849,AITF-EAS (ENVIRONMENTAL ANALYTICAL SERVICES),106968,,0.0001,09/07/2013 11:00 AM,'---,,,,,
Mid,08/18/2014 4:00 PM,,,,,,,0.004,,,,,,,,,,,,,,,,,,,KEARL LAKE,KEARL LAKE,,'---,µg/l,1849,AITF-EAS (ENVIRONMENTAL ANALYTICAL SERVICES),14SWE02236,14SWE02237,0.004,08/18/2014 3:00 PM,Centre,SINGLE EUPHOTIC COMPOSITE,,,,
Mid,09/11/2014 12:00 PM,,,,,,,0.013,,,,,,,,,,,,,,,,,,,KEARL LAKE,KEARL LAKE,,'---,µg/l,1849,AITF-EAS (ENVIRONMENTAL ANALYTICAL SERVICES),107422,,0.000004,09/11/2014 11:00 AM,'---,,,,,
Mid,08/29/2015 7:30 AM,,,,,,,0.03,,,,,,,,,,,,,,,,,,,KEARL LAKE,KEARL LAKE,,'---,µg/l,1849,AITF-EAS (ENVIRONMENTAL ANALYTICAL SERVICES),15SWE05523,15SWE05524,0.004,08/29/2015 6:30 AM,Centre,DISCRETE SAMPLE (GRAB),,,,
Mid,03/15/2016 12:00 PM,,,,,,,0.032,,,,,,,,,,,,,,,,,,,KEARL LAKE,KEARL LAKE,,'---,µg/l,1849,AITF-EAS (ENVIRONMENTAL ANALYTICAL SERVICES),112630,,0.000004,03/15/2016 11:00 AM,'---,,,,,
Mid,07/19/2016 12:00 PM,,,,,,,0.012,,,,,,,,,,,,,,,,,,,KEARL LAKE,KEARL LAKE,,'---,µg/l,1849,AITF-EAS (ENVIRONMENTAL ANALYTICAL SERVICES),112429,,0.000004,07/19/2016 11:00 AM,'---,,,,,
Mid,08/26/2016 11:45 AM,,,,,,,0.035,,,,,,,,,,,,,,,,,,,KEARL LAKE,KEARL LAKE,,'---,µg/l,1849,AITF-EAS (ENVIRONMENTAL ANALYTICAL SERVICES),16SWE08263,16SWE08264,0.004,08/26/2016 10:45 AM,Centre,SINGLE EUPHOTIC COMPOSITE,,,,
Mid,09/20/2016 12:00 PM,,,,,,,0.024,,,,,,,,,,,,,,,,,,,KEARL LAKE,KEARL LAKE,,'---,µg/l,1849,AITF-EAS (ENVIRONMENTAL ANALYTICAL SERVICES),112237,,0.000004,09/20/2016 11:00 AM,'---,,,,,
Mid,03/13/2017 12:00 PM,,,,,,,0.004,,,,,,,,,,,,,,,,,,,KEARL LAKE,KEARL LAKE,,<,µg/l,1849,AITF-EAS (ENVIRONMENTAL ANALYTICAL SERVICES),111802,,0.000004,03/13/2017 11:00 AM,'---,,,,,
Mid,08/25/2017 7:45 AM,,,,,,,0.02,,,,,,,,,,,,,,,,,,,KEARL LAKE,KEARL LAKE,,'---,µg/l,1849,AITF-EAS (ENVIRONMENTAL ANALYTICAL SERVICES),17SWE12773,17SWE12774,0.02,08/25/2017 6:45 AM,Centre,DISCRETE SAMPLE (GRAB),,,,
Mid,09/18/2020 10:40 AM,,,,,,,0.02,,,,,,,,,,,,,,,,,,,KEARL LAKE,KEARL LAKE,0.1,<,µg/l,1849,AITF-EAS (ENVIRONMENTAL ANALYTICAL SERVICES),20SWE11038,20SWE11039,0.02,09/18/2020 9:40 AM,Centre,DISCRETE SAMPLE (GRAB),,,,
Mid,08/18/2021 3:15 PM,,,,,,,0.02,,,,,,,,,,,,,,,,,,,KEARL LAKE,KEARL LAKE,0.1,<,µg/l,1849,AITF-EAS (ENVIRONMENTAL ANALYTICAL SERVICES),21SWE04621,21SWE04621-01,0.02,08/18/2021 2:15 PM,Centre,DISCRETE SAMPLE (GRAB),,,,
Mid,09/16/2022 7:20 AM,,,,,,,0.02,,,,,,,,,,,,,,,,,,,KEARL LAKE,KEARL LAKE,0.1,<,µg/l,1849,AITF-EAS (ENVIRONMENTAL ANALYTICAL SERVICES),22SWE04634,22SWE04634-01,0.02,09/16/2022 6:20 AM,Centre,DISCRETE SAMPLE (GRAB),,,,
Mid,03/24/2003 12:00 PM,,,,,,,,1.7,,,,,,,,,,,,,,,,,,KEARL LAKE,KEARL LAKE,,'---,µg/l,1847,Alberta Research Council,104242,NULL,0.000006,03/24/2003 12:00 PM,'---,,,,,
Mid,07/26/2004 12:00 PM,,,,,,,,0.143,,,,,,,,,,,,,,,,,,KEARL LAKE,KEARL LAKE,,'---,µg/l,1847,Alberta Research Council,104239,,0.000006,07/26/2004 11:00 AM,'---,,,,,
Mid,08/24/2004 3:05 PM,,,,,,,,0.0314,,,,,,,,,,,,,,,,,,KEARL LAKE,KEARL LAKE,,'---,µg/l,1847,AITF-EAS (ENVIRONMENTAL ANALYTICAL SERVICES),04SWE02174,04SWE02174,,08/24/2004 2:05 PM,Centre,SINGLE EUPHOTIC COMPOSITE,,,,
Mid,07/22/2005 12:00 PM,,,,,,,,0.037,,,,,,,,,,,,,,,,,,KEARL LAKE,KEARL LAKE,,'---,µg/l,1847,Alberta Research Council,104236,NULL,0.000006,07/22/2005 11:00 AM,'---,,,,,
Mid,08/30/2005 8:55 AM,,,,,,,,0.0485,,,,,,,,,,,,,,,,,,KEARL LAKE,KEARL LAKE,,'---,µg/l,1847,AITF-EAS (ENVIRONMENTAL ANALYTICAL SERVICES),05SWE03024,05SWE03025,,08/30/2005 7:55 AM,Centre,DISCRETE SAMPLE (GRAB),,,,
Mid,08/23/2006 12:00 PM,,,,,,,,0.055,,,,,,,,,,,,,,,,,,KEARL LAKE,KEARL LAKE,,'---,µg/l,1847,AITF-EAS (ENVIRONMENTAL ANALYTICAL SERVICES),06SWE03220,06SWE01907,,08/23/2006 11:00 AM,Centre,DISCRETE SAMPLE (GRAB),,,,
Mid,09/14/2006 12:00 PM,,,,,,,,0.0761,,,,,,,,,,,,,,,,,,KEARL LAKE,KEARL LAKE,,'---,µg/l,1847,Alberta Research Council,104233,,0.000006,09/14/2006 11:00 AM,'---,,,,,
Mid,08/23/2007 9:45 AM,,,,,,,,0.0801,,,,,,,,,,,,,,,,,,KEARL LAKE,KEARL LAKE,,'---,µg/l,1847,AITF-EAS (ENVIRONMENTAL ANALYTICAL SERVICES),07SWE02704,07SWE02704,,08/23/2007 8:45 AM,Centre,SINGLE EUPHOTIC COMPOSITE,,,,
Mid,09/11/2007 12:00 PM,,,,,,,,0.0895,,,,,,,,,,,,,,,,,,KEARL LAKE,KEARL LAKE,,'---,µg/l,1847,Alberta Research Council,104230,,0.000006,09/11/2007 11:00 AM,'---,,,,,
Mid,09/05/2008 12:15 PM,,,,,,,,0.0722,,,,,,,,,,,,,,,,,,KEARL LAKE,KEARL LAKE,,'---,µg/l,1847,AITF-EAS (ENVIRONMENTAL ANALYTICAL SERVICES),08SWE03960,08SWE02165,,09/05/2008 11:15 AM,Centre,DISCRETE SAMPLE (GRAB),,,,
Mid,03/17/2009 9:25 AM,,,,,,,,0.581,,,,,,,,,,,,,,,,,,KEARL LAKE,KEARL LAKE,,'---,µg/l,1847,"ALBERTA RESEARCH COUNCIL, INORGANIC ANALYSIS LABORATORY",09SWE00382,09SWE00382-01,,03/17/2009 8:25 AM,Centre,DISCRETE SAMPLE (GRAB),,,,
Mid,08/17/2009 4:15 PM,,,,,,,,0.0291,,,,,,,,,,,,,,,,,,KEARL LAKE,KEARL LAKE,,'---,µg/l,1847,AITF-EAS (ENVIRONMENTAL ANALYTICAL SERVICES),09SWE00811,09SWE00715,,08/17/2009 3:15 PM,Centre,DISCRETE SAMPLE (GRAB),,,,
Mid,09/18/2009 12:00 PM,,,,,,,,0.0137,,,,,,,,,,,,,,,,,,KEARL LAKE,KEARL LAKE,,'---,µg/l,1847,Alberta Research Council,104227,,0.000006,09/18/2009 11:00 AM,'---,,,,,
Mid,08/31/2010 3:45 PM,,,,,,,,0.0409,,,,,,,,,,,,,,,,,,KEARL LAKE,KEARL LAKE,,'---,µg/l,1847,AITF-EAS (ENVIRONMENTAL ANALYTICAL SERVICES),10SWE01442,10SWE01443,0.1,08/31/2010 2:45 PM,Centre,DISCRETE SAMPLE (GRAB),,,,
Mid,09/01/2011 8:30 AM,,,,,,,,0.0354,,,,,,,,,,,,,,,,,,KEARL LAKE,KEARL LAKE,,'---,µg/l,1847,AITF-EAS (ENVIRONMENTAL ANALYTICAL SERVICES),11SWE06688,11SWE06689,0.1,09/01/2011 7:30 AM,Centre,DISCRETE SAMPLE (GRAB),,,,
Mid,09/10/2011 12:00 PM,,,,,,,,0.1,,,,,,,,,,,,,,,,,,KEARL LAKE,KEARL LAKE,,<,µg/l,1847,AITF-EAS (ENVIRONMENTAL ANALYTICAL SERVICES),106085,,0.0001,09/10/2011 11:00 AM,'---,,,,,
Mid,08/26/2012 3:45 PM,,,,,,,,0.0123,,,,,,,,,,,,,,,,,,KEARL LAKE,KEARL LAKE,,'---,µg/l,1847,AITF-EAS (ENVIRONMENTAL ANALYTICAL SERVICES),12SWE02081,12SWE02082,0.1,08/26/2012 2:45 PM,Centre,DISCRETE SAMPLE (GRAB),,,,
Mid,09/08/2012 12:00 PM,,,,,,,,0.1,,,,,,,,,,,,,,,,,,KEARL LAKE,KEARL LAKE,,'---,µg/l,1847,AITF-EAS (ENVIRONMENTAL ANALYTICAL SERVICES),106088,,0.0001,09/08/2012 11:00 AM,'---,,,,,
Mid,08/28/2013 1:10 PM,,,,,,,,0.0198,,,,,,,,,,,,,,,,,,KEARL LAKE,KEARL LAKE,,'---,µg/l,1847,AITF-EAS (ENVIRONMENTAL ANALYTICAL SERVICES),13SWE02340,13SWE02341,0.1,08/28/2013 12:10 PM,Centre,DISCRETE SAMPLE (GRAB),,,,
Mid,09/07/2013 12:00 PM,,,,,,,,0.1,,,,,,,,,,,,,,,,,,KEARL LAKE,KEARL LAKE,,'---,µg/l,1847,AITF-EAS (ENVIRONMENTAL ANALYTICAL SERVICES),106968,,0.0001,09/07/2013 11:00 AM,'---,,,,,
Mid,08/18/2014 4:00 PM,,,,,,,,0.008,,,,,,,,,,,,,,,,,,KEARL LAKE,KEARL LAKE,,'---,µg/l,1847,AITF-EAS (ENVIRONMENTAL ANALYTICAL SERVICES),14SWE02236,14SWE02237,0.003,08/18/2014 3:00 PM,Centre,SINGLE EUPHOTIC COMPOSITE,,,,
Mid,09/11/2014 12:00 PM,,,,,,,,0.014,,,,,,,,,,,,,,,,,,KEARL LAKE,KEARL LAKE,,'---,µg/l,1847,AITF-EAS (ENVIRONMENTAL ANALYTICAL SERVICES),107422,,0.000003,09/11/2014 11:00 AM,'---,,,,,
Mid,08/29/2015 7:30 AM,,,,,,,,0.03,,,,,,,,,,,,,,,,,,KEARL LAKE,KEARL LAKE,,'---,µg/l,1847,AITF-EAS (ENVIRONMENTAL ANALYTICAL SERVICES),15SWE05523,15SWE05524,0.003,08/29/2015 6:30 AM,Centre,DISCRETE SAMPLE (GRAB),,,,
Mid,03/15/2016 12:00 PM,,,,,,,,0.032,,,,,,,,,,,,,,,,,,KEARL LAKE,KEARL LAKE,,'---,µg/l,1847,AITF-EAS (ENVIRONMENTAL ANALYTICAL SERVICES),112630,,0.000003,03/15/2016 11:00 AM,'---,,,,,
Mid,07/19/2016 12:00 PM,,,,,,,,0.043,,,,,,,,,,,,,,,,,,KEARL LAKE,KEARL LAKE,,'---,µg/l,1847,AITF-EAS (ENVIRONMENTAL ANALYTICAL SERVICES),112429,,0.000003,07/19/2016 11:00 AM,'---,,,,,
Mid,08/26/2016 11:45 AM,,,,,,,,0.484,,,,,,,,,,,,,,,,,,KEARL LAKE,KEARL LAKE,,'---,µg/l,1847,AITF-EAS (ENVIRONMENTAL ANALYTICAL SERVICES),16SWE08263,16SWE08264,0.003,08/26/2016 10:45 AM,Centre,SINGLE EUPHOTIC COMPOSITE,,,,
Mid,09/20/2016 12:00 PM,,,,,,,,0.025,,,,,,,,,,,,,,,,,,KEARL LAKE,KEARL LAKE,,'---,µg/l,1847,AITF-EAS (ENVIRONMENTAL ANALYTICAL SERVICES),112237,,0.000003,09/20/2016 11:00 AM,'---,,,,,
Mid,03/13/2017 12:00 PM,,,,,,,,0.058,,,,,,,,,,,,,,,,,,KEARL LAKE,KEARL LAKE,,'---,µg/l,1847,AITF-EAS (ENVIRONMENTAL ANALYTICAL SERVICES),111802,,0.000003,03/13/2017 11:00 AM,'---,,,,,
Mid,08/25/2017 7:45 AM,,,,,,,,0.021,,,,,,,,,,,,,,,,,,KEARL LAKE,KEARL LAKE,,'---,µg/l,1847,AITF-EAS (ENVIRONMENTAL ANALYTICAL SERVICES),17SWE12773,17SWE12774,0.004,08/25/2017 6:45 AM,Centre,DISCRETE SAMPLE (GRAB),,,,
Mid,09/18/2020 10:40 AM,,,,,,,,0.005,,,,,,,,,,,,,,,,,,KEARL LAKE,KEARL LAKE,0.1,'---,µg/l,1847,AITF-EAS (ENVIRONMENTAL ANALYTICAL SERVICES),20SWE11038,20SWE11039,0.004,09/18/2020 9:40 AM,Centre,DISCRETE SAMPLE (GRAB),,,,
Mid,08/18/2021 3:15 PM,,,,,,,,0.062,,,,,,,,,,,,,,,,,,KEARL LAKE,KEARL LAKE,0.1,'---,µg/l,1847,AITF-EAS (ENVIRONMENTAL ANALYTICAL SERVICES),21SWE04621,21SWE04621-01,0.004,08/18/2021 2:15 PM,Centre,DISCRETE SAMPLE (GRAB),,,,
Mid,09/16/2022 7:20 AM,,,,,,,,0.041,,,,,,,,,,,,,,,,,,KEARL LAKE,KEARL LAKE,0.1,'---,µg/l,1847,AITF-EAS (ENVIRONMENTAL ANALYTICAL SERVICES),22SWE04634,22SWE04634-01,0.004,09/16/2022 6:20 AM,Centre,DISCRETE SAMPLE (GRAB),,,,
Mid,03/24/2003 12:00 PM,,,,,,,,,0.05,,,,,,,,,,,,,,,,,KEARL LAKE,KEARL LAKE,,<,µg/l,1849,Alberta Research Council,104242,NULL,0.00005,03/24/2003 12:00 PM,'---,,,,,
Mid,07/26/2004 12:00 PM,,,,,,,,,0.05,,,,,,,,,,,,,,,,,KEARL LAKE,KEARL LAKE,,<,µg/l,1849,Alberta Research Council,104239,,0.00005,07/26/2004 11:00 AM,'---,,,,,
Mid,07/22/2005 12:00 PM,,,,,,,,,0.05,,,,,,,,,,,,,,,,,KEARL LAKE,KEARL LAKE,,<,µg/l,1849,Alberta Research Council,104236,NULL,0.00005,07/22/2005 11:00 AM,'---,,,,,
Mid,09/14/2006 12:00 PM,,,,,,,,,0.05,,,,,,,,,,,,,,,,,KEARL LAKE,KEARL LAKE,,<,µg/l,1849,Alberta Research Council,104233,,0.00005,09/14/2006 11:00 AM,'---,,,,,
Mid,09/11/2007 12:00 PM,,,,,,,,,0.05,,,,,,,,,,,,,,,,,KEARL LAKE,KEARL LAKE,,<,µg/l,1849,Alberta Research Council,104230,,0.00005,09/11/2007 11:00 AM,'---,,,,,
Mid,09/18/2009 12:00 PM,,,,,,,,,0.05,,,,,,,,,,,,,,,,,KEARL LAKE,KEARL LAKE,,<,µg/l,1849,Alberta Research Council,104227,,0.00005,09/18/2009 11:00 AM,'---,,,,,
Mid,09/10/2011 12:00 PM,,,,,,,,,0.05,,,,,,,,,,,,,,,,,KEARL LAKE,KEARL LAKE,,<,µg/l,1849,AITF-EAS (ENVIRONMENTAL ANALYTICAL SERVICES),106085,,0.00005,09/10/2011 11:00 AM,'---,,,,,
Mid,09/08/2012 12:00 PM,,,,,,,,,0.05,,,,,,,,,,,,,,,,,KEARL LAKE,KEARL LAKE,,'---,µg/l,1849,AITF-EAS (ENVIRONMENTAL ANALYTICAL SERVICES),106088,,0.00005,09/08/2012 11:00 AM,'---,,,,,
Mid,09/07/2013 12:00 PM,,,,,,,,,0.05,,,,,,,,,,,,,,,,,KEARL LAKE,KEARL LAKE,,'---,µg/l,1849,AITF-EAS (ENVIRONMENTAL ANALYTICAL SERVICES),106968,,0.00005,09/07/2013 11:00 AM,'---,,,,,
Mid,09/11/2014 12:00 PM,,,,,,,,,0.009,,,,,,,,,,,,,,,,,KEARL LAKE,KEARL LAKE,,<,µg/l,1849,AITF-EAS (ENVIRONMENTAL ANALYTICAL SERVICES),107422,,0.000009,09/11/2014 11:00 AM,'---,,,,,
Mid,03/15/2016 12:00 PM,,,,,,,,,0.64,,,,,,,,,,,,,,,,,KEARL LAKE,KEARL LAKE,,'---,ng/L,3734,UNIVERSITY OF ALBERTA - BIOGEOCHEMICAL ANALYTICAL SERVICE LABORATORY,112630,,0.01,03/15/2016 11:00 AM,'---,,,,,
Mid,07/19/2016 12:00 PM,,,,,,,,,0.65,,,,,,,,,,,,,,,,,KEARL LAKE,KEARL LAKE,,'---,ng/L,3734,UNIVERSITY OF ALBERTA - BIOGEOCHEMICAL ANALYTICAL SERVICE LABORATORY,112429,,0.08,07/19/2016 11:00 AM,'---,,,,,
Mid,09/20/2016 12:00 PM,,,,,,,,,0.42,,,,,,,,,,,,,,,,,KEARL LAKE,KEARL LAKE,,'---,ng/L,3734,UNIVERSITY OF ALBERTA - BIOGEOCHEMICAL ANALYTICAL SERVICE LABORATORY,112237,,0.08,09/20/2016 11:00 AM,'---,,,,,
Mid,03/13/2017 12:00 PM,,,,,,,,,0.49,,,,,,,,,,,,,,,,,KEARL LAKE,KEARL LAKE,,'---,ng/L,3734,UNIVERSITY OF ALBERTA - BIOGEOCHEMICAL ANALYTICAL SERVICE LABORATORY,111802,,0.08,03/13/2017 11:00 AM,'---,,,,,
Mid,08/18/2021 3:15 PM,,,,,,,,,0.61,,,,,,,,,,,,,,,,,KEARL LAKE,KEARL LAKE,0.1,'---,ng/L,3734,UNIVERSITY OF ALBERTA - BIOGEOCHEMICAL ANALYTICAL SERVICE LABORATORY,21SWE04621,21SWE04621-01,0.08,08/18/2021 2:15 PM,Centre,DISCRETE SAMPLE (GRAB),,,,
Mid,03/24/2003 12:00 PM,,,,,,,,,,2.6,,,,,,,,,,,,,,,,KEARL LAKE,KEARL LAKE,,'---,ng/L,2858,Alberta Research Council,104242,NULL,1.2,03/24/2003 12:00 PM,'---,,,,,
Mid,07/26/2004 12:00 PM,,,,,,,,,,1.2,,,,,,,,,,,,,,,,KEARL LAKE,KEARL LAKE,,<,ng/L,2858,Alberta Research Council,104239,,1.2,07/26/2004 11:00 AM,'---,,,,,
Mid,07/22/2005 12:00 PM,,,,,,,,,,1.2,,,,,,,,,,,,,,,,KEARL LAKE,KEARL LAKE,,<,ng/L,2858,Alberta Research Council,104236,NULL,1.2,07/22/2005 11:00 AM,'---,,,,,
Mid,09/14/2006 12:00 PM,,,,,,,,,,1.2,,,,,,,,,,,,,,,,KEARL LAKE,KEARL LAKE,,<,ng/L,2858,Alberta Research Council,104233,,1.2,09/14/2006 11:00 AM,'---,,,,,
Mid,09/11/2007 12:00 PM,,,,,,,,,,1.2,,,,,,,,,,,,,,,,KEARL LAKE,KEARL LAKE,,<,ng/L,2858,Alberta Research Council,104230,,1.2,09/11/2007 11:00 AM,'---,,,,,
Mid,09/18/2009 12:00 PM,,,,,,,,,,1.3,,,,,,,,,,,,,,,,KEARL LAKE,KEARL LAKE,,'---,ng/L,2858,Alberta Research Council,104227,,1.2,09/18/2009 11:00 AM,'---,,,,,
Mid,09/10/2011 12:00 PM,,,,,,,,,,0.6,,,,,,,,,,,,,,,,KEARL LAKE,KEARL LAKE,,'---,ng/L,2858,AITF-EAS (ENVIRONMENTAL ANALYTICAL SERVICES),106085,,0.6,09/10/2011 11:00 AM,'---,,,,,
Mid,09/08/2012 12:00 PM,,,,,,,,,,1,,,,,,,,,,,,,,,,KEARL LAKE,KEARL LAKE,,'---,ng/L,2858,AITF-EAS (ENVIRONMENTAL ANALYTICAL SERVICES),106088,,0.6,09/08/2012 11:00 AM,'---,,,,,
Mid,03/24/2003 12:00 PM,,,,,,,,,,0.05,,,,,,,,,,,,,,,,KEARL LAKE,KEARL LAKE,,<,µg/l,1847,Alberta Research Council,104242,NULL,0.00005,03/24/2003 12:00 PM,'---,,,,,
Mid,07/26/2004 12:00 PM,,,,,,,,,,0.05,,,,,,,,,,,,,,,,KEARL LAKE,KEARL LAKE,,<,µg/l,1847,Alberta Research Council,104239,,0.00005,07/26/2004 11:00 AM,'---,,,,,
Mid,07/22/2005 12:00 PM,,,,,,,,,,0.05,,,,,,,,,,,,,,,,KEARL LAKE,KEARL LAKE,,<,µg/l,1847,Alberta Research Council,104236,NULL,0.00005,07/22/2005 11:00 AM,'---,,,,,
Mid,09/14/2006 12:00 PM,,,,,,,,,,0.05,,,,,,,,,,,,,,,,KEARL LAKE,KEARL LAKE,,<,µg/l,1847,Alberta Research Council,104233,,0.00005,09/14/2006 11:00 AM,'---,,,,,
Mid,09/11/2007 12:00 PM,,,,,,,,,,0.05,,,,,,,,,,,,,,,,KEARL LAKE,KEARL LAKE,,<,µg/l,1847,Alberta Research Council,104230,,0.00005,09/11/2007 11:00 AM,'---,,,,,
Mid,09/18/2009 12:00 PM,,,,,,,,,,0.05,,,,,,,,,,,,,,,,KEARL LAKE,KEARL LAKE,,<,µg/l,1847,Alberta Research Council,104227,,0.00005,09/18/2009 11:00 AM,'---,,,,,
Mid,09/10/2011 12:00 PM,,,,,,,,,,0.05,,,,,,,,,,,,,,,,KEARL LAKE,KEARL LAKE,,<,µg/l,1847,AITF-EAS (ENVIRONMENTAL ANALYTICAL SERVICES),106085,,0.00005,09/10/2011 11:00 AM,'---,,,,,
Mid,09/08/2012 12:00 PM,,,,,,,,,,0.05,,,,,,,,,,,,,,,,KEARL LAKE,KEARL LAKE,,'---,µg/l,1847,AITF-EAS (ENVIRONMENTAL ANALYTICAL SERVICES),106088,,0.00005,09/08/2012 11:00 AM,'---,,,,,
Mid,09/07/2013 12:00 PM,,,,,,,,,,0.05,,,,,,,,,,,,,,,,KEARL LAKE,KEARL LAKE,,'---,µg/l,1847,AITF-EAS (ENVIRONMENTAL ANALYTICAL SERVICES),106968,,0.00005,09/07/2013 11:00 AM,'---,,,,,
Mid,09/11/2014 12:00 PM,,,,,,,,,,0.008,,,,,,,,,,,,,,,,KEARL LAKE,KEARL LAKE,,<,µg/l,1847,AITF-EAS (ENVIRONMENTAL ANALYTICAL SERVICES),107422,,0.000008,09/11/2014 11:00 AM,'---,,,,,
Mid,03/17/2009 9:25 AM,,,,,,,,,,1.42,,,,,,,,,,,,,,,,KEARL LAKE,KEARL LAKE,,'---,ng/L,1872,"ALBERTA RESEARCH COUNCIL, INORGANIC ANALYSIS LABORATORY",09SWE00382,09SWE00382-01,,03/17/2009 8:25 AM,Centre,DISCRETE SAMPLE (GRAB),,,,
Mid,08/17/2009 4:15 PM,,,,,,,,,,1.22,,,,,,,,,,,,,,,,KEARL LAKE,KEARL LAKE,,'---,ng/L,1872,AITF-EAS (ENVIRONMENTAL ANALYTICAL SERVICES),09SWE00811,09SWE00715,,08/17/2009 3:15 PM,Centre,DISCRETE SAMPLE (GRAB),,,,
Mid,08/31/2010 3:45 PM,,,,,,,,,,0.08,,,,,,,,,,,,,,,,KEARL LAKE,KEARL LAKE,,'---,ng/L,1872,AITF-EAS (ENVIRONMENTAL ANALYTICAL SERVICES),10SWE01442,10SWE01443,0.03,08/31/2010 2:45 PM,Centre,DISCRETE SAMPLE (GRAB),,,,
Mid,09/01/2011 8:30 AM,,,,,,,,,,0.71,,,,,,,,,,,,,,,,KEARL LAKE,KEARL LAKE,,'---,ng/L,1872,AITF-EAS (ENVIRONMENTAL ANALYTICAL SERVICES),11SWE06688,11SWE06689,0.04,09/01/2011 7:30 AM,Centre,DISCRETE SAMPLE (GRAB),,,,
Mid,08/26/2012 3:45 PM,,,,,,,,,,0.768,,,,,,,,,,,,,,,,KEARL LAKE,KEARL LAKE,,'---,ng/L,1872,AITF-EAS (ENVIRONMENTAL ANALYTICAL SERVICES),12SWE02081,12SWE02082,0.035,08/26/2012 2:45 PM,Centre,DISCRETE SAMPLE (GRAB),,,,
Mid,08/28/2013 1:10 PM,,,,,,,,,,1.1,,,,,,,,,,,,,,,,KEARL LAKE,KEARL LAKE,,'---,ng/L,1872,AITF-EAS (ENVIRONMENTAL ANALYTICAL SERVICES),13SWE02340,13SWE02341,0.08,08/28/2013 12:10 PM,Centre,DISCRETE SAMPLE (GRAB),,,,
Mid,09/07/2013 12:00 PM,,,,,,,,,,0.88,,,,,,,,,,,,,,,,KEARL LAKE,KEARL LAKE,,'---,ng/L,1872,AITF-EAS (ENVIRONMENTAL ANALYTICAL SERVICES),106968,,0.08,09/07/2013 11:00 AM,'---,,,,,
Mid,08/18/2014 4:00 PM,,,,,,,,,,1.02,,,,,,,,,,,,,,,,KEARL LAKE,KEARL LAKE,,'---,ng/L,1872,AITF-EAS (ENVIRONMENTAL ANALYTICAL SERVICES),14SWE02236,14SWE02237,0.08,08/18/2014 3:00 PM,Centre,SINGLE EUPHOTIC COMPOSITE,,,,
Mid,09/11/2014 12:00 PM,,,,,,,,,,0.74,,,,,,,,,,,,,,,,KEARL LAKE,KEARL LAKE,,'---,ng/L,1872,AITF-EAS (ENVIRONMENTAL ANALYTICAL SERVICES),107422,,0.08,09/11/2014 11:00 AM,'---,,,,,
Mid,08/29/2015 7:30 AM,,,,,,,,,,0.74,,,,,,,,,,,,,,,,KEARL LAKE,KEARL LAKE,,'---,ng/L,1872,AITF-EAS (ENVIRONMENTAL ANALYTICAL SERVICES),15SWE05523,15SWE05524,0.08,08/29/2015 6:30 AM,Centre,DISCRETE SAMPLE (GRAB),,,,
Mid,08/29/2015 7:30 AM,,,,,,,,,,0.63,,,,,,,,,,,,,,,,KEARL LAKE,KEARL LAKE,,'---,ng/L,3737,UNIVERSITY OF ALBERTA - BIOGEOCHEMICAL ANALYTICAL SERVICE LABORATORY,15SWE05523,15SWE07338,0.06,08/29/2015 6:30 AM,Centre,REPLICATE SAMPLE,,,,
Mid,03/15/2016 12:00 PM,,,,,,,,,,0.95,,,,,,,,,,,,,,,,KEARL LAKE,KEARL LAKE,,'---,ng/L,3737,UNIVERSITY OF ALBERTA - BIOGEOCHEMICAL ANALYTICAL SERVICE LABORATORY,112630,,0.06,03/15/2016 11:00 AM,'---,,,,,
Mid,07/19/2016 12:00 PM,,,,,,,,,,0.73,,,,,,,,,,,,,,,,KEARL LAKE,KEARL LAKE,,'---,ng/L,3737,UNIVERSITY OF ALBERTA - BIOGEOCHEMICAL ANALYTICAL SERVICE LABORATORY,112429,,0.06,07/19/2016 11:00 AM,'---,,,,,
Mid,08/26/2016 11:45 AM,,,,,,,,,,0.78,,,,,,,,,,,,,,,,KEARL LAKE,KEARL LAKE,,'---,ng/L,3737,UNIVERSITY OF ALBERTA - BIOGEOCHEMICAL ANALYTICAL SERVICE LABORATORY,16SWE08263,16SWE08264,0.06,08/26/2016 10:45 AM,Centre,SINGLE EUPHOTIC COMPOSITE,,,,
Mid,09/20/2016 12:00 PM,,,,,,,,,,0.57,,,,,,,,,,,,,,,,KEARL LAKE,KEARL LAKE,,'---,ng/L,3737,UNIVERSITY OF ALBERTA - BIOGEOCHEMICAL ANALYTICAL SERVICE LABORATORY,112237,,0.06,09/20/2016 11:00 AM,'---,,,,,
Mid,03/13/2017 12:00 PM,,,,,,,,,,1.16,,,,,,,,,,,,,,,,KEARL LAKE,KEARL LAKE,,'---,ng/L,3737,UNIVERSITY OF ALBERTA - BIOGEOCHEMICAL ANALYTICAL SERVICE LABORATORY,111802,,0.06,03/13/2017 11:00 AM,'---,,,,,
Mid,08/25/2017 7:45 AM,,,,,,,,,,0.71,,,,,,,,,,,,,,,,KEARL LAKE,KEARL LAKE,,'---,ng/L,3737,UNIVERSITY OF ALBERTA - BIOGEOCHEMICAL ANALYTICAL SERVICE LABORATORY,17SWE12773,17SWE12774,0.06,08/25/2017 6:45 AM,Centre,DISCRETE SAMPLE (GRAB),,,,
Mid,08/18/2021 3:15 PM,,,,,,,,,,1,,,,,,,,,,,,,,,,KEARL LAKE,KEARL LAKE,0.1,'---,ng/L,3737,UNIVERSITY OF ALBERTA - BIOGEOCHEMICAL ANALYTICAL SERVICE LABORATORY,21SWE04621,21SWE04621-01,0.06,08/18/2021 2:15 PM,Centre,DISCRETE SAMPLE (GRAB),,,,
Mid,08/28/2013 1:10 PM,,,,,,,,,,,0.064,,,,,,,,,,,,,,,KEARL LAKE,KEARL LAKE,,'---,ng/L,3735,UNIVERSITY OF ALBERTA - BIOGEOCHEMICAL ANALYTICAL SERVICE LABORATORY,13SWE02340,13SWE02341,0.016,08/28/2013 12:10 PM,Centre,DISCRETE SAMPLE (GRAB),,,,
Mid,08/18/2014 4:00 PM,,,,,,,,,,,0.083,,,,,,,,,,,,,,,KEARL LAKE,KEARL LAKE,,'---,ng/L,3735,UNIVERSITY OF ALBERTA - BIOGEOCHEMICAL ANALYTICAL SERVICE LABORATORY,14SWE02236,14SWE02237,0.016,08/18/2014 3:00 PM,Centre,SINGLE EUPHOTIC COMPOSITE,,,,
Mid,08/29/2015 7:30 AM,,,,,,,,,,,0.024,,,,,,,,,,,,,,,KEARL LAKE,KEARL LAKE,,'---,ng/L,3735,UNIVERSITY OF ALBERTA - BIOGEOCHEMICAL ANALYTICAL SERVICE LABORATORY,15SWE05523,15SWE05524,0.01,08/29/2015 6:30 AM,Centre,DISCRETE SAMPLE (GRAB),,,,
Mid,03/15/2016 12:00 PM,,,,,,,,,,,0.378,,,,,,,,,,,,,,,KEARL LAKE,KEARL LAKE,,'---,ng/L,3735,UNIVERSITY OF ALBERTA - BIOGEOCHEMICAL ANALYTICAL SERVICE LABORATORY,112630,,0.01,03/15/2016 11:00 AM,'---,,,,,
Mid,07/19/2016 12:00 PM,,,,,,,,,,,0.04,,,,,,,,,,,,,,,KEARL LAKE,KEARL LAKE,,'---,ng/L,3735,UNIVERSITY OF ALBERTA - BIOGEOCHEMICAL ANALYTICAL SERVICE LABORATORY,112429,,0.01,07/19/2016 11:00 AM,'---,,,,,
Mid,08/26/2016 11:45 AM,,,,,,,,,,,0.031,,,,,,,,,,,,,,,KEARL LAKE,KEARL LAKE,,'---,ng/L,3735,UNIVERSITY OF ALBERTA - BIOGEOCHEMICAL ANALYTICAL SERVICE LABORATORY,16SWE08263,16SWE08264,0.01,08/26/2016 10:45 AM,Centre,SINGLE EUPHOTIC COMPOSITE,,,,
Mid,09/20/2016 12:00 PM,,,,,,,,,,,0.021,,,,,,,,,,,,,,,KEARL LAKE,KEARL LAKE,,'---,ng/L,3735,UNIVERSITY OF ALBERTA - BIOGEOCHEMICAL ANALYTICAL SERVICE LABORATORY,112237,,0.01,09/20/2016 11:00 AM,'---,,,,,
Mid,03/13/2017 12:00 PM,,,,,,,,,,,0.2,,,,,,,,,,,,,,,KEARL LAKE,KEARL LAKE,,'---,ng/L,3735,UNIVERSITY OF ALBERTA - BIOGEOCHEMICAL ANALYTICAL SERVICE LABORATORY,111802,,0.01,03/13/2017 11:00 AM,'---,,,,,
Mid,08/25/2017 7:45 AM,,,,,,,,,,,0.03,,,,,,,,,,,,,,,KEARL LAKE,KEARL LAKE,,'---,ng/L,3735,UNIVERSITY OF ALBERTA - BIOGEOCHEMICAL ANALYTICAL SERVICE LABORATORY,17SWE12773,17SWE12774,0.01,08/25/2017 6:45 AM,Centre,DISCRETE SAMPLE (GRAB),,,,
Mid,08/18/2021 3:15 PM,,,,,,,,,,,0.075,,,,,,,,,,,,,,,KEARL LAKE,KEARL LAKE,0.1,'---,ng/L,3735,UNIVERSITY OF ALBERTA - BIOGEOCHEMICAL ANALYTICAL SERVICE LABORATORY,21SWE04621,21SWE04621-01,0.01,08/18/2021 2:15 PM,Centre,DISCRETE SAMPLE (GRAB),,,,
Mid,03/24/2003 12:00 PM,,,,,,,,,,,,0.5,,,,,,,,,,,,,,KEARL LAKE,KEARL LAKE,,'---,µg/l,1849,Alberta Research Council,104242,NULL,0.00006,03/24/2003 12:00 PM,'---,,,,,
Mid,07/26/2004 12:00 PM,,,,,,,,,,,,0.178,,,,,,,,,,,,,,KEARL LAKE,KEARL LAKE,,'---,µg/l,1849,Alberta Research Council,104239,,0.00006,07/26/2004 11:00 AM,'---,,,,,
Mid,08/24/2004 3:05 PM,,,,,,,,,,,,0.02,,,,,,,,,,,,,,KEARL LAKE,KEARL LAKE,,'---,µg/l,1849,AITF-EAS (ENVIRONMENTAL ANALYTICAL SERVICES),04SWE02174,04SWE02174,,08/24/2004 2:05 PM,Centre,SINGLE EUPHOTIC COMPOSITE,,,,
Mid,07/22/2005 12:00 PM,,,,,,,,,,,,0.06,,,,,,,,,,,,,,KEARL LAKE,KEARL LAKE,,<,µg/l,1849,Alberta Research Council,104236,NULL,0.00006,07/22/2005 11:00 AM,'---,,,,,
Mid,09/14/2006 12:00 PM,,,,,,,,,,,,0.06,,,,,,,,,,,,,,KEARL LAKE,KEARL LAKE,,<,µg/l,1849,Alberta Research Council,104233,,0.00006,09/14/2006 11:00 AM,'---,,,,,
Mid,08/23/2007 9:45 AM,,,,,,,,,,,,0.0158,,,,,,,,,,,,,,KEARL LAKE,KEARL LAKE,,'---,µg/l,1849,AITF-EAS (ENVIRONMENTAL ANALYTICAL SERVICES),07SWE02704,07SWE02704,,08/23/2007 8:45 AM,Centre,SINGLE EUPHOTIC COMPOSITE,,,,
Mid,09/11/2007 12:00 PM,,,,,,,,,,,,0.073,,,,,,,,,,,,,,KEARL LAKE,KEARL LAKE,,'---,µg/l,1849,Alberta Research Council,104230,,0.00006,09/11/2007 11:00 AM,'---,,,,,
Mid,09/05/2008 12:15 PM,,,,,,,,,,,,0.005,,,,,,,,,,,,,,KEARL LAKE,KEARL LAKE,,'---,µg/l,1849,AITF-EAS (ENVIRONMENTAL ANALYTICAL SERVICES),08SWE03960,08SWE02165,,09/05/2008 11:15 AM,Centre,DISCRETE SAMPLE (GRAB),,,,
Mid,03/17/2009 9:25 AM,,,,,,,,,,,,0.047,,,,,,,,,,,,,,KEARL LAKE,KEARL LAKE,,'---,µg/l,1849,"ALBERTA RESEARCH COUNCIL, INORGANIC ANALYSIS LABORATORY",09SWE00382,09SWE00382-01,,03/17/2009 8:25 AM,Centre,DISCRETE SAMPLE (GRAB),,,,
Mid,08/17/2009 4:15 PM,,,,,,,,,,,,0.151,,,,,,,,,,,,,,KEARL LAKE,KEARL LAKE,,'---,µg/l,1849,AITF-EAS (ENVIRONMENTAL ANALYTICAL SERVICES),09SWE00811,09SWE00715,,08/17/2009 3:15 PM,Centre,DISCRETE SAMPLE (GRAB),,,,
Mid,09/18/2009 12:00 PM,,,,,,,,,,,,0.167,,,,,,,,,,,,,,KEARL LAKE,KEARL LAKE,,'---,µg/l,1849,Alberta Research Council,104227,,0.00006,09/18/2009 11:00 AM,'---,,,,,
Mid,08/31/2010 3:45 PM,,,,,,,,,,,,0.012,,,,,,,,,,,,,,KEARL LAKE,KEARL LAKE,,'---,µg/l,1849,AITF-EAS (ENVIRONMENTAL ANALYTICAL SERVICES),10SWE01442,10SWE01443,0.1,08/31/2010 2:45 PM,Centre,DISCRETE SAMPLE (GRAB),,,,
Mid,09/01/2011 8:30 AM,,,,,,,,,,,,0.0633,,,,,,,,,,,,,,KEARL LAKE,KEARL LAKE,,'---,µg/l,1849,AITF-EAS (ENVIRONMENTAL ANALYTICAL SERVICES),11SWE06688,11SWE06689,0.1,09/01/2011 7:30 AM,Centre,DISCRETE SAMPLE (GRAB),,,,
Mid,09/10/2011 12:00 PM,,,,,,,,,,,,0.1,,,,,,,,,,,,,,KEARL LAKE,KEARL LAKE,,<,µg/l,1849,AITF-EAS (ENVIRONMENTAL ANALYTICAL SERVICES),106085,,0.0001,09/10/2011 11:00 AM,'---,,,,,
Mid,08/26/2012 3:45 PM,,,,,,,,,,,,0.005,,,,,,,,,,,,,,KEARL LAKE,KEARL LAKE,,'---,µg/l,1849,AITF-EAS (ENVIRONMENTAL ANALYTICAL SERVICES),12SWE02081,12SWE02082,0.1,08/26/2012 2:45 PM,Centre,DISCRETE SAMPLE (GRAB),,,,
Mid,09/08/2012 12:00 PM,,,,,,,,,,,,0.1,,,,,,,,,,,,,,KEARL LAKE,KEARL LAKE,,'---,µg/l,1849,AITF-EAS (ENVIRONMENTAL ANALYTICAL SERVICES),106088,,0.0001,09/08/2012 11:00 AM,'---,,,,,
Mid,08/28/2013 1:10 PM,,,,,,,,,,,,0.124,,,,,,,,,,,,,,KEARL LAKE,KEARL LAKE,,'---,µg/l,1849,AITF-EAS (ENVIRONMENTAL ANALYTICAL SERVICES),13SWE02340,13SWE02341,0.1,08/28/2013 12:10 PM,Centre,DISCRETE SAMPLE (GRAB),,,,
Mid,09/07/2013 12:00 PM,,,,,,,,,,,,0.244,,,,,,,,,,,,,,KEARL LAKE,KEARL LAKE,,'---,µg/l,1849,AITF-EAS (ENVIRONMENTAL ANALYTICAL SERVICES),106968,,0.0001,09/07/2013 11:00 AM,'---,,,,,
Mid,08/18/2014 4:00 PM,,,,,,,,,,,,0.006,,,,,,,,,,,,,,KEARL LAKE,KEARL LAKE,,'---,µg/l,1849,AITF-EAS (ENVIRONMENTAL ANALYTICAL SERVICES),14SWE02236,14SWE02237,0.006,08/18/2014 3:00 PM,Centre,SINGLE EUPHOTIC COMPOSITE,,,,
Mid,09/11/2014 12:00 PM,,,,,,,,,,,,0.023,,,,,,,,,,,,,,KEARL LAKE,KEARL LAKE,,'---,µg/l,1849,AITF-EAS (ENVIRONMENTAL ANALYTICAL SERVICES),107422,,0.000006,09/11/2014 11:00 AM,'---,,,,,
Mid,08/29/2015 7:30 AM,,,,,,,,,,,,0.006,,,,,,,,,,,,,,KEARL LAKE,KEARL LAKE,,'---,µg/l,1849,AITF-EAS (ENVIRONMENTAL ANALYTICAL SERVICES),15SWE05523,15SWE05524,0.006,08/29/2015 6:30 AM,Centre,DISCRETE SAMPLE (GRAB),,,,
Mid,03/15/2016 12:00 PM,,,,,,,,,,,,0.362,,,,,,,,,,,,,,KEARL LAKE,KEARL LAKE,,'---,µg/l,1849,AITF-EAS (ENVIRONMENTAL ANALYTICAL SERVICES),112630,,0.000006,03/15/2016 11:00 AM,'---,,,,,
Mid,07/19/2016 12:00 PM,,,,,,,,,,,,0.196,,,,,,,,,,,,,,KEARL LAKE,KEARL LAKE,,'---,µg/l,1849,AITF-EAS (ENVIRONMENTAL ANALYTICAL SERVICES),112429,,0.000006,07/19/2016 11:00 AM,'---,,,,,
Mid,08/26/2016 11:45 AM,,,,,,,,,,,,0.006,,,,,,,,,,,,,,KEARL LAKE,KEARL LAKE,,'---,µg/l,1849,AITF-EAS (ENVIRONMENTAL ANALYTICAL SERVICES),16SWE08263,16SWE08264,0.006,08/26/2016 10:45 AM,Centre,SINGLE EUPHOTIC COMPOSITE,,,,
Mid,09/20/2016 12:00 PM,,,,,,,,,,,,0.006,,,,,,,,,,,,,,KEARL LAKE,KEARL LAKE,,<,µg/l,1849,AITF-EAS (ENVIRONMENTAL ANALYTICAL SERVICES),112237,,0.000006,09/20/2016 11:00 AM,'---,,,,,
Mid,03/13/2017 12:00 PM,,,,,,,,,,,,0.17,,,,,,,,,,,,,,KEARL LAKE,KEARL LAKE,,'---,µg/l,1849,AITF-EAS (ENVIRONMENTAL ANALYTICAL SERVICES),111802,,0.000006,03/13/2017 11:00 AM,'---,,,,,
Mid,08/25/2017 7:45 AM,,,,,,,,,,,,0.12,,,,,,,,,,,,,,KEARL LAKE,KEARL LAKE,,'---,µg/l,1849,AITF-EAS (ENVIRONMENTAL ANALYTICAL SERVICES),17SWE12773,17SWE12774,0.03,08/25/2017 6:45 AM,Centre,DISCRETE SAMPLE (GRAB),,,,
Mid,09/18/2020 10:40 AM,,,,,,,,,,,,0.23,,,,,,,,,,,,,,KEARL LAKE,KEARL LAKE,0.1,'---,µg/l,1849,AITF-EAS (ENVIRONMENTAL ANALYTICAL SERVICES),20SWE11038,20SWE11039,0.03,09/18/2020 9:40 AM,Centre,DISCRETE SAMPLE (GRAB),,,,
Mid,08/18/2021 3:15 PM,,,,,,,,,,,,0.27,,,,,,,,,,,,,,KEARL LAKE,KEARL LAKE,0.1,'---,µg/l,1849,AITF-EAS (ENVIRONMENTAL ANALYTICAL SERVICES),21SWE04621,21SWE04621-01,0.03,08/18/2021 2:15 PM,Centre,DISCRETE SAMPLE (GRAB),,,,
Mid,09/16/2022 7:20 AM,,,,,,,,,,,,0.33,,,,,,,,,,,,,,KEARL LAKE,KEARL LAKE,0.1,'---,µg/l,1849,AITF-EAS (ENVIRONMENTAL ANALYTICAL SERVICES),22SWE04634,22SWE04634-01,0.03,09/16/2022 6:20 AM,Centre,DISCRETE SAMPLE (GRAB),,,,
Mid,03/24/2003 12:00 PM,,,,,,,,,,,,,1,,,,,,,,,,,,,KEARL LAKE,KEARL LAKE,,'---,µg/l,1847,Alberta Research Council,104242,NULL,0.00006,03/24/2003 12:00 PM,'---,,,,,
Mid,07/26/2004 12:00 PM,,,,,,,,,,,,,0.183,,,,,,,,,,,,,KEARL LAKE,KEARL LAKE,,'---,µg/l,1847,Alberta Research Council,104239,,0.00006,07/26/2004 11:00 AM,'---,,,,,
Mid,08/24/2004 3:05 PM,,,,,,,,,,,,,0.06,,,,,,,,,,,,,KEARL LAKE,KEARL LAKE,,'---,µg/l,1847,AITF-EAS (ENVIRONMENTAL ANALYTICAL SERVICES),04SWE02174,04SWE02174,,08/24/2004 2:05 PM,Centre,SINGLE EUPHOTIC COMPOSITE,,,,
Mid,07/22/2005 12:00 PM,,,,,,,,,,,,,0.0751,,,,,,,,,,,,,KEARL LAKE,KEARL LAKE,,'---,µg/l,1847,Alberta Research Council,104236,NULL,0.00006,07/22/2005 11:00 AM,'---,,,,,
Mid,08/30/2005 8:55 AM,,,,,,,,,,,,,0.26,,,,,,,,,,,,,KEARL LAKE,KEARL LAKE,,'---,µg/l,1847,AITF-EAS (ENVIRONMENTAL ANALYTICAL SERVICES),05SWE03024,05SWE03025,,08/30/2005 7:55 AM,Centre,DISCRETE SAMPLE (GRAB),,,,
Mid,08/23/2006 12:00 PM,,,,,,,,,,,,,0.106,,,,,,,,,,,,,KEARL LAKE,KEARL LAKE,,'---,µg/l,1847,AITF-EAS (ENVIRONMENTAL ANALYTICAL SERVICES),06SWE03220,06SWE01907,,08/23/2006 11:00 AM,Centre,DISCRETE SAMPLE (GRAB),,,,
Mid,09/14/2006 12:00 PM,,,,,,,,,,,,,0.172,,,,,,,,,,,,,KEARL LAKE,KEARL LAKE,,'---,µg/l,1847,Alberta Research Council,104233,,0.00006,09/14/2006 11:00 AM,'---,,,,,
Mid,08/23/2007 9:45 AM,,,,,,,,,,,,,0.095,,,,,,,,,,,,,KEARL LAKE,KEARL LAKE,,'---,µg/l,1847,AITF-EAS (ENVIRONMENTAL ANALYTICAL SERVICES),07SWE02704,07SWE02704,,08/23/2007 8:45 AM,Centre,SINGLE EUPHOTIC COMPOSITE,,,,
Mid,09/11/2007 12:00 PM,,,,,,,,,,,,,0.074,,,,,,,,,,,,,KEARL LAKE,KEARL LAKE,,'---,µg/l,1847,Alberta Research Council,104230,,0.00006,09/11/2007 11:00 AM,'---,,,,,
Mid,09/05/2008 12:15 PM,,,,,,,,,,,,,0.0345,,,,,,,,,,,,,KEARL LAKE,KEARL LAKE,,'---,µg/l,1847,AITF-EAS (ENVIRONMENTAL ANALYTICAL SERVICES),08SWE03960,08SWE02165,,09/05/2008 11:15 AM,Centre,DISCRETE SAMPLE (GRAB),,,,
Mid,03/17/2009 9:25 AM,,,,,,,,,,,,,0.048,,,,,,,,,,,,,KEARL LAKE,KEARL LAKE,,'---,µg/l,1847,"ALBERTA RESEARCH COUNCIL, INORGANIC ANALYSIS LABORATORY",09SWE00382,09SWE00382-01,,03/17/2009 8:25 AM,Centre,DISCRETE SAMPLE (GRAB),,,,
Mid,08/17/2009 4:15 PM,,,,,,,,,,,,,0.153,,,,,,,,,,,,,KEARL LAKE,KEARL LAKE,,'---,µg/l,1847,AITF-EAS (ENVIRONMENTAL ANALYTICAL SERVICES),09SWE00811,09SWE00715,,08/17/2009 3:15 PM,Centre,DISCRETE SAMPLE (GRAB),,,,
Mid,09/18/2009 12:00 PM,,,,,,,,,,,,,0.169,,,,,,,,,,,,,KEARL LAKE,KEARL LAKE,,'---,µg/l,1847,Alberta Research Council,104227,,0.00006,09/18/2009 11:00 AM,'---,,,,,
Mid,08/31/2010 3:45 PM,,,,,,,,,,,,,0.0121,,,,,,,,,,,,,KEARL LAKE,KEARL LAKE,,'---,µg/l,1847,AITF-EAS (ENVIRONMENTAL ANALYTICAL SERVICES),10SWE01442,10SWE01443,0.1,08/31/2010 2:45 PM,Centre,DISCRETE SAMPLE (GRAB),,,,
Mid,09/01/2011 8:30 AM,,,,,,,,,,,,,0.0751,,,,,,,,,,,,,KEARL LAKE,KEARL LAKE,,'---,µg/l,1847,AITF-EAS (ENVIRONMENTAL ANALYTICAL SERVICES),11SWE06688,11SWE06689,0.1,09/01/2011 7:30 AM,Centre,DISCRETE SAMPLE (GRAB),,,,
Mid,09/10/2011 12:00 PM,,,,,,,,,,,,,0.1,,,,,,,,,,,,,KEARL LAKE,KEARL LAKE,,<,µg/l,1847,AITF-EAS (ENVIRONMENTAL ANALYTICAL SERVICES),106085,,0.0001,09/10/2011 11:00 AM,'---,,,,,
Mid,08/26/2012 3:45 PM,,,,,,,,,,,,,0.005,,,,,,,,,,,,,KEARL LAKE,KEARL LAKE,,'---,µg/l,1847,AITF-EAS (ENVIRONMENTAL ANALYTICAL SERVICES),12SWE02081,12SWE02082,0.1,08/26/2012 2:45 PM,Centre,DISCRETE SAMPLE (GRAB),,,,
Mid,09/08/2012 12:00 PM,,,,,,,,,,,,,0.1,,,,,,,,,,,,,KEARL LAKE,KEARL LAKE,,'---,µg/l,1847,AITF-EAS (ENVIRONMENTAL ANALYTICAL SERVICES),106088,,0.0001,09/08/2012 11:00 AM,'---,,,,,
Mid,08/28/2013 1:10 PM,,,,,,,,,,,,,0.125,,,,,,,,,,,,,KEARL LAKE,KEARL LAKE,,'---,µg/l,1847,AITF-EAS (ENVIRONMENTAL ANALYTICAL SERVICES),13SWE02340,13SWE02341,0.1,08/28/2013 12:10 PM,Centre,DISCRETE SAMPLE (GRAB),,,,
Mid,09/07/2013 12:00 PM,,,,,,,,,,,,,0.278,,,,,,,,,,,,,KEARL LAKE,KEARL LAKE,,'---,µg/l,1847,AITF-EAS (ENVIRONMENTAL ANALYTICAL SERVICES),106968,,0.0001,09/07/2013 11:00 AM,'---,,,,,
Mid,08/18/2014 4:00 PM,,,,,,,,,,,,,0.008,,,,,,,,,,,,,KEARL LAKE,KEARL LAKE,,'---,µg/l,1847,AITF-EAS (ENVIRONMENTAL ANALYTICAL SERVICES),14SWE02236,14SWE02237,0.008,08/18/2014 3:00 PM,Centre,SINGLE EUPHOTIC COMPOSITE,,,,
Mid,09/11/2014 12:00 PM,,,,,,,,,,,,,0.024,,,,,,,,,,,,,KEARL LAKE,KEARL LAKE,,'---,µg/l,1847,AITF-EAS (ENVIRONMENTAL ANALYTICAL SERVICES),107422,,0.000008,09/11/2014 11:00 AM,'---,,,,,
Mid,08/29/2015 7:30 AM,,,,,,,,,,,,,0.008,,,,,,,,,,,,,KEARL LAKE,KEARL LAKE,,'---,µg/l,1847,AITF-EAS (ENVIRONMENTAL ANALYTICAL SERVICES),15SWE05523,15SWE05524,0.008,08/29/2015 6:30 AM,Centre,DISCRETE SAMPLE (GRAB),,,,
Mid,03/15/2016 12:00 PM,,,,,,,,,,,,,0.472,,,,,,,,,,,,,KEARL LAKE,KEARL LAKE,,'---,µg/l,1847,AITF-EAS (ENVIRONMENTAL ANALYTICAL SERVICES),112630,,0.000008,03/15/2016 11:00 AM,'---,,,,,
Mid,07/19/2016 12:00 PM,,,,,,,,,,,,,0.319,,,,,,,,,,,,,KEARL LAKE,KEARL LAKE,,'---,µg/l,1847,AITF-EAS (ENVIRONMENTAL ANALYTICAL SERVICES),112429,,0.000008,07/19/2016 11:00 AM,'---,,,,,
Mid,08/26/2016 11:45 AM,,,,,,,,,,,,,0.008,,,,,,,,,,,,,KEARL LAKE,KEARL LAKE,,'---,µg/l,1847,AITF-EAS (ENVIRONMENTAL ANALYTICAL SERVICES),16SWE08263,16SWE08264,0.008,08/26/2016 10:45 AM,Centre,SINGLE EUPHOTIC COMPOSITE,,,,
Mid,09/20/2016 12:00 PM,,,,,,,,,,,,,0.008,,,,,,,,,,,,,KEARL LAKE,KEARL LAKE,,<,µg/l,1847,AITF-EAS (ENVIRONMENTAL ANALYTICAL SERVICES),112237,,0.000008,09/20/2016 11:00 AM,'---,,,,,
Mid,03/13/2017 12:00 PM,,,,,,,,,,,,,0.589,,,,,,,,,,,,,KEARL LAKE,KEARL LAKE,,'---,µg/l,1847,AITF-EAS (ENVIRONMENTAL ANALYTICAL SERVICES),111802,,0.000008,03/13/2017 11:00 AM,'---,,,,,
Mid,08/25/2017 7:45 AM,,,,,,,,,,,,,0.19,,,,,,,,,,,,,KEARL LAKE,KEARL LAKE,,'---,µg/l,1847,AITF-EAS (ENVIRONMENTAL ANALYTICAL SERVICES),17SWE12773,17SWE12774,0.03,08/25/2017 6:45 AM,Centre,DISCRETE SAMPLE (GRAB),,,,
Mid,09/18/2020 10:40 AM,,,,,,,,,,,,,0.22,,,,,,,,,,,,,KEARL LAKE,KEARL LAKE,0.1,'---,µg/l,1847,AITF-EAS (ENVIRONMENTAL ANALYTICAL SERVICES),20SWE11038,20SWE11039,0.03,09/18/2020 9:40 AM,Centre,DISCRETE SAMPLE (GRAB),,,,
Mid,08/18/2021 3:15 PM,,,,,,,,,,,,,0.34,,,,,,,,,,,,,KEARL LAKE,KEARL LAKE,0.1,'---,µg/l,1847,AITF-EAS (ENVIRONMENTAL ANALYTICAL SERVICES),21SWE04621,21SWE04621-01,0.03,08/18/2021 2:15 PM,Centre,DISCRETE SAMPLE (GRAB),,,,
Mid,09/16/2022 7:20 AM,,,,,,,,,,,,,0.56,,,,,,,,,,,,,KEARL LAKE,KEARL LAKE,0.1,'---,µg/l,1847,AITF-EAS (ENVIRONMENTAL ANALYTICAL SERVICES),22SWE04634,22SWE04634-01,0.03,09/16/2022 6:20 AM,Centre,DISCRETE SAMPLE (GRAB),,,,
Mid,03/15/2016 12:00 PM,,,,,,,,,,,,,,1.7,,,,,,,,,,,,KEARL LAKE,KEARL LAKE,,'---,mg/l,442,"MAXXAM (CHEMEX) LABS ALBERTA INC., CALGARY, ALBERTA.",112630,,0.05,03/15/2016 11:00 AM,'---,,,,,
Mid,07/19/2016 12:00 PM,,,,,,,,,,,,,,1,,,,,,,,,,,,KEARL LAKE,KEARL LAKE,,'---,mg/l,442,"MAXXAM (CHEMEX) LABS ALBERTA INC., CALGARY, ALBERTA.",112429,,0.05,07/19/2016 11:00 AM,'---,,,,,
Mid,09/20/2016 12:00 PM,,,,,,,,,,,,,,0.89,,,,,,,,,,,,KEARL LAKE,KEARL LAKE,,'---,mg/l,442,"MAXXAM (CHEMEX) LABS ALBERTA INC., CALGARY, ALBERTA.",112237,,0.05,09/20/2016 11:00 AM,'---,,,,,
Mid,03/13/2017 12:00 PM,,,,,,,,,,,,,,1.4,,,,,,,,,,,,KEARL LAKE,KEARL LAKE,,'---,mg/l,442,"MAXXAM (CHEMEX) LABS ALBERTA INC., CALGARY, ALBERTA.",111802,,0.05,03/13/2017 11:00 AM,'---,,,,,
Mid,09/18/2020 10:40 AM,,,,,,,,,,,,,,1.3,,,,,,,,,,,,KEARL LAKE,KEARL LAKE,0.1,'---,mg/l,442,"MAXXAM (CHEMEX) LABS ALBERTA INC., CALGARY, ALBERTA.",20SWE11038,20SWE11039,0.05,09/18/2020 9:40 AM,Centre,DISCRETE SAMPLE (GRAB),,,,
Mid,08/18/2021 3:15 PM,,,,,,,,,,,,,,0.84,,,,,,,,,,,,KEARL LAKE,KEARL LAKE,0.1,'---,mg/l,442,"MAXXAM (CHEMEX) LABS ALBERTA INC., CALGARY, ALBERTA.",21SWE04621,21SWE04621-01,0.05,08/18/2021 2:15 PM,Centre,DISCRETE SAMPLE (GRAB),,,,
Mid,09/16/2022 7:20 AM,,,,,,,,,,,,,,1.9,,,,,,,,,,,,KEARL LAKE,KEARL LAKE,0.1,'---,mg/l,442,"MAXXAM (CHEMEX) LABS ALBERTA INC., CALGARY, ALBERTA.",22SWE04634,22SWE04634-01,0.05,09/16/2022 6:20 AM,Centre,DISCRETE SAMPLE (GRAB),,,,
Mid,09/27/2000 12:00 PM,,,,,,,,,,,,,,,0.42,,,,,,,,,,,KEARL LAKE,KEARL LAKE,,'---,mg/l,2185,UNIVERSITY OF ALBERTA - BIOGEOCHEMICAL ANALYTICAL SERVICE LABORATORY,00SWE04029,00SWE04029,0.007,09/27/2000 11:00 AM,Centre,EUPHOTIC COMPOSITE,,,,
Mid,09/13/2001 12:00 PM,,,,,,,,,,,,,,,0.7,,,,,,,,,,,KEARL LAKE,KEARL LAKE,,'---,mg/l,2185,UNIVERSITY OF ALBERTA - BIOGEOCHEMICAL ANALYTICAL SERVICE LABORATORY,01SWE03883,01SWE03883,0.007,09/13/2001 11:00 AM,Centre,VERTICAL INTEGRATED,,,,
Mid,09/04/2002 12:00 PM,,,,,,,,,,,,,,,0.45,,,,,,,,,,,KEARL LAKE,KEARL LAKE,,'---,mg/l,2185,UNIVERSITY OF ALBERTA - BIOGEOCHEMICAL ANALYTICAL SERVICE LABORATORY,02SWE03131,02SWE03131,0.007,09/04/2002 11:00 AM,Centre,DISCRETE SAMPLE (GRAB),,,,
Mid,08/31/2003 12:00 PM,,,,,,,,,,,,,,,1.38,,,,,,,,,,,KEARL LAKE,KEARL LAKE,,'---,mg/l,2185,UNIVERSITY OF ALBERTA - BIOGEOCHEMICAL ANALYTICAL SERVICE LABORATORY,03SWE02484,03SWE02484,0.007,08/31/2003 11:00 AM,Centre,DISCRETE SAMPLE (GRAB),,,,
Mid,06/17/2004 2:30 PM,,,,,,,,,,,,,,,1,,,,,,,,,,,KEARL LAKE,KEARL LAKE,,'---,mg/l,2185,UNIVERSITY OF ALBERTA - BIOGEOCHEMICAL ANALYTICAL SERVICE LABORATORY,04SWE01029,04SWE01030,0.007,06/17/2004 1:30 PM,Centre,DISCRETE SAMPLE (GRAB),,,,
Mid,07/14/2004 9:15 AM,,,,,,,,,,,,,,,1.02,,,,,,,,,,,KEARL LAKE,KEARL LAKE,,'---,mg/l,2185,UNIVERSITY OF ALBERTA - BIOGEOCHEMICAL ANALYTICAL SERVICE LABORATORY,04SWE01843,04SWE01844,0.007,07/14/2004 8:15 AM,Centre,DISCRETE SAMPLE (GRAB),,,,
Mid,08/24/2004 3:05 PM,,,,,,,,,,,,,,,1.25,,,,,,,,,,,KEARL LAKE,KEARL LAKE,,'---,mg/l,2185,UNIVERSITY OF ALBERTA - BIOGEOCHEMICAL ANALYTICAL SERVICE LABORATORY,04SWE02174,04SWE02174,0.007,08/24/2004 2:05 PM,Centre,SINGLE EUPHOTIC COMPOSITE,,,,
Mid,09/25/2004 1:10 PM,,,,,,,,,,,,,,,1.52,,,,,,,,,,,KEARL LAKE,KEARL LAKE,,'---,mg/l,2185,UNIVERSITY OF ALBERTA - BIOGEOCHEMICAL ANALYTICAL SERVICE LABORATORY,04SWE03253,04SWE03254,0.007,09/25/2004 12:10 PM,Centre,SINGLE EUPHOTIC COMPOSITE,,,,
Mid,04/07/2005 8:00 AM,,,,,,,,,,,,,,,2.03,,,,,,,,,,,KEARL LAKE,KEARL LAKE,1,'---,mg/l,2185,UNIVERSITY OF ALBERTA - BIOGEOCHEMICAL ANALYTICAL SERVICE LABORATORY,05SWE01009,05SWE01010,0.007,04/07/2005 7:00 AM,Centre,DISCRETE SAMPLE (GRAB),,,,
Mid,05/26/2005 12:00 PM,,,,,,,,,,,,,,,1.34,,,,,,,,,,,KEARL LAKE,KEARL LAKE,,'---,mg/l,2185,UNIVERSITY OF ALBERTA - BIOGEOCHEMICAL ANALYTICAL SERVICE LABORATORY,05SWE04399,05SWE04399,0.007,05/26/2005 11:00 AM,Centre,DISCRETE SAMPLE (GRAB),,,,
Mid,07/13/2005 12:00 PM,,,,,,,,,,,,,,,1.26,,,,,,,,,,,KEARL LAKE,KEARL LAKE,,'---,mg/l,2185,UNIVERSITY OF ALBERTA - BIOGEOCHEMICAL ANALYTICAL SERVICE LABORATORY,05SWE04409,05SWE04409,0.007,07/13/2005 11:00 AM,Centre,DISCRETE SAMPLE (GRAB),,,,
Mid,08/30/2005 8:55 AM,,,,,,,,,,,,,,,1.42,,,,,,,,,,,KEARL LAKE,KEARL LAKE,,'---,mg/l,2185,UNIVERSITY OF ALBERTA - BIOGEOCHEMICAL ANALYTICAL SERVICE LABORATORY,05SWE03024,05SWE03025,0.007,08/30/2005 7:55 AM,Centre,DISCRETE SAMPLE (GRAB),,,,
Mid,09/28/2005 12:00 PM,,,,,,,,,,,,,,,1.18,,,,,,,,,,,KEARL LAKE,KEARL LAKE,,'---,mg/l,2185,UNIVERSITY OF ALBERTA - BIOGEOCHEMICAL ANALYTICAL SERVICE LABORATORY,05SWE04418,05SWE04418,0.007,09/28/2005 11:00 AM,Centre,DISCRETE SAMPLE (GRAB),,,,
Mid,08/23/2006 12:00 PM,,,,,,,,,,,,,,,1.95,,,,,,,,,,,KEARL LAKE,KEARL LAKE,,'---,mg/l,2185,UNIVERSITY OF ALBERTA - BIOGEOCHEMICAL ANALYTICAL SERVICE LABORATORY,06SWE03220,06SWE01907,0.007,08/23/2006 11:00 AM,Centre,DISCRETE SAMPLE (GRAB),,,,
Mid,08/23/2007 9:45 AM,,,,,,,,,,,,,,,1.56,,,,,,,,,,,KEARL LAKE,KEARL LAKE,,'---,mg/l,2185,UNIVERSITY OF ALBERTA - BIOGEOCHEMICAL ANALYTICAL SERVICE LABORATORY,07SWE02704,07SWE02704,0.007,08/23/2007 8:45 AM,Centre,SINGLE EUPHOTIC COMPOSITE,,,,
Mid,09/05/2008 12:15 PM,,,,,,,,,,,,,,,1.16,,,,,,,,,,,KEARL LAKE,KEARL LAKE,,'---,mg/l,2185,UNIVERSITY OF ALBERTA - BIOGEOCHEMICAL ANALYTICAL SERVICE LABORATORY,08SWE03960,08SWE02165,0.007,09/05/2008 11:15 AM,Centre,DISCRETE SAMPLE (GRAB),,,,
Mid,08/17/2009 4:15 PM,,,,,,,,,,,,,,,1.05,,,,,,,,,,,KEARL LAKE,KEARL LAKE,,'---,mg/l,2185,UNIVERSITY OF ALBERTA - BIOGEOCHEMICAL ANALYTICAL SERVICE LABORATORY,09SWE00811,09SWE00715,0.007,08/17/2009 3:15 PM,Centre,DISCRETE SAMPLE (GRAB),,,,
Mid,08/31/2010 3:45 PM,,,,,,,,,,,,,,,1.18,,,,,,,,,,,KEARL LAKE,KEARL LAKE,,'---,mg/l,2185,UNIVERSITY OF ALBERTA - BIOGEOCHEMICAL ANALYTICAL SERVICE LABORATORY,10SWE01442,10SWE01443,0.007,08/31/2010 2:45 PM,Centre,DISCRETE SAMPLE (GRAB),,,,
Mid,09/01/2011 8:30 AM,,,,,,,,,,,,,,,1.2,,,,,,,,,,,KEARL LAKE,KEARL LAKE,,'---,mg/l,2185,UNIVERSITY OF ALBERTA - BIOGEOCHEMICAL ANALYTICAL SERVICE LABORATORY,11SWE06688,11SWE06689,0.005,09/01/2011 7:30 AM,Centre,DISCRETE SAMPLE (GRAB),,,,
Mid,08/26/2012 3:45 PM,,,,,,,,,,,,,,,1.17,,,,,,,,,,,KEARL LAKE,KEARL LAKE,,'---,mg/l,2185,UNIVERSITY OF ALBERTA - BIOGEOCHEMICAL ANALYTICAL SERVICE LABORATORY,12SWE02081,12SWE02082,0.005,08/26/2012 2:45 PM,Centre,DISCRETE SAMPLE (GRAB),,,,
Mid,08/28/2013 1:10 PM,,,,,,,,,,,,,,,1.12,,,,,,,,,,,KEARL LAKE,KEARL LAKE,,'---,mg/l,2185,UNIVERSITY OF ALBERTA - BIOGEOCHEMICAL ANALYTICAL SERVICE LABORATORY,13SWE02340,13SWE02341,0.005,08/28/2013 12:10 PM,Centre,DISCRETE SAMPLE (GRAB),,,,
Mid,08/18/2014 4:00 PM,,,,,,,,,,,,,,,0.87,,,,,,,,,,,KEARL LAKE,KEARL LAKE,,'---,mg/l,2185,UNIVERSITY OF ALBERTA - BIOGEOCHEMICAL ANALYTICAL SERVICE LABORATORY,14SWE02236,14SWE02237,0.007,08/18/2014 3:00 PM,Centre,SINGLE EUPHOTIC COMPOSITE,,,,
Mid,08/29/2015 7:30 AM,,,,,,,,,,,,,,,0.06,,,,,,,,,,,KEARL LAKE,KEARL LAKE,,'---,mg/l,2185,UNIVERSITY OF ALBERTA - BIOGEOCHEMICAL ANALYTICAL SERVICE LABORATORY,15SWE05523,15SWE05525,0.007,08/29/2015 8:00 AM,Centre,FIELD BLANK,,,,
Mid,08/29/2015 7:30 AM,,,,,,,,,,,,,,,0.06,,,,,,,,,,,KEARL LAKE,KEARL LAKE,,'---,mg/l,2185,UNIVERSITY OF ALBERTA - BIOGEOCHEMICAL ANALYTICAL SERVICE LABORATORY,15SWE05523,15SWE05526,0.007,08/29/2015 8:15 AM,Centre,TRIP BLANK,,,,
Mid,08/29/2015 7:30 AM,,,,,,,,,,,,,,,1.1,,,,,,,,,,,KEARL LAKE,KEARL LAKE,,'---,mg/l,2185,UNIVERSITY OF ALBERTA - BIOGEOCHEMICAL ANALYTICAL SERVICE LABORATORY,15SWE05523,15SWE05524,0.007,08/29/2015 6:30 AM,Centre,DISCRETE SAMPLE (GRAB),,,,
Mid,08/26/2016 11:45 AM,,,,,,,,,,,,,,,1.3,,,,,,,,,,,KEARL LAKE,KEARL LAKE,,'---,mg/l,2185,UNIVERSITY OF ALBERTA - BIOGEOCHEMICAL ANALYTICAL SERVICE LABORATORY,16SWE08263,16SWE08264,0.006,08/26/2016 10:45 AM,Centre,SINGLE EUPHOTIC COMPOSITE,,,,
Mid,08/25/2017 7:45 AM,,,,,,,,,,,,,,,1.09,,,,,,,,,,,KEARL LAKE,KEARL LAKE,,'---,mg/l,2185,UNIVERSITY OF ALBERTA - BIOGEOCHEMICAL ANALYTICAL SERVICE LABORATORY,17SWE12773,17SWE12774,0.006,08/25/2017 6:45 AM,Centre,DISCRETE SAMPLE (GRAB),,,,
Mid,03/24/2003 12:00 PM,,,,,,,,,,,,,,,3.5,,,,,,,,,,,KEARL LAKE,KEARL LAKE,,'---,mg/l,235,ETL,104242,NULL,0.2,03/24/2003 12:00 PM,'---,,,,,
Mid,07/26/2004 12:00 PM,,,,,,,,,,,,,,,0.8,,,,,,,,,,,KEARL LAKE,KEARL LAKE,,'---,mg/l,235,ETL,104239,,0.2,07/26/2004 11:00 AM,'---,,,,,
Mid,07/22/2005 12:00 PM,,,,,,,,,,,,,,,1.2,,,,,,,,,,,KEARL LAKE,KEARL LAKE,,'---,mg/l,235,ETL,104236,NULL,0.2,07/22/2005 11:00 AM,'---,,,,,
Mid,09/14/2006 12:00 PM,,,,,,,,,,,,,,,1.4,,,,,,,,,,,KEARL LAKE,KEARL LAKE,,'---,mg/l,235,"ALS (FORMERLY ENVIRO-TEST) LABORATORIES, EDMONTON, ALBERTA",104233,,0.2,09/14/2006 11:00 AM,'---,,,,,
Mid,09/11/2007 12:00 PM,,,,,,,,,,,,,,,1.6,,,,,,,,,,,KEARL LAKE,KEARL LAKE,,'---,mg/l,235,"ALS (FORMERLY ENVIRO-TEST) LABORATORIES, EDMONTON, ALBERTA",104230,,0.2,09/11/2007 11:00 AM,'---,,,,,
Mid,03/17/2009 9:25 AM,,,,,,,,,,,,,,,1.38,,,,,,,,,,,KEARL LAKE,KEARL LAKE,,'---,mg/l,235,"ALBERTA RESEARCH COUNCIL, INORGANIC ANALYSIS LABORATORY",09SWE00382,09SWE00382-01,,03/17/2009 8:25 AM,Centre,DISCRETE SAMPLE (GRAB),,,,
Mid,09/18/2009 12:00 PM,,,,,,,,,,,,,,,1.35,,,,,,,,,,,KEARL LAKE,KEARL LAKE,,'---,mg/l,235,"ALS (FORMERLY ENVIRO-TEST) LABORATORIES, EDMONTON, ALBERTA",104227,,0.2,09/18/2009 11:00 AM,'---,,,,,
Mid,09/10/2011 12:00 PM,,,,,,,,,,,,,,,1.17,,,,,,,,,,,KEARL LAKE,KEARL LAKE,,'---,mg/l,235,"ALS (FORMERLY ENVIRO-TEST) LABORATORIES, EDMONTON, ALBERTA",106085,,0.2,09/10/2011 11:00 AM,'---,,,,,
Mid,09/08/2012 12:00 PM,,,,,,,,,,,,,,,1.25,,,,,,,,,,,KEARL LAKE,KEARL LAKE,,'---,mg/l,235,"ALS (FORMERLY ENVIRO-TEST) LABORATORIES, EDMONTON, ALBERTA",106088,,0.2,09/08/2012 11:00 AM,'---,,,,,
Mid,09/07/2013 12:00 PM,,,,,,,,,,,,,,,0.93,,,,,,,,,,,KEARL LAKE,KEARL LAKE,,'---,mg/l,235,"ALS (FORMERLY ENVIRO-TEST) LABORATORIES, EDMONTON, ALBERTA",106968,,0.2,09/07/2013 11:00 AM,'---,,,,,
Mid,09/11/2014 12:00 PM,,,,,,,,,,,,,,,0.98,,,,,,,,,,,KEARL LAKE,KEARL LAKE,,'---,mg/l,235,"ALS (FORMERLY ENVIRO-TEST) LABORATORIES, EDMONTON, ALBERTA",107422,,0.2,09/11/2014 11:00 AM,'---,,,,,
Mid,03/15/2016 12:00 PM,,,,,,,,,,,,,,,1.9,,,,,,,,,,,KEARL LAKE,KEARL LAKE,,'---,mg/l,442,"MAXXAM (CHEMEX) LABS ALBERTA INC., CALGARY, ALBERTA.",112630,,0.1,03/15/2016 11:00 AM,'---,,,,,
Mid,07/19/2016 12:00 PM,,,,,,,,,,,,,,,1.5,,,,,,,,,,,KEARL LAKE,KEARL LAKE,,'---,mg/l,442,"MAXXAM (CHEMEX) LABS ALBERTA INC., CALGARY, ALBERTA.",112429,,0.05,07/19/2016 11:00 AM,'---,,,,,
Mid,09/20/2016 12:00 PM,,,,,,,,,,,,,,,0.81,,,,,,,,,,,KEARL LAKE,KEARL LAKE,,'---,mg/l,442,"MAXXAM (CHEMEX) LABS ALBERTA INC., CALGARY, ALBERTA.",112237,,0.05,09/20/2016 11:00 AM,'---,,,,,
Mid,03/13/2017 12:00 PM,,,,,,,,,,,,,,,1.6,,,,,,,,,,,KEARL LAKE,KEARL LAKE,,'---,mg/l,442,"MAXXAM (CHEMEX) LABS ALBERTA INC., CALGARY, ALBERTA.",111802,,0.05,03/13/2017 11:00 AM,'---,,,,,
Mid,09/18/2020 10:40 AM,,,,,,,,,,,,,,,1.4,,,,,,,,,,,KEARL LAKE,KEARL LAKE,0.1,'---,mg/l,442,"MAXXAM (CHEMEX) LABS ALBERTA INC., CALGARY, ALBERTA.",20SWE11038,20SWE11039,0.05,09/18/2020 9:40 AM,Centre,DISCRETE SAMPLE (GRAB),,,,
Mid,08/18/2021 3:15 PM,,,,,,,,,,,,,,,1.5,,,,,,,,,,,KEARL LAKE,KEARL LAKE,0.1,'---,mg/l,442,"MAXXAM (CHEMEX) LABS ALBERTA INC., CALGARY, ALBERTA.",21SWE04621,21SWE04621-01,0.05,08/18/2021 2:15 PM,Centre,DISCRETE SAMPLE (GRAB),,,,
Mid,09/16/2022 7:20 AM,,,,,,,,,,,,,,,1.9,,,,,,,,,,,KEARL LAKE,KEARL LAKE,0.1,'---,mg/l,442,"MAXXAM (CHEMEX) LABS ALBERTA INC., CALGARY, ALBERTA.",22SWE04634,22SWE04634-01,0.05,09/16/2022 6:20 AM,Centre,DISCRETE SAMPLE (GRAB),,,,
Mid,09/27/2000 12:00 PM,,,,,,,,,,,,,,,,8,,,,,,,,,,KEARL LAKE,KEARL LAKE,,'---,'---,389,UNIVERSITY OF ALBERTA - BIOGEOCHEMICAL ANALYTICAL SERVICE LABORATORY,00SWE04029,00SWE04029,,09/27/2000 11:00 AM,Centre,EUPHOTIC COMPOSITE,,,,
Mid,09/13/2001 12:00 PM,,,,,,,,,,,,,,,,7.9,,,,,,,,,,KEARL LAKE,KEARL LAKE,,'---,'---,389,UNIVERSITY OF ALBERTA - BIOGEOCHEMICAL ANALYTICAL SERVICE LABORATORY,01SWE03883,01SWE03883,,09/13/2001 11:00 AM,Centre,VERTICAL INTEGRATED,,,,
Mid,09/04/2002 12:00 PM,,,,,,,,,,,,,,,,7.7,,,,,,,,,,KEARL LAKE,KEARL LAKE,,'---,'---,389,UNIVERSITY OF ALBERTA - BIOGEOCHEMICAL ANALYTICAL SERVICE LABORATORY,02SWE03131,02SWE03131,,09/04/2002 11:00 AM,Centre,DISCRETE SAMPLE (GRAB),,,,
Mid,03/24/2003 12:00 PM,,,,,,,,,,,,,,,,7.8,,,,,,,,,,KEARL LAKE,KEARL LAKE,,'---,'---,389,ETL,104242,NULL,0.1,03/24/2003 12:00 PM,'---,,,,,
Mid,08/31/2003 12:00 PM,,,,,,,,,,,,,,,,7.94,,,,,,,,,,KEARL LAKE,KEARL LAKE,,'---,'---,389,UNIVERSITY OF ALBERTA - BIOGEOCHEMICAL ANALYTICAL SERVICE LABORATORY,03SWE02484,03SWE02484,,08/31/2003 11:00 AM,Centre,DISCRETE SAMPLE (GRAB),,,,
Mid,06/17/2004 2:30 PM,,,,,,,,,,,,,,,,7.94,,,,,,,,,,KEARL LAKE,KEARL LAKE,,'---,'---,389,UNIVERSITY OF ALBERTA - BIOGEOCHEMICAL ANALYTICAL SERVICE LABORATORY,04SWE01029,04SWE01030,,06/17/2004 1:30 PM,Centre,DISCRETE SAMPLE (GRAB),,,,
Mid,07/14/2004 9:15 AM,,,,,,,,,,,,,,,,7.97,,,,,,,,,,KEARL LAKE,KEARL LAKE,,'---,'---,389,UNIVERSITY OF ALBERTA - BIOGEOCHEMICAL ANALYTICAL SERVICE LABORATORY,04SWE01843,04SWE01844,,07/14/2004 8:15 AM,Centre,DISCRETE SAMPLE (GRAB),,,,
Mid,07/26/2004 12:00 PM,,,,,,,,,,,,,,,,8.1,,,,,,,,,,KEARL LAKE,KEARL LAKE,,'---,'---,389,ETL,104239,,0.1,07/26/2004 11:00 AM,'---,,,,,
Mid,08/24/2004 3:05 PM,,,,,,,,,,,,,,,,8.04,,,,,,,,,,KEARL LAKE,KEARL LAKE,,'---,'---,389,UNIVERSITY OF ALBERTA - BIOGEOCHEMICAL ANALYTICAL SERVICE LABORATORY,04SWE02174,04SWE02174,,08/24/2004 2:05 PM,Centre,SINGLE EUPHOTIC COMPOSITE,,,,
Mid,09/25/2004 1:10 PM,,,,,,,,,,,,,,,,7.98,,,,,,,,,,KEARL LAKE,KEARL LAKE,,'---,'---,389,UNIVERSITY OF ALBERTA - BIOGEOCHEMICAL ANALYTICAL SERVICE LABORATORY,04SWE03253,04SWE03254,,09/25/2004 12:10 PM,Centre,SINGLE EUPHOTIC COMPOSITE,,,,
Mid,04/07/2005 8:00 AM,,,,,,,,,,,,,,,,7.49,,,,,,,,,,KEARL LAKE,KEARL LAKE,1,'---,'---,389,UNIVERSITY OF ALBERTA - BIOGEOCHEMICAL ANALYTICAL SERVICE LABORATORY,05SWE01009,05SWE01010,,04/07/2005 7:00 AM,Centre,DISCRETE SAMPLE (GRAB),,,,
Mid,05/26/2005 12:00 PM,,,,,,,,,,,,,,,,7.82,,,,,,,,,,KEARL LAKE,KEARL LAKE,,'---,'---,389,UNIVERSITY OF ALBERTA - BIOGEOCHEMICAL ANALYTICAL SERVICE LABORATORY,05SWE04399,05SWE04399,,05/26/2005 11:00 AM,Centre,DISCRETE SAMPLE (GRAB),,,,
Mid,07/13/2005 12:00 PM,,,,,,,,,,,,,,,,7.69,,,,,,,,,,KEARL LAKE,KEARL LAKE,,'---,'---,389,UNIVERSITY OF ALBERTA - BIOGEOCHEMICAL ANALYTICAL SERVICE LABORATORY,05SWE04409,05SWE04409,,07/13/2005 11:00 AM,Centre,DISCRETE SAMPLE (GRAB),,,,
Mid,07/22/2005 12:00 PM,,,,,,,,,,,,,,,,7.9,,,,,,,,,,KEARL LAKE,KEARL LAKE,,'---,'---,389,ETL,104236,NULL,0.1,07/22/2005 11:00 AM,'---,,,,,
Mid,08/30/2005 8:55 AM,,,,,,,,,,,,,,,,8,,,,,,,,,,KEARL LAKE,KEARL LAKE,,'---,'---,389,UNIVERSITY OF ALBERTA - BIOGEOCHEMICAL ANALYTICAL SERVICE LABORATORY,05SWE03024,05SWE03025,,08/30/2005 7:55 AM,Centre,DISCRETE SAMPLE (GRAB),,,,
Mid,09/28/2005 12:00 PM,,,,,,,,,,,,,,,,7.98,,,,,,,,,,KEARL LAKE,KEARL LAKE,,'---,'---,389,UNIVERSITY OF ALBERTA - BIOGEOCHEMICAL ANALYTICAL SERVICE LABORATORY,05SWE04418,05SWE04418,,09/28/2005 11:00 AM,Centre,DISCRETE SAMPLE (GRAB),,,,
Mid,08/23/2006 12:00 PM,,,,,,,,,,,,,,,,7.98,,,,,,,,,,KEARL LAKE,KEARL LAKE,,'---,'---,389,UNIVERSITY OF ALBERTA - BIOGEOCHEMICAL ANALYTICAL SERVICE LABORATORY,06SWE03220,06SWE01907,,08/23/2006 11:00 AM,Centre,DISCRETE SAMPLE (GRAB),,,,
Mid,09/14/2006 12:00 PM,,,,,,,,,,,,,,,,8,,,,,,,,,,KEARL LAKE,KEARL LAKE,,'---,'---,389,"ALS (FORMERLY ENVIRO-TEST) LABORATORIES, EDMONTON, ALBERTA",104233,,0.1,09/14/2006 11:00 AM,'---,,,,,
Mid,08/23/2007 9:45 AM,,,,,,,,,,,,,,,,7.88,,,,,,,,,,KEARL LAKE,KEARL LAKE,,'---,'---,389,UNIVERSITY OF ALBERTA - BIOGEOCHEMICAL ANALYTICAL SERVICE LABORATORY,07SWE02704,07SWE02704,,08/23/2007 8:45 AM,Centre,SINGLE EUPHOTIC COMPOSITE,,,,
Mid,09/11/2007 12:00 PM,,,,,,,,,,,,,,,,8.1,,,,,,,,,,KEARL LAKE,KEARL LAKE,,'---,'---,389,"ALS (FORMERLY ENVIRO-TEST) LABORATORIES, EDMONTON, ALBERTA",104230,,0.1,09/11/2007 11:00 AM,'---,,,,,
Mid,09/05/2008 12:15 PM,,,,,,,,,,,,,,,,8.32,,,,,,,,,,KEARL LAKE,KEARL LAKE,,'---,'---,389,UNIVERSITY OF ALBERTA - BIOGEOCHEMICAL ANALYTICAL SERVICE LABORATORY,08SWE03960,08SWE02165,,09/05/2008 11:15 AM,Centre,DISCRETE SAMPLE (GRAB),,,,
Mid,03/17/2009 9:25 AM,,,,,,,,,,,,,,,,6.89,,,,,,,,,,KEARL LAKE,KEARL LAKE,,'---,'---,389,"ALBERTA RESEARCH COUNCIL, INORGANIC ANALYSIS LABORATORY",09SWE00382,09SWE00382-01,,03/17/2009 8:25 AM,Centre,DISCRETE SAMPLE (GRAB),,,,
Mid,08/17/2009 4:15 PM,,,,,,,,,,,,,,,,8.17,,,,,,,,,,KEARL LAKE,KEARL LAKE,,'---,'---,389,UNIVERSITY OF ALBERTA - BIOGEOCHEMICAL ANALYTICAL SERVICE LABORATORY,09SWE00811,09SWE00715,,08/17/2009 3:15 PM,Centre,DISCRETE SAMPLE (GRAB),,,,
Mid,09/18/2009 12:00 PM,,,,,,,,,,,,,,,,8.18,,,,,,,,,,KEARL LAKE,KEARL LAKE,,'---,'---,389,"ALS (FORMERLY ENVIRO-TEST) LABORATORIES, EDMONTON, ALBERTA",104227,,0.1,09/18/2009 11:00 AM,'---,,,,,
Mid,08/31/2010 3:45 PM,,,,,,,,,,,,,,,,8.32,,,,,,,,,,KEARL LAKE,KEARL LAKE,,'---,'---,389,UNIVERSITY OF ALBERTA - BIOGEOCHEMICAL ANALYTICAL SERVICE LABORATORY,10SWE01442,10SWE01443,,08/31/2010 2:45 PM,Centre,DISCRETE SAMPLE (GRAB),,,,
Mid,09/01/2011 8:30 AM,,,,,,,,,,,,,,,,8.03,,,,,,,,,,KEARL LAKE,KEARL LAKE,,'---,'---,389,UNIVERSITY OF ALBERTA - BIOGEOCHEMICAL ANALYTICAL SERVICE LABORATORY,11SWE06688,11SWE06689,,09/01/2011 7:30 AM,Centre,DISCRETE SAMPLE (GRAB),,,,
Mid,09/10/2011 12:00 PM,,,,,,,,,,,,,,,,8.26,,,,,,,,,,KEARL LAKE,KEARL LAKE,,'---,'---,389,"ALS (FORMERLY ENVIRO-TEST) LABORATORIES, EDMONTON, ALBERTA",106085,,0.1,09/10/2011 11:00 AM,'---,,,,,
Mid,08/26/2012 3:45 PM,,,,,,,,,,,,,,,,8.15,,,,,,,,,,KEARL LAKE,KEARL LAKE,,'---,'---,389,UNIVERSITY OF ALBERTA - BIOGEOCHEMICAL ANALYTICAL SERVICE LABORATORY,12SWE02081,12SWE02082,,08/26/2012 2:45 PM,Centre,DISCRETE SAMPLE (GRAB),,,,
Mid,09/08/2012 12:00 PM,,,,,,,,,,,,,,,,8.06,,,,,,,,,,KEARL LAKE,KEARL LAKE,,'---,'---,389,"ALS (FORMERLY ENVIRO-TEST) LABORATORIES, EDMONTON, ALBERTA",106088,,0.1,09/08/2012 11:00 AM,'---,,,,,
Mid,08/28/2013 1:10 PM,,,,,,,,,,,,,,,,8.02,,,,,,,,,,KEARL LAKE,KEARL LAKE,,'---,'---,389,UNIVERSITY OF ALBERTA - BIOGEOCHEMICAL ANALYTICAL SERVICE LABORATORY,13SWE02340,13SWE02341,,08/28/2013 12:10 PM,Centre,DISCRETE SAMPLE (GRAB),,,,
Mid,09/07/2013 12:00 PM,,,,,,,,,,,,,,,,8.07,,,,,,,,,,KEARL LAKE,KEARL LAKE,,'---,'---,389,"ALS (FORMERLY ENVIRO-TEST) LABORATORIES, EDMONTON, ALBERTA",106968,,0.1,09/07/2013 11:00 AM,'---,,,,,
Mid,08/18/2014 4:00 PM,,,,,,,,,,,,,,,,8.13,,,,,,,,,,KEARL LAKE,KEARL LAKE,,'---,'---,389,UNIVERSITY OF ALBERTA - BIOGEOCHEMICAL ANALYTICAL SERVICE LABORATORY,14SWE02236,14SWE02237,,08/18/2014 3:00 PM,Centre,SINGLE EUPHOTIC COMPOSITE,,,,
Mid,09/11/2014 12:00 PM,,,,,,,,,,,,,,,,8.13,,,,,,,,,,KEARL LAKE,KEARL LAKE,,'---,'---,389,"ALS (FORMERLY ENVIRO-TEST) LABORATORIES, EDMONTON, ALBERTA",107422,,0.1,09/11/2014 11:00 AM,'---,,,,,
Mid,08/29/2015 7:30 AM,,,,,,,,,,,,,,,,5.7,,,,,,,,,,KEARL LAKE,KEARL LAKE,,'---,'---,389,UNIVERSITY OF ALBERTA - BIOGEOCHEMICAL ANALYTICAL SERVICE LABORATORY,15SWE05523,15SWE05526,,08/29/2015 8:15 AM,Centre,TRIP BLANK,,,,
Mid,08/29/2015 7:30 AM,,,,,,,,,,,,,,,,8.69,,,,,,,,,,KEARL LAKE,KEARL LAKE,,'---,'---,389,UNIVERSITY OF ALBERTA - BIOGEOCHEMICAL ANALYTICAL SERVICE LABORATORY,15SWE05523,15SWE05524,,08/29/2015 6:30 AM,Centre,DISCRETE SAMPLE (GRAB),,,,
Mid,08/29/2015 7:30 AM,,,,,,,,,,,,,,,,5.7,,,,,,,,,,KEARL LAKE,KEARL LAKE,,'---,'---,389,UNIVERSITY OF ALBERTA - BIOGEOCHEMICAL ANALYTICAL SERVICE LABORATORY,15SWE05523,15SWE05525,,08/29/2015 8:00 AM,Centre,FIELD BLANK,,,,
Mid,03/15/2016 12:00 PM,,,,,,,,,,,,,,,,7.51,,,,,,,,,,KEARL LAKE,KEARL LAKE,,'---,'---,389,"MAXXAM (CHEMEX) LABS ALBERTA INC., CALGARY, ALBERTA.",112630,,,03/15/2016 11:00 AM,'---,,,,,
Mid,07/19/2016 12:00 PM,,,,,,,,,,,,,,,,8.61,,,,,,,,,,KEARL LAKE,KEARL LAKE,,'---,'---,389,"MAXXAM (CHEMEX) LABS ALBERTA INC., CALGARY, ALBERTA.",112429,,,07/19/2016 11:00 AM,'---,,,,,
Mid,08/26/2016 11:45 AM,,,,,,,,,,,,,,,,8.55,,,,,,,,,,KEARL LAKE,KEARL LAKE,,'---,'---,389,UNIVERSITY OF ALBERTA - BIOGEOCHEMICAL ANALYTICAL SERVICE LABORATORY,16SWE08263,16SWE08264,,08/26/2016 10:45 AM,Centre,SINGLE EUPHOTIC COMPOSITE,,,,
Mid,09/20/2016 12:00 PM,,,,,,,,,,,,,,,,8.03,,,,,,,,,,KEARL LAKE,KEARL LAKE,,'---,'---,389,"MAXXAM (CHEMEX) LABS ALBERTA INC., CALGARY, ALBERTA.",112237,,,09/20/2016 11:00 AM,'---,,,,,
Mid,03/13/2017 12:00 PM,,,,,,,,,,,,,,,,7.64,,,,,,,,,,KEARL LAKE,KEARL LAKE,,'---,'---,389,"MAXXAM (CHEMEX) LABS ALBERTA INC., CALGARY, ALBERTA.",111802,,,03/13/2017 11:00 AM,'---,,,,,
Mid,08/25/2017 7:45 AM,,,,,,,,,,,,,,,,8.21,,,,,,,,,,KEARL LAKE,KEARL LAKE,,'---,'---,389,UNIVERSITY OF ALBERTA - BIOGEOCHEMICAL ANALYTICAL SERVICE LABORATORY,17SWE12773,17SWE12774,,08/25/2017 6:45 AM,Centre,DISCRETE SAMPLE (GRAB),,,,
Mid,09/18/2020 10:40 AM,,,,,,,,,,,,,,,,7.6,,,,,,,,,,KEARL LAKE,KEARL LAKE,0.1,'---,'---,389,"MAXXAM (CHEMEX) LABS ALBERTA INC., CALGARY, ALBERTA.",20SWE11038,20SWE11039,N/A,09/18/2020 9:40 AM,Centre,DISCRETE SAMPLE (GRAB),,,,
Mid,08/18/2021 3:15 PM,,,,,,,,,,,,,,,,7.25,,,,,,,,,,KEARL LAKE,KEARL LAKE,0.1,'---,'---,389,"MAXXAM (CHEMEX) LABS ALBERTA INC., CALGARY, ALBERTA.",21SWE04621,21SWE04621-01,N/A,08/18/2021 2:15 PM,Centre,DISCRETE SAMPLE (GRAB),,,,
Mid,09/16/2022 7:20 AM,,,,,,,,,,,,,,,,6.99,,,,,,,,,,KEARL LAKE,KEARL LAKE,0.1,'---,'---,389,"MAXXAM (CHEMEX) LABS ALBERTA INC., CALGARY, ALBERTA.",22SWE04634,22SWE04634-01,N/A,09/16/2022 6:20 AM,Centre,DISCRETE SAMPLE (GRAB),,,,
Mid,06/17/2004 2:30 PM,,,,,,,,,,,,,,,,,8.09,,,,,,,,,KEARL LAKE,KEARL LAKE,1,'---,'---,2731,FIELD,04SWE01029,04SWE01031,,06/17/2004 1:30 PM,Centre,DISCRETE SAMPLE (GRAB),,,,
Mid,06/17/2004 2:30 PM,,,,,,,,,,,,,,,,,8.18,,,,,,,,,KEARL LAKE,KEARL LAKE,2,'---,'---,2731,FIELD,04SWE01029,04SWE01032,,06/17/2004 1:30 PM,Centre,DISCRETE SAMPLE (GRAB),,,,
Mid,07/14/2004 9:15 AM,,,,,,,,,,,,,,,,,8.05,,,,,,,,,KEARL LAKE,KEARL LAKE,1.5,'---,'---,2731,FIELD,04SWE01843,04SWE01847,,07/14/2004 8:15 AM,Centre,DISCRETE SAMPLE (GRAB),,,,
Mid,07/14/2004 9:15 AM,,,,,,,,,,,,,,,,,8.08,,,,,,,,,KEARL LAKE,KEARL LAKE,0.1,'---,'---,2731,FIELD,04SWE01843,04SWE01845,,07/14/2004 8:15 AM,Centre,DISCRETE SAMPLE (GRAB),,,,
Mid,07/14/2004 9:15 AM,,,,,,,,,,,,,,,,,8.09,,,,,,,,,KEARL LAKE,KEARL LAKE,1,'---,'---,2731,FIELD,04SWE01843,04SWE01846,,07/14/2004 8:15 AM,Centre,DISCRETE SAMPLE (GRAB),,,,
Mid,09/25/2004 1:10 PM,,,,,,,,,,,,,,,,,8,,,,,,,,,KEARL LAKE,KEARL LAKE,0.1,'---,'---,2731,FIELD,04SWE03253,04SWE03255,,09/25/2004 12:10 PM,Centre,DISCRETE SAMPLE (GRAB),,,,
Mid,04/07/2005 8:00 AM,,,,,,,,,,,,,,,,,6.93,,,,,,,,,KEARL LAKE,KEARL LAKE,1,'---,'---,2731,FIELD,05SWE01009,05SWE01010,,04/07/2005 7:00 AM,Centre,DISCRETE SAMPLE (GRAB),,,,
Mid,04/07/2005 8:00 AM,,,,,,,,,,,,,,,,,6.83,,,,,,,,,KEARL LAKE,KEARL LAKE,1.5,'---,'---,2731,FIELD,05SWE01009,05SWE01011,,04/07/2005 7:01 AM,Centre,DISCRETE SAMPLE (GRAB),,,,
Mid,08/30/2005 8:55 AM,,,,,,,,,,,,,,,,,7.93,,,,,,,,,KEARL LAKE,KEARL LAKE,1.5,'---,'---,2731,FIELD,05SWE03024,05SWE04300,,08/30/2005 7:58 AM,Centre,DISCRETE SAMPLE (GRAB),,,,
Mid,08/30/2005 8:55 AM,,,,,,,,,,,,,,,,,7.94,,,,,,,,,KEARL LAKE,KEARL LAKE,1,'---,'---,2731,FIELD,05SWE03024,05SWE04299,,08/30/2005 7:57 AM,Centre,DISCRETE SAMPLE (GRAB),,,,
Mid,08/30/2005 8:55 AM,,,,,,,,,,,,,,,,,7.96,,,,,,,,,KEARL LAKE,KEARL LAKE,0.5,'---,'---,2731,FIELD,05SWE03024,05SWE04298,,08/30/2005 7:55 AM,Centre,DISCRETE SAMPLE (GRAB),,,,
Mid,08/30/2005 8:55 AM,,,,,,,,,,,,,,,,,8.05,,,,,,,,,KEARL LAKE,KEARL LAKE,0.1,'---,'---,2731,FIELD,05SWE03024,05SWE04297,,08/30/2005 7:55 AM,Centre,DISCRETE SAMPLE (GRAB),,,,
Mid,08/23/2006 12:00 PM,,,,,,,,,,,,,,,,,8.03,,,,,,,,,KEARL LAKE,KEARL LAKE,1.5,'---,'---,2731,FIELD,06SWE03220,06SWE03224,,08/23/2006 11:00 AM,Centre,DISCRETE SAMPLE (GRAB),,,,
Mid,08/23/2006 12:00 PM,,,,,,,,,,,,,,,,,8.03,,,,,,,,,KEARL LAKE,KEARL LAKE,1,'---,'---,2731,FIELD,06SWE03220,06SWE03223,,08/23/2006 11:00 AM,Centre,DISCRETE SAMPLE (GRAB),,,,
Mid,08/23/2006 12:00 PM,,,,,,,,,,,,,,,,,8.01,,,,,,,,,KEARL LAKE,KEARL LAKE,0.5,'---,'---,2731,FIELD,06SWE03220,06SWE03222,,08/23/2006 11:00 AM,Centre,DISCRETE SAMPLE (GRAB),,,,
Mid,08/23/2006 12:00 PM,,,,,,,,,,,,,,,,,8,,,,,,,,,KEARL LAKE,KEARL LAKE,0.1,'---,'---,2731,FIELD,06SWE03220,06SWE03221,,08/23/2006 11:00 AM,Centre,DISCRETE SAMPLE (GRAB),,,,
Mid,09/05/2008 12:15 PM,,,,,,,,,,,,,,,,,8.54,,,,,,,,,KEARL LAKE,KEARL LAKE,0.1,'---,'---,2731,FIELD,08SWE03960,08SWE03961,,09/05/2008 11:15 AM,Centre,DISCRETE SAMPLE (GRAB),,,,
Mid,03/17/2009 9:25 AM,,,,,,,,,,,,,,,,,6.86,,,,,,,,,KEARL LAKE,KEARL LAKE,,'---,'---,2731,FIELD,09SWE00382,09SWE00382-01,,03/17/2009 8:25 AM,Centre,DISCRETE SAMPLE (GRAB),,,,
Mid,08/17/2009 4:15 PM,,,,,,,,,,,,,,,,,8.75,,,,,,,,,KEARL LAKE,KEARL LAKE,1.5,'---,'---,2731,FIELD,09SWE00811,09SWE00816,,08/17/2009 3:19 PM,Centre,DISCRETE SAMPLE (GRAB),,,,
Mid,08/17/2009 4:15 PM,,,,,,,,,,,,,,,,,8.84,,,,,,,,,KEARL LAKE,KEARL LAKE,0.5,'---,'---,2731,FIELD,09SWE00811,09SWE00814,,08/17/2009 3:17 PM,Centre,DISCRETE SAMPLE (GRAB),,,,
Mid,08/17/2009 4:15 PM,,,,,,,,,,,,,,,,,8.82,,,,,,,,,KEARL LAKE,KEARL LAKE,0.1,'---,'---,2731,FIELD,09SWE00811,09SWE00813,,08/17/2009 3:16 PM,Centre,DISCRETE SAMPLE (GRAB),,,,
Mid,08/17/2009 4:15 PM,,,,,,,,,,,,,,,,,8.85,,,,,,,,,KEARL LAKE,KEARL LAKE,1,'---,'---,2731,FIELD,09SWE00811,09SWE00815,,08/17/2009 3:18 PM,Centre,DISCRETE SAMPLE (GRAB),,,,
Mid,08/31/2010 3:45 PM,,,,,,,,,,,,,,,,,8.44,,,,,,,,,KEARL LAKE,KEARL LAKE,1.5,'---,'---,2731,FIELD,10SWE01442,10SWE01446,,08/31/2010 2:45 PM,Centre,DISCRETE SAMPLE (GRAB),,,,
Mid,08/31/2010 3:45 PM,,,,,,,,,,,,,,,,,8.44,,,,,,,,,KEARL LAKE,KEARL LAKE,0.5,'---,'---,2731,FIELD,10SWE01442,10SWE01444,,08/31/2010 2:45 PM,Centre,DISCRETE SAMPLE (GRAB),,,,
Mid,08/31/2010 3:45 PM,,,,,,,,,,,,,,,,,8.45,,,,,,,,,KEARL LAKE,KEARL LAKE,1,'---,'---,2731,FIELD,10SWE01442,10SWE01445,,08/31/2010 2:45 PM,Centre,DISCRETE SAMPLE (GRAB),,,,
Mid,08/26/2012 3:45 PM,,,,,,,,,,,,,,,,,8.24,,,,,,,,,KEARL LAKE,KEARL LAKE,1.5,'---,'---,2731,FIELD,12SWE02081,12SWE02083,,08/26/2012 2:46 PM,Centre,DISCRETE SAMPLE (GRAB),,,,
Mid,08/28/2013 1:10 PM,,,,,,,,,,,,,,,,,7.58,,,,,,,,,KEARL LAKE,KEARL LAKE,1,'---,'---,2731,FIELD,13SWE02340,13SWE02344,,08/28/2013 12:13 PM,Centre,DISCRETE SAMPLE (GRAB),,,,
Mid,08/28/2013 1:10 PM,,,,,,,,,,,,,,,,,7.34,,,,,,,,,KEARL LAKE,KEARL LAKE,0.1,'---,'---,2731,FIELD,13SWE02340,13SWE02342,,08/28/2013 12:11 PM,Centre,DISCRETE SAMPLE (GRAB),,,,
Mid,08/28/2013 1:10 PM,,,,,,,,,,,,,,,,,7.58,,,,,,,,,KEARL LAKE,KEARL LAKE,0.5,'---,'---,2731,FIELD,13SWE02340,13SWE02343,,08/28/2013 12:12 PM,Centre,DISCRETE SAMPLE (GRAB),,,,
Mid,08/18/2014 4:00 PM,,,,,,,,,,,,,,,,,8.08,,,,,,,,,KEARL LAKE,KEARL LAKE,1.5,'---,'---,2731,FIELD,14SWE02236,14SWE02241,,08/18/2014 3:06 PM,Centre,DISCRETE SAMPLE (GRAB),,,,
Mid,08/18/2014 4:00 PM,,,,,,,,,,,,,,,,,8.02,,,,,,,,,KEARL LAKE,KEARL LAKE,0.5,'---,'---,2731,FIELD,14SWE02236,14SWE02239,,08/18/2014 3:02 PM,Centre,DISCRETE SAMPLE (GRAB),,,,
Mid,08/18/2014 4:00 PM,,,,,,,,,,,,,,,,,7.99,,,,,,,,,KEARL LAKE,KEARL LAKE,0.1,'---,'---,2731,FIELD,14SWE02236,14SWE02238,,08/18/2014 3:00 PM,Centre,DISCRETE SAMPLE (GRAB),,,,
Mid,08/18/2014 4:00 PM,,,,,,,,,,,,,,,,,8.04,,,,,,,,,KEARL LAKE,KEARL LAKE,1,'---,'---,2731,FIELD,14SWE02236,14SWE02240,,08/18/2014 3:04 PM,Centre,DISCRETE SAMPLE (GRAB),,,,
Mid,08/26/2016 11:45 AM,,,,,,,,,,,,,,,,,8.59,,,,,,,,,KEARL LAKE,KEARL LAKE,0.1,'---,'---,2731,FIELD,16SWE08263,16SWE08456,,08/26/2016 10:45 AM,Centre,DISCRETE SAMPLE (GRAB),,,,
Mid,08/25/2017 7:45 AM,,,,,,,,,,,,,,,,,8.35,,,,,,,,,KEARL LAKE,KEARL LAKE,1,'---,'---,2731,FIELD,17SWE12773,17SWE12981,,08/25/2017 7:07 AM,Centre,DISCRETE SAMPLE (GRAB),,,,
Mid,08/25/2017 7:45 AM,,,,,,,,,,,,,,,,,8.36,,,,,,,,,KEARL LAKE,KEARL LAKE,0.1,'---,'---,2731,FIELD,17SWE12773,17SWE12980,,08/25/2017 7:06 AM,Centre,DISCRETE SAMPLE (GRAB),,,,
Mid,09/18/2020 10:40 AM,,,,,,,,,,,,,,,,,7.72,,,,,,,,,KEARL LAKE,KEARL LAKE,0.1,'---,'---,2731,FIELD,20SWE11038,20SWE11039,,09/18/2020 9:40 AM,Centre,DISCRETE SAMPLE (GRAB),,,,
Mid,09/18/2020 10:40 AM,,,,,,,,,,,,,,,,,7.71,,,,,,,,,KEARL LAKE,KEARL LAKE,0.5,'---,'---,2731,FIELD,20SWE11038,20SWE11041,,09/18/2020 9:40 AM,Centre,DISCRETE SAMPLE (GRAB),,,,
Mid,09/18/2020 10:40 AM,,,,,,,,,,,,,,,,,7.72,,,,,,,,,KEARL LAKE,KEARL LAKE,1,'---,'---,2731,FIELD,20SWE11038,20SWE11042,,09/18/2020 9:40 AM,Centre,DISCRETE SAMPLE (GRAB),,,,
Mid,09/18/2020 10:40 AM,,,,,,,,,,,,,,,,,7.72,,,,,,,,,KEARL LAKE,KEARL LAKE,1.5,'---,'---,2731,FIELD,20SWE11038,20SWE11043,,09/18/2020 9:40 AM,Centre,DISCRETE SAMPLE (GRAB),,,,
Mid,08/18/2021 3:15 PM,,,,,,,,,,,,,,,,,8.39,,,,,,,,,KEARL LAKE,KEARL LAKE,0.5,'---,'---,2731,FIELD,21SWE04621,21SWE04621-02,,08/18/2021 2:15 PM,Profile,DISCRETE SAMPLE (GRAB),,,,
Mid,08/18/2021 3:15 PM,,,,,,,,,,,,,,,,,8.4,,,,,,,,,KEARL LAKE,KEARL LAKE,,'---,'---,2731,FIELD,21SWE04621,21SWE04621-03,,08/18/2021 2:15 PM,Profile,DISCRETE SAMPLE (GRAB),,,,
Mid,08/18/2021 3:15 PM,,,,,,,,,,,,,,,,,8.38,,,,,,,,,KEARL LAKE,KEARL LAKE,0.1,'---,'---,2731,FIELD,21SWE04621,21SWE04621-01,,08/18/2021 2:15 PM,Centre,DISCRETE SAMPLE (GRAB),,,,
Mid,08/18/2021 3:15 PM,,,,,,,,,,,,,,,,,8.4,,,,,,,,,KEARL LAKE,KEARL LAKE,1,'---,'---,2731,FIELD,21SWE04621,21SWE04621-03,,08/18/2021 2:15 PM,Centre,DISCRETE SAMPLE (GRAB),,,,
Mid,08/18/2021 3:15 PM,,,,,,,,,,,,,,,,,8.39,,,,,,,,,KEARL LAKE,KEARL LAKE,0.5,'---,'---,2731,FIELD,21SWE04621,21SWE04621-02,,08/18/2021 2:15 PM,Centre,DISCRETE SAMPLE (GRAB),,,,
Mid,09/16/2022 7:20 AM,,,,,,,,,,,,,,,,,7.64,,,,,,,,,KEARL LAKE,KEARL LAKE,1,'---,'---,2731,FIELD,22SWE04634,22SWE04634-03,,09/16/2022 6:20 AM,Centre,DISCRETE SAMPLE (GRAB),,,,
Mid,09/16/2022 7:20 AM,,,,,,,,,,,,,,,,,7.63,,,,,,,,,KEARL LAKE,KEARL LAKE,0.5,'---,'---,2731,FIELD,22SWE04634,22SWE04634-02,,09/16/2022 6:20 AM,Centre,DISCRETE SAMPLE (GRAB),,,,
Mid,09/16/2022 7:20 AM,,,,,,,,,,,,,,,,,7.62,,,,,,,,,KEARL LAKE,KEARL LAKE,0.1,'---,'---,2731,FIELD,22SWE04634,22SWE04634-01,,09/16/2022 6:20 AM,Centre,DISCRETE SAMPLE (GRAB),,,,
Mid,09/14/2006 12:00 PM,,,,,,,,,,,,,,,,,9.15,,,,,,,,,KEARL LAKE,KEARL LAKE,,'---,'---,0,FIELD,104233,,,09/14/2006 11:00 AM,'---,,,,,
Mid,09/11/2007 12:00 PM,,,,,,,,,,,,,,,,,7.83,,,,,,,,,KEARL LAKE,KEARL LAKE,,'---,'---,0,FIELD,104230,,,09/11/2007 11:00 AM,'---,,,,,
Mid,09/09/2008 12:00 PM,,,,,,,,,,,,,,,,,8.9,,,,,,,,,KEARL LAKE,KEARL LAKE,,'---,'---,0,FIELD,107810,,,09/09/2008 11:00 AM,1,,,,,
Mid,09/18/2009 12:00 PM,,,,,,,,,,,,,,,,,8.23,,,,,,,,,KEARL LAKE,KEARL LAKE,,'---,'---,0,FIELD,104227,,,09/18/2009 11:00 AM,'---,,,,,
Mid,03/17/2009 9:25 AM,,,,,,,,,,,,,,,,,,,,,,,,,,KEARL LAKE,KEARL LAKE,,'---,mg/l,598,"ALBERTA RESEARCH COUNCIL, INORGANIC ANALYSIS LABORATORY",09SWE00382,09SWE00382-01,,03/17/2009 8:25 AM,Centre,DISCRETE SAMPLE (GRAB),,,,
Mid,09/27/2000 12:00 PM,,,,,,,,,,,,,,,,,,0.011,,,,,,,,KEARL LAKE,KEARL LAKE,,'---,mg/l,3627,UNIVERSITY OF ALBERTA - BIOGEOCHEMICAL ANALYTICAL SERVICE LABORATORY,00SWE04029,00SWE04029,0.001,09/27/2000 11:00 AM,Centre,EUPHOTIC COMPOSITE,,,,
Mid,09/13/2001 12:00 PM,,,,,,,,,,,,,,,,,,0.013,,,,,,,,KEARL LAKE,KEARL LAKE,,'---,mg/l,3627,UNIVERSITY OF ALBERTA - BIOGEOCHEMICAL ANALYTICAL SERVICE LABORATORY,01SWE03883,01SWE03883,0.001,09/13/2001 11:00 AM,Centre,VERTICAL INTEGRATED,,,,
Mid,09/04/2002 12:00 PM,,,,,,,,,,,,,,,,,,0.009,,,,,,,,KEARL LAKE,KEARL LAKE,,'---,mg/l,3627,UNIVERSITY OF ALBERTA - BIOGEOCHEMICAL ANALYTICAL SERVICE LABORATORY,02SWE03131,02SWE03131,0.001,09/04/2002 11:00 AM,Centre,DISCRETE SAMPLE (GRAB),,,,
Mid,08/31/2003 12:00 PM,,,,,,,,,,,,,,,,,,0.023,,,,,,,,KEARL LAKE,KEARL LAKE,,'---,mg/l,3627,UNIVERSITY OF ALBERTA - BIOGEOCHEMICAL ANALYTICAL SERVICE LABORATORY,03SWE02484,03SWE02484,0.001,08/31/2003 11:00 AM,Centre,DISCRETE SAMPLE (GRAB),,,,
Mid,06/17/2004 2:30 PM,,,,,,,,,,,,,,,,,,0.021,,,,,,,,KEARL LAKE,KEARL LAKE,,'---,mg/l,3627,UNIVERSITY OF ALBERTA - BIOGEOCHEMICAL ANALYTICAL SERVICE LABORATORY,04SWE01029,04SWE01030,0.001,06/17/2004 1:30 PM,Centre,DISCRETE SAMPLE (GRAB),,,,
Mid,07/14/2004 9:15 AM,,,,,,,,,,,,,,,,,,0.025,,,,,,,,KEARL LAKE,KEARL LAKE,,'---,mg/l,3627,UNIVERSITY OF ALBERTA - BIOGEOCHEMICAL ANALYTICAL SERVICE LABORATORY,04SWE01843,04SWE01844,0.001,07/14/2004 8:15 AM,Centre,DISCRETE SAMPLE (GRAB),,,,
Mid,08/24/2004 3:05 PM,,,,,,,,,,,,,,,,,,0.027,,,,,,,,KEARL LAKE,KEARL LAKE,,'---,mg/l,3627,UNIVERSITY OF ALBERTA - BIOGEOCHEMICAL ANALYTICAL SERVICE LABORATORY,04SWE02174,04SWE02174,0.001,08/24/2004 2:05 PM,Centre,SINGLE EUPHOTIC COMPOSITE,,,,
Mid,09/25/2004 1:10 PM,,,,,,,,,,,,,,,,,,0.028,,,,,,,,KEARL LAKE,KEARL LAKE,,'---,mg/l,3627,UNIVERSITY OF ALBERTA - BIOGEOCHEMICAL ANALYTICAL SERVICE LABORATORY,04SWE03253,04SWE03254,0.001,09/25/2004 12:10 PM,Centre,SINGLE EUPHOTIC COMPOSITE,,,,
Mid,04/07/2005 8:00 AM,,,,,,,,,,,,,,,,,,0.017,,,,,,,,KEARL LAKE,KEARL LAKE,1,'---,mg/l,3627,UNIVERSITY OF ALBERTA - BIOGEOCHEMICAL ANALYTICAL SERVICE LABORATORY,05SWE01009,05SWE01010,0.001,04/07/2005 7:00 AM,Centre,DISCRETE SAMPLE (GRAB),,,,
Mid,05/26/2005 12:00 PM,,,,,,,,,,,,,,,,,,0.02,,,,,,,,KEARL LAKE,KEARL LAKE,,'---,mg/l,3627,UNIVERSITY OF ALBERTA - BIOGEOCHEMICAL ANALYTICAL SERVICE LABORATORY,05SWE04399,05SWE04399,0.001,05/26/2005 11:00 AM,Centre,DISCRETE SAMPLE (GRAB),,,,
Mid,07/13/2005 12:00 PM,,,,,,,,,,,,,,,,,,0.023,,,,,,,,KEARL LAKE,KEARL LAKE,,'---,mg/l,3627,UNIVERSITY OF ALBERTA - BIOGEOCHEMICAL ANALYTICAL SERVICE LABORATORY,05SWE04409,05SWE04409,0.001,07/13/2005 11:00 AM,Centre,DISCRETE SAMPLE (GRAB),,,,
Mid,08/30/2005 8:55 AM,,,,,,,,,,,,,,,,,,0.022,,,,,,,,KEARL LAKE,KEARL LAKE,,'---,mg/l,3627,UNIVERSITY OF ALBERTA - BIOGEOCHEMICAL ANALYTICAL SERVICE LABORATORY,05SWE03024,05SWE03025,0.001,08/30/2005 7:55 AM,Centre,DISCRETE SAMPLE (GRAB),,,,
Mid,09/28/2005 12:00 PM,,,,,,,,,,,,,,,,,,0.025,,,,,,,,KEARL LAKE,KEARL LAKE,,'---,mg/l,3627,UNIVERSITY OF ALBERTA - BIOGEOCHEMICAL ANALYTICAL SERVICE LABORATORY,05SWE04418,05SWE04418,0.001,09/28/2005 11:00 AM,Centre,DISCRETE SAMPLE (GRAB),,,,
Mid,08/23/2006 12:00 PM,,,,,,,,,,,,,,,,,,0.034,,,,,,,,KEARL LAKE,KEARL LAKE,,'---,mg/l,3627,UNIVERSITY OF ALBERTA - BIOGEOCHEMICAL ANALYTICAL SERVICE LABORATORY,06SWE03220,06SWE01907,0.001,08/23/2006 11:00 AM,Centre,DISCRETE SAMPLE (GRAB),,,,
Mid,08/23/2007 9:45 AM,,,,,,,,,,,,,,,,,,0.039,,,,,,,,KEARL LAKE,KEARL LAKE,,'---,mg/l,3627,UNIVERSITY OF ALBERTA - BIOGEOCHEMICAL ANALYTICAL SERVICE LABORATORY,07SWE02704,07SWE02704,0.001,08/23/2007 8:45 AM,Centre,SINGLE EUPHOTIC COMPOSITE,,,,
Mid,09/05/2008 12:15 PM,,,,,,,,,,,,,,,,,,0.021,,,,,,,,KEARL LAKE,KEARL LAKE,,'---,mg/l,3627,UNIVERSITY OF ALBERTA - BIOGEOCHEMICAL ANALYTICAL SERVICE LABORATORY,08SWE03960,08SWE02165,0.001,09/05/2008 11:15 AM,Centre,DISCRETE SAMPLE (GRAB),,,,
Mid,08/17/2009 4:15 PM,,,,,,,,,,,,,,,,,,0.019,,,,,,,,KEARL LAKE,KEARL LAKE,,'---,mg/l,3627,UNIVERSITY OF ALBERTA - BIOGEOCHEMICAL ANALYTICAL SERVICE LABORATORY,09SWE00811,09SWE00715,0.001,08/17/2009 3:15 PM,Centre,DISCRETE SAMPLE (GRAB),,,,
Mid,08/31/2010 3:45 PM,,,,,,,,,,,,,,,,,,0.03,,,,,,,,KEARL LAKE,KEARL LAKE,,'---,mg/l,3627,UNIVERSITY OF ALBERTA - BIOGEOCHEMICAL ANALYTICAL SERVICE LABORATORY,10SWE01442,10SWE01443,0.001,08/31/2010 2:45 PM,Centre,DISCRETE SAMPLE (GRAB),,,,
Mid,09/01/2011 8:30 AM,,,,,,,,,,,,,,,,,,0.03,,,,,,,,KEARL LAKE,KEARL LAKE,,'---,mg/l,3627,UNIVERSITY OF ALBERTA - BIOGEOCHEMICAL ANALYTICAL SERVICE LABORATORY,11SWE06688,11SWE06689,0.001,09/01/2011 7:30 AM,Centre,DISCRETE SAMPLE (GRAB),,,,
Mid,08/26/2012 3:45 PM,,,,,,,,,,,,,,,,,,0.023,,,,,,,,KEARL LAKE,KEARL LAKE,,'---,mg/l,3627,UNIVERSITY OF ALBERTA - BIOGEOCHEMICAL ANALYTICAL SERVICE LABORATORY,12SWE02081,12SWE02082,0.002,08/26/2012 2:45 PM,Centre,DISCRETE SAMPLE (GRAB),,,,
Mid,08/28/2013 1:10 PM,,,,,,,,,,,,,,,,,,0.018,,,,,,,,KEARL LAKE,KEARL LAKE,,'---,mg/l,3627,UNIVERSITY OF ALBERTA - BIOGEOCHEMICAL ANALYTICAL SERVICE LABORATORY,13SWE02340,13SWE02341,0.002,08/28/2013 12:10 PM,Centre,DISCRETE SAMPLE (GRAB),,,,
Mid,08/18/2014 4:00 PM,,,,,,,,,,,,,,,,,,0.016,,,,,,,,KEARL LAKE,KEARL LAKE,,'---,mg/l,3627,UNIVERSITY OF ALBERTA - BIOGEOCHEMICAL ANALYTICAL SERVICE LABORATORY,14SWE02236,14SWE02237,0.001,08/18/2014 3:00 PM,Centre,SINGLE EUPHOTIC COMPOSITE,,,,
Mid,08/29/2015 7:30 AM,,,,,,,,,,,,,,,,,,0.001,,,,,,,,KEARL LAKE,KEARL LAKE,,'---,mg/l,3627,UNIVERSITY OF ALBERTA - BIOGEOCHEMICAL ANALYTICAL SERVICE LABORATORY,15SWE05523,15SWE05526,0.001,08/29/2015 8:15 AM,Centre,TRIP BLANK,,,,
Mid,08/29/2015 7:30 AM,,,,,,,,,,,,,,,,,,0.019,,,,,,,,KEARL LAKE,KEARL LAKE,,'---,mg/l,3627,UNIVERSITY OF ALBERTA - BIOGEOCHEMICAL ANALYTICAL SERVICE LABORATORY,15SWE05523,15SWE05524,0.001,08/29/2015 6:30 AM,Centre,DISCRETE SAMPLE (GRAB),,,,
Mid,08/29/2015 7:30 AM,,,,,,,,,,,,,,,,,,0.001,,,,,,,,KEARL LAKE,KEARL LAKE,,'---,mg/l,3627,UNIVERSITY OF ALBERTA - BIOGEOCHEMICAL ANALYTICAL SERVICE LABORATORY,15SWE05523,15SWE05525,0.001,08/29/2015 8:00 AM,Centre,FIELD BLANK,,,,
Mid,08/26/2016 11:45 AM,,,,,,,,,,,,,,,,,,0.027,,,,,,,,KEARL LAKE,KEARL LAKE,,'---,mg/l,3627,UNIVERSITY OF ALBERTA - BIOGEOCHEMICAL ANALYTICAL SERVICE LABORATORY,16SWE08263,16SWE08264,0.001,08/26/2016 10:45 AM,Centre,SINGLE EUPHOTIC COMPOSITE,,,,
Mid,08/25/2017 7:45 AM,,,,,,,,,,,,,,,,,,0.021,,,,,,,,KEARL LAKE,KEARL LAKE,,'---,mg/l,3627,UNIVERSITY OF ALBERTA - BIOGEOCHEMICAL ANALYTICAL SERVICE LABORATORY,17SWE12773,17SWE12774,0.001,08/25/2017 6:45 AM,Centre,DISCRETE SAMPLE (GRAB),,,,
Mid,03/24/2003 12:00 PM,,,,,,,,,,,,,,,,,,0.015,,,,,,,,KEARL LAKE,KEARL LAKE,,'---,mg/l,567,ETL,104242,NULL,0.001,03/24/2003 12:00 PM,'---,,,,,
Mid,07/26/2004 12:00 PM,,,,,,,,,,,,,,,,,,0.019,,,,,,,,KEARL LAKE,KEARL LAKE,,'---,mg/l,567,ETL,104239,,0.001,07/26/2004 11:00 AM,'---,,,,,
Mid,07/22/2005 12:00 PM,,,,,,,,,,,,,,,,,,0.016,,,,,,,,KEARL LAKE,KEARL LAKE,,'---,mg/l,567,ETL,104236,NULL,0.001,07/22/2005 11:00 AM,'---,,,,,
Mid,09/14/2006 12:00 PM,,,,,,,,,,,,,,,,,,0.046,,,,,,,,KEARL LAKE,KEARL LAKE,,'---,mg/l,567,"ALS (FORMERLY ENVIRO-TEST) LABORATORIES, EDMONTON, ALBERTA",104233,,0.001,09/14/2006 11:00 AM,'---,,,,,
Mid,09/11/2007 12:00 PM,,,,,,,,,,,,,,,,,,0.041,,,,,,,,KEARL LAKE,KEARL LAKE,,'---,mg/l,567,"ALS (FORMERLY ENVIRO-TEST) LABORATORIES, EDMONTON, ALBERTA",104230,,0.001,09/11/2007 11:00 AM,'---,,,,,
Mid,09/18/2009 12:00 PM,,,,,,,,,,,,,,,,,,0.0196,,,,,,,,KEARL LAKE,KEARL LAKE,,'---,mg/l,567,"ALS (FORMERLY ENVIRO-TEST) LABORATORIES, EDMONTON, ALBERTA",104227,,0.001,09/18/2009 11:00 AM,'---,,,,,
Mid,09/10/2011 12:00 PM,,,,,,,,,,,,,,,,,,0.0218,,,,,,,,KEARL LAKE,KEARL LAKE,,'---,mg/l,567,"ALS (FORMERLY ENVIRO-TEST) LABORATORIES, EDMONTON, ALBERTA",106085,,0.001,09/10/2011 11:00 AM,'---,,,,,
Mid,09/08/2012 12:00 PM,,,,,,,,,,,,,,,,,,0.0202,,,,,,,,KEARL LAKE,KEARL LAKE,,'---,mg/l,567,"ALS (FORMERLY ENVIRO-TEST) LABORATORIES, EDMONTON, ALBERTA",106088,,0.001,09/08/2012 11:00 AM,'---,,,,,
Mid,09/07/2013 12:00 PM,,,,,,,,,,,,,,,,,,0.0315,,,,,,,,KEARL LAKE,KEARL LAKE,,'---,mg/l,567,"ALS (FORMERLY ENVIRO-TEST) LABORATORIES, EDMONTON, ALBERTA",106968,,0.001,09/07/2013 11:00 AM,'---,,,,,
Mid,09/11/2014 12:00 PM,,,,,,,,,,,,,,,,,,0.0115,,,,,,,,KEARL LAKE,KEARL LAKE,,'---,mg/l,567,"ALS (FORMERLY ENVIRO-TEST) LABORATORIES, EDMONTON, ALBERTA",107422,,0.001,09/11/2014 11:00 AM,'---,,,,,
Mid,03/17/2009 9:25 AM,,,,,,,,,,,,,,,,,,0.016,,,,,,,,KEARL LAKE,KEARL LAKE,,'---,mg/l,582,"ALBERTA RESEARCH COUNCIL, INORGANIC ANALYSIS LABORATORY",09SWE00382,09SWE00382-01,,03/17/2009 8:25 AM,Centre,DISCRETE SAMPLE (GRAB),,,,
Mid,03/15/2016 12:00 PM,,,,,,,,,,,,,,,,,,0.035,,,,,,,,KEARL LAKE,KEARL LAKE,,'---,mg/l,443,"MAXXAM (CHEMEX) LABS ALBERTA INC., CALGARY, ALBERTA.",112630,,0.003,03/15/2016 11:00 AM,'---,,,,,
Mid,07/19/2016 12:00 PM,,,,,,,,,,,,,,,,,,0.038,,,,,,,,KEARL LAKE,KEARL LAKE,,'---,mg/l,443,"MAXXAM (CHEMEX) LABS ALBERTA INC., CALGARY, ALBERTA.",112429,,0.003,07/19/2016 11:00 AM,'---,,,,,
Mid,09/20/2016 12:00 PM,,,,,,,,,,,,,,,,,,0.017,,,,,,,,KEARL LAKE,KEARL LAKE,,'---,mg/l,443,"MAXXAM (CHEMEX) LABS ALBERTA INC., CALGARY, ALBERTA.",112237,,0.003,09/20/2016 11:00 AM,'---,,,,,
Mid,03/13/2017 12:00 PM,,,,,,,,,,,,,,,,,,0.028,,,,,,,,KEARL LAKE,KEARL LAKE,,'---,mg/l,443,"MAXXAM (CHEMEX) LABS ALBERTA INC., CALGARY, ALBERTA.",111802,,0.003,03/13/2017 11:00 AM,'---,,,,,
Mid,09/18/2020 10:40 AM,,,,,,,,,,,,,,,,,,0.0077,,,,,,,,KEARL LAKE,KEARL LAKE,0.1,'---,mg/l,443,"MAXXAM (CHEMEX) LABS ALBERTA INC., CALGARY, ALBERTA.",20SWE11038,20SWE11039,0.003,09/18/2020 9:40 AM,Centre,DISCRETE SAMPLE (GRAB),,,,
Mid,08/18/2021 3:15 PM,,,,,,,,,,,,,,,,,,0.025,,,,,,,,KEARL LAKE,KEARL LAKE,0.1,'---,mg/l,443,"MAXXAM (CHEMEX) LABS ALBERTA INC., CALGARY, ALBERTA.",21SWE04621,21SWE04621-01,0.003,08/18/2021 2:15 PM,Centre,DISCRETE SAMPLE (GRAB),,,,
Mid,09/16/2022 7:20 AM,,,,,,,,,,,,,,,,,,0.034,,,,,,,,KEARL LAKE,KEARL LAKE,0.1,'---,mg/l,443,"MAXXAM (CHEMEX) LABS ALBERTA INC., CALGARY, ALBERTA.",22SWE04634,22SWE04634-01,0.03,09/16/2022 6:20 AM,Centre,DISCRETE SAMPLE (GRAB),,,,
Mid,09/27/2000 12:00 PM,,,,,,,,,,,,,,,,,,,0.009,,,,,,,KEARL LAKE,KEARL LAKE,,'---,mg/l,3626,UNIVERSITY OF ALBERTA - BIOGEOCHEMICAL ANALYTICAL SERVICE LABORATORY,00SWE04029,00SWE04029,0.001,09/27/2000 11:00 AM,Centre,EUPHOTIC COMPOSITE,,,,
Mid,09/13/2001 12:00 PM,,,,,,,,,,,,,,,,,,,0.013,,,,,,,KEARL LAKE,KEARL LAKE,,'---,mg/l,3626,UNIVERSITY OF ALBERTA - BIOGEOCHEMICAL ANALYTICAL SERVICE LABORATORY,01SWE03883,01SWE03883,0.001,09/13/2001 11:00 AM,Centre,VERTICAL INTEGRATED,,,,
Mid,09/04/2002 12:00 PM,,,,,,,,,,,,,,,,,,,0.002,,,,,,,KEARL LAKE,KEARL LAKE,,'---,mg/l,3626,UNIVERSITY OF ALBERTA - BIOGEOCHEMICAL ANALYTICAL SERVICE LABORATORY,02SWE03131,02SWE03131,0.001,09/04/2002 11:00 AM,Centre,DISCRETE SAMPLE (GRAB),,,,
Mid,08/31/2003 12:00 PM,,,,,,,,,,,,,,,,,,,0.006,,,,,,,KEARL LAKE,KEARL LAKE,,'---,mg/l,3626,UNIVERSITY OF ALBERTA - BIOGEOCHEMICAL ANALYTICAL SERVICE LABORATORY,03SWE02484,03SWE02484,0.001,08/31/2003 11:00 AM,Centre,DISCRETE SAMPLE (GRAB),,,,
Mid,06/17/2004 2:30 PM,,,,,,,,,,,,,,,,,,,0.003,,,,,,,KEARL LAKE,KEARL LAKE,,'---,mg/l,3626,UNIVERSITY OF ALBERTA - BIOGEOCHEMICAL ANALYTICAL SERVICE LABORATORY,04SWE01029,04SWE01030,0.001,06/17/2004 1:30 PM,Centre,DISCRETE SAMPLE (GRAB),,,,
Mid,07/14/2004 9:15 AM,,,,,,,,,,,,,,,,,,,0.009,,,,,,,KEARL LAKE,KEARL LAKE,,'---,mg/l,3626,UNIVERSITY OF ALBERTA - BIOGEOCHEMICAL ANALYTICAL SERVICE LABORATORY,04SWE01843,04SWE01844,0.001,07/14/2004 8:15 AM,Centre,DISCRETE SAMPLE (GRAB),,,,
Mid,08/24/2004 3:05 PM,,,,,,,,,,,,,,,,,,,0.007,,,,,,,KEARL LAKE,KEARL LAKE,,'---,mg/l,3626,UNIVERSITY OF ALBERTA - BIOGEOCHEMICAL ANALYTICAL SERVICE LABORATORY,04SWE02174,04SWE02174,0.001,08/24/2004 2:05 PM,Centre,SINGLE EUPHOTIC COMPOSITE,,,,
Mid,09/25/2004 1:10 PM,,,,,,,,,,,,,,,,,,,0.007,,,,,,,KEARL LAKE,KEARL LAKE,,'---,mg/l,3626,UNIVERSITY OF ALBERTA - BIOGEOCHEMICAL ANALYTICAL SERVICE LABORATORY,04SWE03253,04SWE03254,0.001,09/25/2004 12:10 PM,Centre,SINGLE EUPHOTIC COMPOSITE,,,,
Mid,04/07/2005 8:00 AM,,,,,,,,,,,,,,,,,,,0.007,,,,,,,KEARL LAKE,KEARL LAKE,1,'---,mg/l,3626,UNIVERSITY OF ALBERTA - BIOGEOCHEMICAL ANALYTICAL SERVICE LABORATORY,05SWE01009,05SWE01010,0.001,04/07/2005 7:00 AM,Centre,DISCRETE SAMPLE (GRAB),,,,
Mid,05/26/2005 12:00 PM,,,,,,,,,,,,,,,,,,,0.007,,,,,,,KEARL LAKE,KEARL LAKE,,'---,mg/l,3626,UNIVERSITY OF ALBERTA - BIOGEOCHEMICAL ANALYTICAL SERVICE LABORATORY,05SWE04399,05SWE04399,0.001,05/26/2005 11:00 AM,Centre,DISCRETE SAMPLE (GRAB),,,,
Mid,07/13/2005 12:00 PM,,,,,,,,,,,,,,,,,,,0.009,,,,,,,KEARL LAKE,KEARL LAKE,,'---,mg/l,3626,UNIVERSITY OF ALBERTA - BIOGEOCHEMICAL ANALYTICAL SERVICE LABORATORY,05SWE04409,05SWE04409,0.001,07/13/2005 11:00 AM,Centre,DISCRETE SAMPLE (GRAB),,,,
Mid,08/30/2005 8:55 AM,,,,,,,,,,,,,,,,,,,0.005,,,,,,,KEARL LAKE,KEARL LAKE,,'---,mg/l,3626,UNIVERSITY OF ALBERTA - BIOGEOCHEMICAL ANALYTICAL SERVICE LABORATORY,05SWE03024,05SWE03025,0.001,08/30/2005 7:55 AM,Centre,DISCRETE SAMPLE (GRAB),,,,
Mid,09/28/2005 12:00 PM,,,,,,,,,,,,,,,,,,,0.006,,,,,,,KEARL LAKE,KEARL LAKE,,'---,mg/l,3626,UNIVERSITY OF ALBERTA - BIOGEOCHEMICAL ANALYTICAL SERVICE LABORATORY,05SWE04418,05SWE04418,0.001,09/28/2005 11:00 AM,Centre,DISCRETE SAMPLE (GRAB),,,,
Mid,08/23/2006 12:00 PM,,,,,,,,,,,,,,,,,,,0.007,,,,,,,KEARL LAKE,KEARL LAKE,,'---,mg/l,3626,UNIVERSITY OF ALBERTA - BIOGEOCHEMICAL ANALYTICAL SERVICE LABORATORY,06SWE03220,06SWE01907,0.001,08/23/2006 11:00 AM,Centre,DISCRETE SAMPLE (GRAB),,,,
Mid,08/23/2007 9:45 AM,,,,,,,,,,,,,,,,,,,0.039,,,,,,,KEARL LAKE,KEARL LAKE,,'---,mg/l,3626,UNIVERSITY OF ALBERTA - BIOGEOCHEMICAL ANALYTICAL SERVICE LABORATORY,07SWE02704,07SWE02704,0.001,08/23/2007 8:45 AM,Centre,SINGLE EUPHOTIC COMPOSITE,,,,
Mid,09/05/2008 12:15 PM,,,,,,,,,,,,,,,,,,,0.009,,,,,,,KEARL LAKE,KEARL LAKE,,'---,mg/l,3626,UNIVERSITY OF ALBERTA - BIOGEOCHEMICAL ANALYTICAL SERVICE LABORATORY,08SWE03960,08SWE02165,0.001,09/05/2008 11:15 AM,Centre,DISCRETE SAMPLE (GRAB),,,,
Mid,08/17/2009 4:15 PM,,,,,,,,,,,,,,,,,,,0.004,,,,,,,KEARL LAKE,KEARL LAKE,,'---,mg/l,3626,UNIVERSITY OF ALBERTA - BIOGEOCHEMICAL ANALYTICAL SERVICE LABORATORY,09SWE00811,09SWE00715,0.001,08/17/2009 3:15 PM,Centre,DISCRETE SAMPLE (GRAB),,,,
Mid,08/31/2010 3:45 PM,,,,,,,,,,,,,,,,,,,0.006,,,,,,,KEARL LAKE,KEARL LAKE,,'---,mg/l,3626,UNIVERSITY OF ALBERTA - BIOGEOCHEMICAL ANALYTICAL SERVICE LABORATORY,10SWE01442,10SWE01443,0.001,08/31/2010 2:45 PM,Centre,DISCRETE SAMPLE (GRAB),,,,
Mid,09/01/2011 8:30 AM,,,,,,,,,,,,,,,,,,,0.005,,,,,,,KEARL LAKE,KEARL LAKE,,'---,mg/l,3626,UNIVERSITY OF ALBERTA - BIOGEOCHEMICAL ANALYTICAL SERVICE LABORATORY,11SWE06688,11SWE06689,0.001,09/01/2011 7:30 AM,Centre,DISCRETE SAMPLE (GRAB),,,,
Mid,08/26/2012 3:45 PM,,,,,,,,,,,,,,,,,,,0.004,,,,,,,KEARL LAKE,KEARL LAKE,,'---,mg/l,3626,UNIVERSITY OF ALBERTA - BIOGEOCHEMICAL ANALYTICAL SERVICE LABORATORY,12SWE02081,12SWE02082,0.004,08/26/2012 2:45 PM,Centre,DISCRETE SAMPLE (GRAB),,,,
Mid,08/28/2013 1:10 PM,,,,,,,,,,,,,,,,,,,0.006,,,,,,,KEARL LAKE,KEARL LAKE,,'---,mg/l,3626,UNIVERSITY OF ALBERTA - BIOGEOCHEMICAL ANALYTICAL SERVICE LABORATORY,13SWE02340,13SWE02341,0.004,08/28/2013 12:10 PM,Centre,DISCRETE SAMPLE (GRAB),,,,
Mid,08/18/2014 4:00 PM,,,,,,,,,,,,,,,,,,,0.006,,,,,,,KEARL LAKE,KEARL LAKE,,'---,mg/l,3626,UNIVERSITY OF ALBERTA - BIOGEOCHEMICAL ANALYTICAL SERVICE LABORATORY,14SWE02236,14SWE02237,0.002,08/18/2014 3:00 PM,Centre,SINGLE EUPHOTIC COMPOSITE,,,,
Mid,08/29/2015 7:30 AM,,,,,,,,,,,,,,,,,,,0.002,,,,,,,KEARL LAKE,KEARL LAKE,,'---,mg/l,3626,UNIVERSITY OF ALBERTA - BIOGEOCHEMICAL ANALYTICAL SERVICE LABORATORY,15SWE05523,15SWE05526,0.002,08/29/2015 8:15 AM,Centre,TRIP BLANK,,,,
Mid,08/29/2015 7:30 AM,,,,,,,,,,,,,,,,,,,0.003,,,,,,,KEARL LAKE,KEARL LAKE,,'---,mg/l,3626,UNIVERSITY OF ALBERTA - BIOGEOCHEMICAL ANALYTICAL SERVICE LABORATORY,15SWE05523,15SWE05524,0.002,08/29/2015 6:30 AM,Centre,DISCRETE SAMPLE (GRAB),,,,
Mid,08/29/2015 7:30 AM,,,,,,,,,,,,,,,,,,,0.002,,,,,,,KEARL LAKE,KEARL LAKE,,'---,mg/l,3626,UNIVERSITY OF ALBERTA - BIOGEOCHEMICAL ANALYTICAL SERVICE LABORATORY,15SWE05523,15SWE05525,0.002,08/29/2015 8:00 AM,Centre,FIELD BLANK,,,,
Mid,08/26/2016 11:45 AM,,,,,,,,,,,,,,,,,,,0.005,,,,,,,KEARL LAKE,KEARL LAKE,,'---,mg/l,3626,UNIVERSITY OF ALBERTA - BIOGEOCHEMICAL ANALYTICAL SERVICE LABORATORY,16SWE08263,16SWE08264,0.002,08/26/2016 10:45 AM,Centre,SINGLE EUPHOTIC COMPOSITE,,,,
Mid,08/25/2017 7:45 AM,,,,,,,,,,,,,,,,,,,0.006,,,,,,,KEARL LAKE,KEARL LAKE,,'---,mg/l,3626,UNIVERSITY OF ALBERTA - BIOGEOCHEMICAL ANALYTICAL SERVICE LABORATORY,17SWE12773,17SWE12774,0.002,08/25/2017 6:45 AM,Centre,DISCRETE SAMPLE (GRAB),,,,
Mid,03/24/2003 12:00 PM,,,,,,,,,,,,,,,,,,,0.008,,,,,,,KEARL LAKE,KEARL LAKE,,'---,mg/l,567,ETL,104242,NULL,0.001,03/24/2003 12:00 PM,'---,,,,,
Mid,07/26/2004 12:00 PM,,,,,,,,,,,,,,,,,,,0.014,,,,,,,KEARL LAKE,KEARL LAKE,,'---,mg/l,567,ETL,104239,,0.001,07/26/2004 11:00 AM,'---,,,,,
Mid,07/22/2005 12:00 PM,,,,,,,,,,,,,,,,,,,0.005,,,,,,,KEARL LAKE,KEARL LAKE,,'---,mg/l,567,ETL,104236,NULL,0.001,07/22/2005 11:00 AM,'---,,,,,
Mid,09/14/2006 12:00 PM,,,,,,,,,,,,,,,,,,,0.008,,,,,,,KEARL LAKE,KEARL LAKE,,'---,mg/l,567,"ALS (FORMERLY ENVIRO-TEST) LABORATORIES, EDMONTON, ALBERTA",104233,,0.001,09/14/2006 11:00 AM,'---,,,,,
Mid,09/11/2007 12:00 PM,,,,,,,,,,,,,,,,,,,0.006,,,,,,,KEARL LAKE,KEARL LAKE,,'---,mg/l,567,"ALS (FORMERLY ENVIRO-TEST) LABORATORIES, EDMONTON, ALBERTA",104230,,0.001,09/11/2007 11:00 AM,'---,,,,,
Mid,09/18/2009 12:00 PM,,,,,,,,,,,,,,,,,,,0.0062,,,,,,,KEARL LAKE,KEARL LAKE,,'---,mg/l,567,"ALS (FORMERLY ENVIRO-TEST) LABORATORIES, EDMONTON, ALBERTA",104227,,0.001,09/18/2009 11:00 AM,'---,,,,,
Mid,09/10/2011 12:00 PM,,,,,,,,,,,,,,,,,,,0.0039,,,,,,,KEARL LAKE,KEARL LAKE,,'---,mg/l,567,"ALS (FORMERLY ENVIRO-TEST) LABORATORIES, EDMONTON, ALBERTA",106085,,0.001,09/10/2011 11:00 AM,'---,,,,,
Mid,09/08/2012 12:00 PM,,,,,,,,,,,,,,,,,,,0.0074,,,,,,,KEARL LAKE,KEARL LAKE,,'---,mg/l,567,"ALS (FORMERLY ENVIRO-TEST) LABORATORIES, EDMONTON, ALBERTA",106088,,0.001,09/08/2012 11:00 AM,'---,,,,,
Mid,09/07/2013 12:00 PM,,,,,,,,,,,,,,,,,,,0.0079,,,,,,,KEARL LAKE,KEARL LAKE,,'---,mg/l,567,"ALS (FORMERLY ENVIRO-TEST) LABORATORIES, EDMONTON, ALBERTA",106968,,0.001,09/07/2013 11:00 AM,'---,,,,,
Mid,09/11/2014 12:00 PM,,,,,,,,,,,,,,,,,,,0.0016,,,,,,,KEARL LAKE,KEARL LAKE,,'---,mg/l,567,"ALS (FORMERLY ENVIRO-TEST) LABORATORIES, EDMONTON, ALBERTA",107422,,0.001,09/11/2014 11:00 AM,'---,,,,,
Mid,03/17/2009 9:25 AM,,,,,,,,,,,,,,,,,,,0.012,,,,,,,KEARL LAKE,KEARL LAKE,,'---,mg/l,582,"ALBERTA RESEARCH COUNCIL, INORGANIC ANALYSIS LABORATORY",09SWE00382,09SWE00382-01,,03/17/2009 8:25 AM,Centre,DISCRETE SAMPLE (GRAB),,,,
Mid,03/15/2016 12:00 PM,,,,,,,,,,,,,,,,,,,0.003,,,,,,,KEARL LAKE,KEARL LAKE,,'---,mg/l,443,"MAXXAM (CHEMEX) LABS ALBERTA INC., CALGARY, ALBERTA.",112630,,0.003,03/15/2016 11:00 AM,'---,,,,,
Mid,07/19/2016 12:00 PM,,,,,,,,,,,,,,,,,,,0.014,,,,,,,KEARL LAKE,KEARL LAKE,,'---,mg/l,443,"MAXXAM (CHEMEX) LABS ALBERTA INC., CALGARY, ALBERTA.",112429,,0.003,07/19/2016 11:00 AM,'---,,,,,
Mid,09/20/2016 12:00 PM,,,,,,,,,,,,,,,,,,,0.005,,,,,,,KEARL LAKE,KEARL LAKE,,'---,mg/l,443,"MAXXAM (CHEMEX) LABS ALBERTA INC., CALGARY, ALBERTA.",112237,,0.003,09/20/2016 11:00 AM,'---,,,,,
Mid,03/13/2017 12:00 PM,,,,,,,,,,,,,,,,,,,0.003,,,,,,,KEARL LAKE,KEARL LAKE,,<,mg/l,443,"MAXXAM (CHEMEX) LABS ALBERTA INC., CALGARY, ALBERTA.",111802,,0.003,03/13/2017 11:00 AM,'---,,,,,
Mid,09/18/2020 10:40 AM,,,,,,,,,,,,,,,,,,,0.0042,,,,,,,KEARL LAKE,KEARL LAKE,0.1,'---,mg/l,443,"MAXXAM (CHEMEX) LABS ALBERTA INC., CALGARY, ALBERTA.",20SWE11038,20SWE11039,0.003,09/18/2020 9:40 AM,Centre,DISCRETE SAMPLE (GRAB),,,,
Mid,08/18/2021 3:15 PM,,,,,,,,,,,,,,,,,,,0.0041,,,,,,,KEARL LAKE,KEARL LAKE,0.1,'---,mg/l,443,"MAXXAM (CHEMEX) LABS ALBERTA INC., CALGARY, ALBERTA.",21SWE04621,21SWE04621-01,0.003,08/18/2021 2:15 PM,Centre,DISCRETE SAMPLE (GRAB),,,,
Mid,09/16/2022 7:20 AM,,,,,,,,,,,,,,,,,,,0.0079,,,,,,,KEARL LAKE,KEARL LAKE,0.1,'---,mg/l,443,"MAXXAM (CHEMEX) LABS ALBERTA INC., CALGARY, ALBERTA.",22SWE04634,22SWE04634-01,0.003,09/16/2022 6:20 AM,Centre,DISCRETE SAMPLE (GRAB),,,,
Mid,08/31/2003 12:00 PM,,,,,,,,,,,,,,,,,,,,8.3,,,,,,KEARL LAKE,KEARL LAKE,,'---,NTU,47,UNIVERSITY OF ALBERTA - BIOGEOCHEMICAL ANALYTICAL SERVICE LABORATORY,03SWE02484,03SWE02484,,08/31/2003 11:00 AM,Centre,DISCRETE SAMPLE (GRAB),,,,
Mid,07/14/2004 9:15 AM,,,,,,,,,,,,,,,,,,,,1.5,,,,,,KEARL LAKE,KEARL LAKE,,'---,NTU,47,UNIVERSITY OF ALBERTA - BIOGEOCHEMICAL ANALYTICAL SERVICE LABORATORY,04SWE01843,04SWE01844,,07/14/2004 8:15 AM,Centre,DISCRETE SAMPLE (GRAB),,,,
Mid,08/24/2004 3:05 PM,,,,,,,,,,,,,,,,,,,,1.5,,,,,,KEARL LAKE,KEARL LAKE,,'---,NTU,47,UNIVERSITY OF ALBERTA - BIOGEOCHEMICAL ANALYTICAL SERVICE LABORATORY,04SWE02174,04SWE02174,,08/24/2004 2:05 PM,Centre,SINGLE EUPHOTIC COMPOSITE,,,,
Mid,04/07/2005 8:00 AM,,,,,,,,,,,,,,,,,,,,1.45,,,,,,KEARL LAKE,KEARL LAKE,1,'---,NTU,47,UNIVERSITY OF ALBERTA - BIOGEOCHEMICAL ANALYTICAL SERVICE LABORATORY,05SWE01009,05SWE01010,,04/07/2005 7:00 AM,Centre,DISCRETE SAMPLE (GRAB),,,,
Mid,08/30/2005 8:55 AM,,,,,,,,,,,,,,,,,,,,1.5,,,,,,KEARL LAKE,KEARL LAKE,,'---,NTU,47,UNIVERSITY OF ALBERTA - BIOGEOCHEMICAL ANALYTICAL SERVICE LABORATORY,05SWE03024,05SWE03025,,08/30/2005 7:55 AM,Centre,DISCRETE SAMPLE (GRAB),,,,
Mid,08/23/2007 9:45 AM,,,,,,,,,,,,,,,,,,,,3.4,,,,,,KEARL LAKE,KEARL LAKE,,'---,NTU,47,UNIVERSITY OF ALBERTA - BIOGEOCHEMICAL ANALYTICAL SERVICE LABORATORY,07SWE02704,07SWE02704,,08/23/2007 8:45 AM,Centre,SINGLE EUPHOTIC COMPOSITE,,,,
Mid,09/05/2008 12:15 PM,,,,,,,,,,,,,,,,,,,,1.49,,,,,,KEARL LAKE,KEARL LAKE,,'---,NTU,47,UNIVERSITY OF ALBERTA - BIOGEOCHEMICAL ANALYTICAL SERVICE LABORATORY,08SWE03960,08SWE02165,,09/05/2008 11:15 AM,Centre,DISCRETE SAMPLE (GRAB),,,,
Mid,03/17/2009 9:25 AM,,,,,,,,,,,,,,,,,,,,0.85,,,,,,KEARL LAKE,KEARL LAKE,,'---,NTU,47,"ALBERTA RESEARCH COUNCIL, INORGANIC ANALYSIS LABORATORY",09SWE00382,09SWE00382-01,,03/17/2009 8:25 AM,Centre,DISCRETE SAMPLE (GRAB),,,,
Mid,08/17/2009 4:15 PM,,,,,,,,,,,,,,,,,,,,2.24,,,,,,KEARL LAKE,KEARL LAKE,,'---,NTU,47,UNIVERSITY OF ALBERTA - BIOGEOCHEMICAL ANALYTICAL SERVICE LABORATORY,09SWE00811,09SWE00715,,08/17/2009 3:15 PM,Centre,DISCRETE SAMPLE (GRAB),,,,
Mid,09/01/2011 8:30 AM,,,,,,,,,,,,,,,,,,,,2.75,,,,,,KEARL LAKE,KEARL LAKE,,'---,NTU,47,UNIVERSITY OF ALBERTA - BIOGEOCHEMICAL ANALYTICAL SERVICE LABORATORY,11SWE06688,11SWE06689,,09/01/2011 7:30 AM,Centre,DISCRETE SAMPLE (GRAB),,,,
Mid,08/26/2012 3:45 PM,,,,,,,,,,,,,,,,,,,,1.95,,,,,,KEARL LAKE,KEARL LAKE,,'---,NTU,47,UNIVERSITY OF ALBERTA - BIOGEOCHEMICAL ANALYTICAL SERVICE LABORATORY,12SWE02081,12SWE02082,,08/26/2012 2:45 PM,Centre,DISCRETE SAMPLE (GRAB),,,,
Mid,08/28/2013 1:10 PM,,,,,,,,,,,,,,,,,,,,1.42,,,,,,KEARL LAKE,KEARL LAKE,,'---,NTU,47,UNIVERSITY OF ALBERTA - BIOGEOCHEMICAL ANALYTICAL SERVICE LABORATORY,13SWE02340,13SWE02341,,08/28/2013 12:10 PM,Centre,DISCRETE SAMPLE (GRAB),,,,
Mid,08/18/2014 4:00 PM,,,,,,,,,,,,,,,,,,,,2.31,,,,,,KEARL LAKE,KEARL LAKE,,'---,NTU,47,UNIVERSITY OF ALBERTA - BIOGEOCHEMICAL ANALYTICAL SERVICE LABORATORY,14SWE02236,14SWE02237,,08/18/2014 3:00 PM,Centre,SINGLE EUPHOTIC COMPOSITE,,,,
Mid,08/29/2015 7:30 AM,,,,,,,,,,,,,,,,,,,,0.05,,,,,,KEARL LAKE,KEARL LAKE,,'---,NTU,47,UNIVERSITY OF ALBERTA - BIOGEOCHEMICAL ANALYTICAL SERVICE LABORATORY,15SWE05523,15SWE05526,,08/29/2015 8:15 AM,Centre,TRIP BLANK,,,,
Mid,08/29/2015 7:30 AM,,,,,,,,,,,,,,,,,,,,2.75,,,,,,KEARL LAKE,KEARL LAKE,,'---,NTU,47,UNIVERSITY OF ALBERTA - BIOGEOCHEMICAL ANALYTICAL SERVICE LABORATORY,15SWE05523,15SWE05524,,08/29/2015 6:30 AM,Centre,DISCRETE SAMPLE (GRAB),,,,
Mid,08/29/2015 7:30 AM,,,,,,,,,,,,,,,,,,,,0.07,,,,,,KEARL LAKE,KEARL LAKE,,'---,NTU,47,UNIVERSITY OF ALBERTA - BIOGEOCHEMICAL ANALYTICAL SERVICE LABORATORY,15SWE05523,15SWE05525,,08/29/2015 8:00 AM,Centre,FIELD BLANK,,,,
Mid,08/26/2016 11:45 AM,,,,,,,,,,,,,,,,,,,,3.77,,,,,,KEARL LAKE,KEARL LAKE,,'---,NTU,47,UNIVERSITY OF ALBERTA - BIOGEOCHEMICAL ANALYTICAL SERVICE LABORATORY,16SWE08263,16SWE08264,,08/26/2016 10:45 AM,Centre,SINGLE EUPHOTIC COMPOSITE,,,,
Mid,08/25/2017 7:45 AM,,,,,,,,,,,,,,,,,,,,1.03,,,,,,KEARL LAKE,KEARL LAKE,,'---,NTU,47,UNIVERSITY OF ALBERTA - BIOGEOCHEMICAL ANALYTICAL SERVICE LABORATORY,17SWE12773,17SWE12774,,08/25/2017 6:45 AM,Centre,DISCRETE SAMPLE (GRAB),,,,
Mid,03/15/2016 12:00 PM,,,,,,,,,,,,,,,,,,,,2.8,,,,,,KEARL LAKE,KEARL LAKE,,'---,NTU,409,"MAXXAM (CHEMEX) LABS ALBERTA INC., CALGARY, ALBERTA.",112630,,0.1,03/15/2016 11:00 AM,'---,,,,,
Mid,07/19/2016 12:00 PM,,,,,,,,,,,,,,,,,,,,5.3,,,,,,KEARL LAKE,KEARL LAKE,,'---,NTU,409,"MAXXAM (CHEMEX) LABS ALBERTA INC., CALGARY, ALBERTA.",112429,,0.1,07/19/2016 11:00 AM,'---,,,,,
Mid,09/20/2016 12:00 PM,,,,,,,,,,,,,,,,,,,,2.4,,,,,,KEARL LAKE,KEARL LAKE,,'---,NTU,409,"MAXXAM (CHEMEX) LABS ALBERTA INC., CALGARY, ALBERTA.",112237,,0.1,09/20/2016 11:00 AM,'---,,,,,
Mid,03/13/2017 12:00 PM,,,,,,,,,,,,,,,,,,,,1.6,,,,,,KEARL LAKE,KEARL LAKE,,'---,NTU,409,"MAXXAM (CHEMEX) LABS ALBERTA INC., CALGARY, ALBERTA.",111802,,0.1,03/13/2017 11:00 AM,'---,,,,,
Mid,09/18/2020 10:40 AM,,,,,,,,,,,,,,,,,,,,0.84,,,,,,KEARL LAKE,KEARL LAKE,0.1,'---,NTU,409,"MAXXAM (CHEMEX) LABS ALBERTA INC., CALGARY, ALBERTA.",20SWE11038,20SWE11039,0.1,09/18/2020 9:40 AM,Centre,DISCRETE SAMPLE (GRAB),,,,
Mid,08/18/2021 3:15 PM,,,,,,,,,,,,,,,,,,,,2.8,,,,,,KEARL LAKE,KEARL LAKE,0.1,'---,NTU,409,"MAXXAM (CHEMEX) LABS ALBERTA INC., CALGARY, ALBERTA.",21SWE04621,21SWE04621-01,0.1,08/18/2021 2:15 PM,Centre,DISCRETE SAMPLE (GRAB),,,,
Mid,09/16/2022 7:20 AM,,,,,,,,,,,,,,,,,,,,2.3,,,,,,KEARL LAKE,KEARL LAKE,0.1,'---,NTU,409,"MAXXAM (CHEMEX) LABS ALBERTA INC., CALGARY, ALBERTA.",22SWE04634,22SWE04634-01,0.1,09/16/2022 6:20 AM,Centre,DISCRETE SAMPLE (GRAB),,,,
Mid,03/24/2003 12:00 PM,,,,,,,,,,,,,,,,,,,,,0.4,,,,,KEARL LAKE,KEARL LAKE,,'---,µg/l,1847,Alberta Research Council,104242,NULL,0.0002,03/24/2003 12:00 PM,'---,,,,,
Mid,07/26/2004 12:00 PM,,,,,,,,,,,,,,,,,,,,,0.267,,,,,KEARL LAKE,KEARL LAKE,,'---,µg/l,1847,Alberta Research Council,104239,,0.0002,07/26/2004 11:00 AM,'---,,,,,
Mid,08/24/2004 3:05 PM,,,,,,,,,,,,,,,,,,,,,0.257,,,,,KEARL LAKE,KEARL LAKE,,'---,µg/l,1847,AITF-EAS (ENVIRONMENTAL ANALYTICAL SERVICES),04SWE02174,04SWE02174,,08/24/2004 2:05 PM,Centre,SINGLE EUPHOTIC COMPOSITE,,,,
Mid,07/22/2005 12:00 PM,,,,,,,,,,,,,,,,,,,,,0.342,,,,,KEARL LAKE,KEARL LAKE,,'---,µg/l,1847,Alberta Research Council,104236,NULL,0.0002,07/22/2005 11:00 AM,'---,,,,,
Mid,08/30/2005 8:55 AM,,,,,,,,,,,,,,,,,,,,,0.251,,,,,KEARL LAKE,KEARL LAKE,,'---,µg/l,1847,AITF-EAS (ENVIRONMENTAL ANALYTICAL SERVICES),05SWE03024,05SWE03025,,08/30/2005 7:55 AM,Centre,DISCRETE SAMPLE (GRAB),,,,
Mid,08/23/2006 12:00 PM,,,,,,,,,,,,,,,,,,,,,0.389,,,,,KEARL LAKE,KEARL LAKE,,'---,µg/l,1847,AITF-EAS (ENVIRONMENTAL ANALYTICAL SERVICES),06SWE03220,06SWE01907,,08/23/2006 11:00 AM,Centre,DISCRETE SAMPLE (GRAB),,,,
Mid,09/14/2006 12:00 PM,,,,,,,,,,,,,,,,,,,,,0.526,,,,,KEARL LAKE,KEARL LAKE,,'---,µg/l,1847,Alberta Research Council,104233,,0.00005,09/14/2006 11:00 AM,'---,,,,,
Mid,08/23/2007 9:45 AM,,,,,,,,,,,,,,,,,,,,,0.459,,,,,KEARL LAKE,KEARL LAKE,,'---,µg/l,1847,AITF-EAS (ENVIRONMENTAL ANALYTICAL SERVICES),07SWE02704,07SWE02704,,08/23/2007 8:45 AM,Centre,SINGLE EUPHOTIC COMPOSITE,,,,
Mid,09/11/2007 12:00 PM,,,,,,,,,,,,,,,,,,,,,0.454,,,,,KEARL LAKE,KEARL LAKE,,'---,µg/l,1847,Alberta Research Council,104230,,0.00005,09/11/2007 11:00 AM,'---,,,,,
Mid,09/05/2008 12:15 PM,,,,,,,,,,,,,,,,,,,,,0.425,,,,,KEARL LAKE,KEARL LAKE,,'---,µg/l,1847,AITF-EAS (ENVIRONMENTAL ANALYTICAL SERVICES),08SWE03960,08SWE02165,,09/05/2008 11:15 AM,Centre,DISCRETE SAMPLE (GRAB),,,,
Mid,03/17/2009 9:25 AM,,,,,,,,,,,,,,,,,,,,,0.215,,,,,KEARL LAKE,KEARL LAKE,,'---,µg/l,1847,"ALBERTA RESEARCH COUNCIL, INORGANIC ANALYSIS LABORATORY",09SWE00382,09SWE00382-01,,03/17/2009 8:25 AM,Centre,DISCRETE SAMPLE (GRAB),,,,
Mid,08/17/2009 4:15 PM,,,,,,,,,,,,,,,,,,,,,0.224,,,,,KEARL LAKE,KEARL LAKE,,'---,µg/l,1847,AITF-EAS (ENVIRONMENTAL ANALYTICAL SERVICES),09SWE00811,09SWE00715,,08/17/2009 3:15 PM,Centre,DISCRETE SAMPLE (GRAB),,,,
Mid,09/18/2009 12:00 PM,,,,,,,,,,,,,,,,,,,,,0.233,,,,,KEARL LAKE,KEARL LAKE,,'---,µg/l,1847,Alberta Research Council,104227,,0.00005,09/18/2009 11:00 AM,'---,,,,,
Mid,08/31/2010 3:45 PM,,,,,,,,,,,,,,,,,,,,,0.34,,,,,KEARL LAKE,KEARL LAKE,,'---,µg/l,1847,AITF-EAS (ENVIRONMENTAL ANALYTICAL SERVICES),10SWE01442,10SWE01443,0.1,08/31/2010 2:45 PM,Centre,DISCRETE SAMPLE (GRAB),,,,
Mid,09/01/2011 8:30 AM,,,,,,,,,,,,,,,,,,,,,0.305,,,,,KEARL LAKE,KEARL LAKE,,'---,µg/l,1847,AITF-EAS (ENVIRONMENTAL ANALYTICAL SERVICES),11SWE06688,11SWE06689,0.1,09/01/2011 7:30 AM,Centre,DISCRETE SAMPLE (GRAB),,,,
Mid,09/10/2011 12:00 PM,,,,,,,,,,,,,,,,,,,,,0.221,,,,,KEARL LAKE,KEARL LAKE,,'---,µg/l,1847,AITF-EAS (ENVIRONMENTAL ANALYTICAL SERVICES),106085,,0.0001,09/10/2011 11:00 AM,'---,,,,,
Mid,08/26/2012 3:45 PM,,,,,,,,,,,,,,,,,,,,,0.215,,,,,KEARL LAKE,KEARL LAKE,,'---,µg/l,1847,AITF-EAS (ENVIRONMENTAL ANALYTICAL SERVICES),12SWE02081,12SWE02082,0.1,08/26/2012 2:45 PM,Centre,DISCRETE SAMPLE (GRAB),,,,
Mid,09/08/2012 12:00 PM,,,,,,,,,,,,,,,,,,,,,0.249,,,,,KEARL LAKE,KEARL LAKE,,'---,µg/l,1847,AITF-EAS (ENVIRONMENTAL ANALYTICAL SERVICES),106088,,0.0001,09/08/2012 11:00 AM,'---,,,,,
Mid,08/28/2013 1:10 PM,,,,,,,,,,,,,,,,,,,,,0.237,,,,,KEARL LAKE,KEARL LAKE,,'---,µg/l,1847,AITF-EAS (ENVIRONMENTAL ANALYTICAL SERVICES),13SWE02340,13SWE02341,0.1,08/28/2013 12:10 PM,Centre,DISCRETE SAMPLE (GRAB),,,,
Mid,09/07/2013 12:00 PM,,,,,,,,,,,,,,,,,,,,,0.215,,,,,KEARL LAKE,KEARL LAKE,,'---,µg/l,1847,AITF-EAS (ENVIRONMENTAL ANALYTICAL SERVICES),106968,,0.0001,09/07/2013 11:00 AM,'---,,,,,
Mid,08/18/2014 4:00 PM,,,,,,,,,,,,,,,,,,,,,0.2,,,,,KEARL LAKE,KEARL LAKE,,'---,µg/l,1847,AITF-EAS (ENVIRONMENTAL ANALYTICAL SERVICES),14SWE02236,14SWE02237,0.01,08/18/2014 3:00 PM,Centre,SINGLE EUPHOTIC COMPOSITE,,,,
Mid,09/11/2014 12:00 PM,,,,,,,,,,,,,,,,,,,,,0.16,,,,,KEARL LAKE,KEARL LAKE,,'---,µg/l,1847,AITF-EAS (ENVIRONMENTAL ANALYTICAL SERVICES),107422,,0.00001,09/11/2014 11:00 AM,'---,,,,,
Mid,08/29/2015 7:30 AM,,,,,,,,,,,,,,,,,,,,,0.29,,,,,KEARL LAKE,KEARL LAKE,,'---,µg/l,1847,AITF-EAS (ENVIRONMENTAL ANALYTICAL SERVICES),15SWE05523,15SWE05524,0.01,08/29/2015 6:30 AM,Centre,DISCRETE SAMPLE (GRAB),,,,
Mid,03/15/2016 12:00 PM,,,,,,,,,,,,,,,,,,,,,0.17,,,,,KEARL LAKE,KEARL LAKE,,'---,µg/l,1847,AITF-EAS (ENVIRONMENTAL ANALYTICAL SERVICES),112630,,0.00001,03/15/2016 11:00 AM,'---,,,,,
Mid,07/19/2016 12:00 PM,,,,,,,,,,,,,,,,,,,,,0.4,,,,,KEARL LAKE,KEARL LAKE,,'---,µg/l,1847,AITF-EAS (ENVIRONMENTAL ANALYTICAL SERVICES),112429,,0.00001,07/19/2016 11:00 AM,'---,,,,,
Mid,08/26/2016 11:45 AM,,,,,,,,,,,,,,,,,,,,,0.33,,,,,KEARL LAKE,KEARL LAKE,,'---,µg/l,1847,AITF-EAS (ENVIRONMENTAL ANALYTICAL SERVICES),16SWE08263,16SWE08264,0.01,08/26/2016 10:45 AM,Centre,SINGLE EUPHOTIC COMPOSITE,,,,
Mid,09/20/2016 12:00 PM,,,,,,,,,,,,,,,,,,,,,0.19,,,,,KEARL LAKE,KEARL LAKE,,'---,µg/l,1847,AITF-EAS (ENVIRONMENTAL ANALYTICAL SERVICES),112237,,0.00001,09/20/2016 11:00 AM,'---,,,,,
Mid,03/13/2017 12:00 PM,,,,,,,,,,,,,,,,,,,,,0.23,,,,,KEARL LAKE,KEARL LAKE,,'---,µg/l,1847,AITF-EAS (ENVIRONMENTAL ANALYTICAL SERVICES),111802,,0.00001,03/13/2017 11:00 AM,'---,,,,,
Mid,08/25/2017 7:45 AM,,,,,,,,,,,,,,,,,,,,,0.174,,,,,KEARL LAKE,KEARL LAKE,,'---,µg/l,1847,AITF-EAS (ENVIRONMENTAL ANALYTICAL SERVICES),17SWE12773,17SWE12774,0.007,08/25/2017 6:45 AM,Centre,DISCRETE SAMPLE (GRAB),,,,
Mid,09/18/2020 10:40 AM,,,,,,,,,,,,,,,,,,,,,0.145,,,,,KEARL LAKE,KEARL LAKE,0.1,'---,µg/l,1847,AITF-EAS (ENVIRONMENTAL ANALYTICAL SERVICES),20SWE11038,20SWE11039,0.007,09/18/2020 9:40 AM,Centre,DISCRETE SAMPLE (GRAB),,,,
Mid,08/18/2021 3:15 PM,,,,,,,,,,,,,,,,,,,,,0.353,,,,,KEARL LAKE,KEARL LAKE,0.1,'---,µg/l,1847,AITF-EAS (ENVIRONMENTAL ANALYTICAL SERVICES),21SWE04621,21SWE04621-01,0.007,08/18/2021 2:15 PM,Centre,DISCRETE SAMPLE (GRAB),,,,
Mid,09/16/2022 7:20 AM,,,,,,,,,,,,,,,,,,,,,0.384,,,,,KEARL LAKE,KEARL LAKE,0.1,'---,µg/l,1847,AITF-EAS (ENVIRONMENTAL ANALYTICAL SERVICES),22SWE04634,22SWE04634-01,0.007,09/16/2022 6:20 AM,Centre,DISCRETE SAMPLE (GRAB),,,,
Mid,03/24/2003 12:00 PM,,,,,,,,,,,,,,,,,,,,,,0.4,,,,KEARL LAKE,KEARL LAKE,,'---,µg/l,1849,Alberta Research Council,104242,NULL,0.0002,03/24/2003 12:00 PM,'---,,,,,
Mid,07/26/2004 12:00 PM,,,,,,,,,,,,,,,,,,,,,,0.2,,,,KEARL LAKE,KEARL LAKE,,<,µg/l,1849,Alberta Research Council,104239,,0.0002,07/26/2004 11:00 AM,'---,,,,,
Mid,08/24/2004 3:05 PM,,,,,,,,,,,,,,,,,,,,,,0.201,,,,KEARL LAKE,KEARL LAKE,,'---,µg/l,1849,AITF-EAS (ENVIRONMENTAL ANALYTICAL SERVICES),04SWE02174,04SWE02174,,08/24/2004 2:05 PM,Centre,SINGLE EUPHOTIC COMPOSITE,,,,
Mid,07/22/2005 12:00 PM,,,,,,,,,,,,,,,,,,,,,,0.257,,,,KEARL LAKE,KEARL LAKE,,'---,µg/l,1849,Alberta Research Council,104236,NULL,0.00005,07/22/2005 11:00 AM,'---,,,,,
Mid,09/14/2006 12:00 PM,,,,,,,,,,,,,,,,,,,,,,0.311,,,,KEARL LAKE,KEARL LAKE,,'---,µg/l,1849,Alberta Research Council,104233,,0.00005,09/14/2006 11:00 AM,'---,,,,,
Mid,08/23/2007 9:45 AM,,,,,,,,,,,,,,,,,,,,,,0.325,,,,KEARL LAKE,KEARL LAKE,,'---,µg/l,1849,AITF-EAS (ENVIRONMENTAL ANALYTICAL SERVICES),07SWE02704,07SWE02704,,08/23/2007 8:45 AM,Centre,SINGLE EUPHOTIC COMPOSITE,,,,
Mid,09/11/2007 12:00 PM,,,,,,,,,,,,,,,,,,,,,,0.298,,,,KEARL LAKE,KEARL LAKE,,'---,µg/l,1849,Alberta Research Council,104230,,0.00005,09/11/2007 11:00 AM,'---,,,,,
Mid,09/05/2008 12:15 PM,,,,,,,,,,,,,,,,,,,,,,0.352,,,,KEARL LAKE,KEARL LAKE,,'---,µg/l,1849,AITF-EAS (ENVIRONMENTAL ANALYTICAL SERVICES),08SWE03960,08SWE02165,,09/05/2008 11:15 AM,Centre,DISCRETE SAMPLE (GRAB),,,,
Mid,03/17/2009 9:25 AM,,,,,,,,,,,,,,,,,,,,,,0.175,,,,KEARL LAKE,KEARL LAKE,,'---,µg/l,1849,"ALBERTA RESEARCH COUNCIL, INORGANIC ANALYSIS LABORATORY",09SWE00382,09SWE00382-01,,03/17/2009 8:25 AM,Centre,DISCRETE SAMPLE (GRAB),,,,
Mid,08/17/2009 4:15 PM,,,,,,,,,,,,,,,,,,,,,,0.161,,,,KEARL LAKE,KEARL LAKE,,'---,µg/l,1849,AITF-EAS (ENVIRONMENTAL ANALYTICAL SERVICES),09SWE00811,09SWE00715,,08/17/2009 3:15 PM,Centre,DISCRETE SAMPLE (GRAB),,,,
Mid,09/18/2009 12:00 PM,,,,,,,,,,,,,,,,,,,,,,0.164,,,,KEARL LAKE,KEARL LAKE,,'---,µg/l,1849,Alberta Research Council,104227,,0.00005,09/18/2009 11:00 AM,'---,,,,,
Mid,08/31/2010 3:45 PM,,,,,,,,,,,,,,,,,,,,,,0.246,,,,KEARL LAKE,KEARL LAKE,,'---,µg/l,1849,AITF-EAS (ENVIRONMENTAL ANALYTICAL SERVICES),10SWE01442,10SWE01443,0.1,08/31/2010 2:45 PM,Centre,DISCRETE SAMPLE (GRAB),,,,
Mid,09/01/2011 8:30 AM,,,,,,,,,,,,,,,,,,,,,,0.175,,,,KEARL LAKE,KEARL LAKE,,'---,µg/l,1849,AITF-EAS (ENVIRONMENTAL ANALYTICAL SERVICES),11SWE06688,11SWE06689,0.1,09/01/2011 7:30 AM,Centre,DISCRETE SAMPLE (GRAB),,,,
Mid,09/10/2011 12:00 PM,,,,,,,,,,,,,,,,,,,,,,0.209,,,,KEARL LAKE,KEARL LAKE,,'---,µg/l,1849,AITF-EAS (ENVIRONMENTAL ANALYTICAL SERVICES),106085,,0.0001,09/10/2011 11:00 AM,'---,,,,,
Mid,08/26/2012 3:45 PM,,,,,,,,,,,,,,,,,,,,,,0.17,,,,KEARL LAKE,KEARL LAKE,,'---,µg/l,1849,AITF-EAS (ENVIRONMENTAL ANALYTICAL SERVICES),12SWE02081,12SWE02082,0.1,08/26/2012 2:45 PM,Centre,DISCRETE SAMPLE (GRAB),,,,
Mid,09/08/2012 12:00 PM,,,,,,,,,,,,,,,,,,,,,,0.168,,,,KEARL LAKE,KEARL LAKE,,'---,µg/l,1849,AITF-EAS (ENVIRONMENTAL ANALYTICAL SERVICES),106088,,0.0001,09/08/2012 11:00 AM,'---,,,,,
Mid,08/28/2013 1:10 PM,,,,,,,,,,,,,,,,,,,,,,0.194,,,,KEARL LAKE,KEARL LAKE,,'---,µg/l,1849,AITF-EAS (ENVIRONMENTAL ANALYTICAL SERVICES),13SWE02340,13SWE02341,0.1,08/28/2013 12:10 PM,Centre,DISCRETE SAMPLE (GRAB),,,,
Mid,09/07/2013 12:00 PM,,,,,,,,,,,,,,,,,,,,,,0.171,,,,KEARL LAKE,KEARL LAKE,,'---,µg/l,1849,AITF-EAS (ENVIRONMENTAL ANALYTICAL SERVICES),106968,,0.0001,09/07/2013 11:00 AM,'---,,,,,
Mid,08/18/2014 4:00 PM,,,,,,,,,,,,,,,,,,,,,,0.12,,,,KEARL LAKE,KEARL LAKE,,'---,µg/l,1849,AITF-EAS (ENVIRONMENTAL ANALYTICAL SERVICES),14SWE02236,14SWE02237,0.02,08/18/2014 3:00 PM,Centre,SINGLE EUPHOTIC COMPOSITE,,,,
Mid,09/11/2014 12:00 PM,,,,,,,,,,,,,,,,,,,,,,0.11,,,,KEARL LAKE,KEARL LAKE,,'---,µg/l,1849,AITF-EAS (ENVIRONMENTAL ANALYTICAL SERVICES),107422,,0.00002,09/11/2014 11:00 AM,'---,,,,,
Mid,08/29/2015 7:30 AM,,,,,,,,,,,,,,,,,,,,,,0.18,,,,KEARL LAKE,KEARL LAKE,,'---,µg/l,1849,AITF-EAS (ENVIRONMENTAL ANALYTICAL SERVICES),15SWE05523,15SWE05524,0.02,08/29/2015 6:30 AM,Centre,DISCRETE SAMPLE (GRAB),,,,
Mid,03/15/2016 12:00 PM,,,,,,,,,,,,,,,,,,,,,,0.09,,,,KEARL LAKE,KEARL LAKE,,'---,µg/l,1849,AITF-EAS (ENVIRONMENTAL ANALYTICAL SERVICES),112630,,0.00002,03/15/2016 11:00 AM,'---,,,,,
Mid,07/19/2016 12:00 PM,,,,,,,,,,,,,,,,,,,,,,0.29,,,,KEARL LAKE,KEARL LAKE,,'---,µg/l,1849,AITF-EAS (ENVIRONMENTAL ANALYTICAL SERVICES),112429,,0.00002,07/19/2016 11:00 AM,'---,,,,,
Mid,08/26/2016 11:45 AM,,,,,,,,,,,,,,,,,,,,,,0.21,,,,KEARL LAKE,KEARL LAKE,,'---,µg/l,1849,AITF-EAS (ENVIRONMENTAL ANALYTICAL SERVICES),16SWE08263,16SWE08264,0.02,08/26/2016 10:45 AM,Centre,SINGLE EUPHOTIC COMPOSITE,,,,
Mid,09/20/2016 12:00 PM,,,,,,,,,,,,,,,,,,,,,,0.09,,,,KEARL LAKE,KEARL LAKE,,'---,µg/l,1849,AITF-EAS (ENVIRONMENTAL ANALYTICAL SERVICES),112237,,0.00002,09/20/2016 11:00 AM,'---,,,,,
Mid,03/13/2017 12:00 PM,,,,,,,,,,,,,,,,,,,,,,0.06,,,,KEARL LAKE,KEARL LAKE,,'---,µg/l,1849,AITF-EAS (ENVIRONMENTAL ANALYTICAL SERVICES),111802,,0.00002,03/13/2017 11:00 AM,'---,,,,,
Mid,08/25/2017 7:45 AM,,,,,,,,,,,,,,,,,,,,,,0.108,,,,KEARL LAKE,KEARL LAKE,,'---,µg/l,1849,AITF-EAS (ENVIRONMENTAL ANALYTICAL SERVICES),17SWE12773,17SWE12774,0.006,08/25/2017 6:45 AM,Centre,DISCRETE SAMPLE (GRAB),,,,
Mid,09/18/2020 10:40 AM,,,,,,,,,,,,,,,,,,,,,,0.072,,,,KEARL LAKE,KEARL LAKE,0.1,'---,µg/l,1849,AITF-EAS (ENVIRONMENTAL ANALYTICAL SERVICES),20SWE11038,20SWE11039,0.006,09/18/2020 9:40 AM,Centre,DISCRETE SAMPLE (GRAB),,,,
Mid,08/18/2021 3:15 PM,,,,,,,,,,,,,,,,,,,,,,0.34,,,,KEARL LAKE,KEARL LAKE,0.1,'---,µg/l,1849,AITF-EAS (ENVIRONMENTAL ANALYTICAL SERVICES),21SWE04621,21SWE04621-01,0.006,08/18/2021 2:15 PM,Centre,DISCRETE SAMPLE (GRAB),,,,
Mid,09/16/2022 7:20 AM,,,,,,,,,,,,,,,,,,,,,,0.298,,,,KEARL LAKE,KEARL LAKE,0.1,'---,µg/l,1849,AITF-EAS (ENVIRONMENTAL ANALYTICAL SERVICES),22SWE04634,22SWE04634-01,0.006,09/16/2022 6:20 AM,Centre,DISCRETE SAMPLE (GRAB),,,,
Mid,03/24/2003 12:00 PM,,,,,,,,,,,,,,,,,,,,,,,2,,,KEARL LAKE,KEARL LAKE,,'---,mg/l,331,ETL,104242,NULL,2,03/24/2003 12:00 PM,'---,,,,,
Mid,07/26/2004 12:00 PM,,,,,,,,,,,,,,,,,,,,,,,2,,,KEARL LAKE,KEARL LAKE,,<,mg/l,331,ETL,104239,,2,07/26/2004 11:00 AM,'---,,,,,
Mid,07/22/2005 12:00 PM,,,,,,,,,,,,,,,,,,,,,,,2,,,KEARL LAKE,KEARL LAKE,,'---,mg/l,331,ETL,104236,NULL,2,07/22/2005 11:00 AM,'---,,,,,
Mid,09/14/2006 12:00 PM,,,,,,,,,,,,,,,,,,,,,,,3,,,KEARL LAKE,KEARL LAKE,,'---,mg/l,331,"ALS (FORMERLY ENVIRO-TEST) LABORATORIES, EDMONTON, ALBERTA",104233,,2,09/14/2006 11:00 AM,'---,,,,,
Mid,09/11/2007 12:00 PM,,,,,,,,,,,,,,,,,,,,,,,2,,,KEARL LAKE,KEARL LAKE,,'---,mg/l,331,"ALS (FORMERLY ENVIRO-TEST) LABORATORIES, EDMONTON, ALBERTA",104230,,2,09/11/2007 11:00 AM,'---,,,,,
Mid,03/17/2009 9:25 AM,,,,,,,,,,,,,,,,,,,,,,,0.6,,,KEARL LAKE,KEARL LAKE,,'---,mg/l,331,"ALBERTA RESEARCH COUNCIL, INORGANIC ANALYSIS LABORATORY",09SWE00382,09SWE00382-01,,03/17/2009 8:25 AM,Centre,DISCRETE SAMPLE (GRAB),,,,
Mid,09/18/2009 12:00 PM,,,,,,,,,,,,,,,,,,,,,,,2.2,,,KEARL LAKE,KEARL LAKE,,'---,mg/l,331,"ALS (FORMERLY ENVIRO-TEST) LABORATORIES, EDMONTON, ALBERTA",104227,,2,09/18/2009 11:00 AM,'---,,,,,
Mid,09/10/2011 12:00 PM,,,,,,,,,,,,,,,,,,,,,,,2.2,,,KEARL LAKE,KEARL LAKE,,'---,mg/l,331,"ALS (FORMERLY ENVIRO-TEST) LABORATORIES, EDMONTON, ALBERTA",106085,,2,09/10/2011 11:00 AM,'---,,,,,
Mid,09/08/2012 12:00 PM,,,,,,,,,,,,,,,,,,,,,,,2,,,KEARL LAKE,KEARL LAKE,,'---,mg/l,331,"ALS (FORMERLY ENVIRO-TEST) LABORATORIES, EDMONTON, ALBERTA",106088,,2,09/08/2012 11:00 AM,'---,,,,,
Mid,09/07/2013 12:00 PM,,,,,,,,,,,,,,,,,,,,,,,2,,,KEARL LAKE,KEARL LAKE,,'---,mg/l,331,"ALS (FORMERLY ENVIRO-TEST) LABORATORIES, EDMONTON, ALBERTA",106968,,2,09/07/2013 11:00 AM,'---,,,,,
Mid,09/11/2014 12:00 PM,,,,,,,,,,,,,,,,,,,,,,,2,,,KEARL LAKE,KEARL LAKE,,<,mg/l,331,"ALS (FORMERLY ENVIRO-TEST) LABORATORIES, EDMONTON, ALBERTA",107422,,2,09/11/2014 11:00 AM,'---,,,,,
Mid,03/15/2016 12:00 PM,,,,,,,,,,,,,,,,,,,,,,,8.3,,,KEARL LAKE,KEARL LAKE,,'---,mg/l,331,"MAXXAM (CHEMEX) LABS ALBERTA INC., CALGARY, ALBERTA.",112630,,2,03/15/2016 11:00 AM,'---,,,,,
Mid,03/24/2003 12:00 PM,,,,,,,,,,,,,,,,,,,,,,,,0.24,,KEARL LAKE,KEARL LAKE,,'---,mg/l,0,FIELD,104242,NULL,0.01,03/24/2003 12:00 PM,'---,,,,,
Mid,09/15/2003 12:00 PM,,,,,,,,,,,,,,,,,,,,,,,,10,,KEARL LAKE,KEARL LAKE,,'---,mg/l,0,FIELD,107428,NULL,0.1,09/15/2003 11:00 AM,'---,,,,,
Mid,07/25/2004 12:00 PM,,,,,,,,,,,,,,,,,,,,,,,,7.2,,KEARL LAKE,KEARL LAKE,,'---,mg/l,0,FIELD,107807,NULL,0.1,07/25/2004 11:00 AM,1,,,,,
Mid,07/22/2005 12:00 PM,,,,,,,,,,,,,,,,,,,,,,,,8.22,,KEARL LAKE,KEARL LAKE,,'---,mg/l,0,FIELD,104236,NULL,0.01,07/22/2005 11:00 AM,'---,,,,,
Mid,09/14/2006 12:00 PM,,,,,,,,,,,,,,,,,,,,,,,,8.1,,KEARL LAKE,KEARL LAKE,,'---,mg/l,0,FIELD,104233,,,09/14/2006 11:00 AM,'---,,,,,
Mid,09/11/2007 12:00 PM,,,,,,,,,,,,,,,,,,,,,,,,9,,KEARL LAKE,KEARL LAKE,,'---,mg/l,0,FIELD,104230,,,09/11/2007 11:00 AM,'---,,,,,
Mid,09/09/2008 12:00 PM,,,,,,,,,,,,,,,,,,,,,,,,11,,KEARL LAKE,KEARL LAKE,,'---,mg/l,0,FIELD,107810,,,09/09/2008 11:00 AM,1,,,,,
Mid,09/18/2009 12:00 PM,,,,,,,,,,,,,,,,,,,,,,,,7.3,,KEARL LAKE,KEARL LAKE,,'---,mg/l,0,FIELD,104227,,,09/18/2009 11:00 AM,'---,,,,,
Mid,06/17/2004 2:30 PM,,,,,,,,,,,,,,,,,,,,,,,,9.86,,KEARL LAKE,KEARL LAKE,1,'---,mg/l,2730,FIELD,04SWE01029,04SWE01031,,06/17/2004 1:30 PM,Centre,DISCRETE SAMPLE (GRAB),,,,
Mid,06/17/2004 2:30 PM,,,,,,,,,,,,,,,,,,,,,,,,10.24,,KEARL LAKE,KEARL LAKE,2,'---,mg/l,2730,FIELD,04SWE01029,04SWE01032,,06/17/2004 1:30 PM,Centre,DISCRETE SAMPLE (GRAB),,,,
Mid,07/14/2004 9:15 AM,,,,,,,,,,,,,,,,,,,,,,,,8.25,,KEARL LAKE,KEARL LAKE,1.5,'---,mg/l,2730,FIELD,04SWE01843,04SWE01847,,07/14/2004 8:15 AM,Centre,DISCRETE SAMPLE (GRAB),,,,
Mid,07/14/2004 9:15 AM,,,,,,,,,,,,,,,,,,,,,,,,8.25,,KEARL LAKE,KEARL LAKE,0.1,'---,mg/l,2730,FIELD,04SWE01843,04SWE01845,,07/14/2004 8:15 AM,Centre,DISCRETE SAMPLE (GRAB),,,,
Mid,07/14/2004 9:15 AM,,,,,,,,,,,,,,,,,,,,,,,,8.24,,KEARL LAKE,KEARL LAKE,1,'---,mg/l,2730,FIELD,04SWE01843,04SWE01846,,07/14/2004 8:15 AM,Centre,DISCRETE SAMPLE (GRAB),,,,
Mid,09/25/2004 1:10 PM,,,,,,,,,,,,,,,,,,,,,,,,10.89,,KEARL LAKE,KEARL LAKE,0.1,'---,mg/l,2730,FIELD,04SWE03253,04SWE03255,,09/25/2004 12:10 PM,Centre,DISCRETE SAMPLE (GRAB),,,,
Mid,04/07/2005 8:00 AM,,,,,,,,,,,,,,,,,,,,,,,,1.89,,KEARL LAKE,KEARL LAKE,1,'---,mg/l,2730,FIELD,05SWE01009,05SWE01010,,04/07/2005 7:00 AM,Centre,DISCRETE SAMPLE (GRAB),,,,
Mid,04/07/2005 8:00 AM,,,,,,,,,,,,,,,,,,,,,,,,2.54,,KEARL LAKE,KEARL LAKE,1.5,'---,mg/l,2730,FIELD,05SWE01009,05SWE01011,,04/07/2005 7:01 AM,Centre,DISCRETE SAMPLE (GRAB),,,,
Mid,08/30/2005 8:55 AM,,,,,,,,,,,,,,,,,,,,,,,,8.42,,KEARL LAKE,KEARL LAKE,1.5,'---,mg/l,2730,FIELD,05SWE03024,05SWE04300,,08/30/2005 7:58 AM,Centre,DISCRETE SAMPLE (GRAB),,,,
Mid,08/30/2005 8:55 AM,,,,,,,,,,,,,,,,,,,,,,,,8.46,,KEARL LAKE,KEARL LAKE,1,'---,mg/l,2730,FIELD,05SWE03024,05SWE04299,,08/30/2005 7:57 AM,Centre,DISCRETE SAMPLE (GRAB),,,,
Mid,08/30/2005 8:55 AM,,,,,,,,,,,,,,,,,,,,,,,,8.47,,KEARL LAKE,KEARL LAKE,0.5,'---,mg/l,2730,FIELD,05SWE03024,05SWE04298,,08/30/2005 7:55 AM,Centre,DISCRETE SAMPLE (GRAB),,,,
Mid,08/30/2005 8:55 AM,,,,,,,,,,,,,,,,,,,,,,,,8.6,,KEARL LAKE,KEARL LAKE,0.1,'---,mg/l,2730,FIELD,05SWE03024,05SWE04297,,08/30/2005 7:55 AM,Centre,DISCRETE SAMPLE (GRAB),,,,
Mid,08/23/2006 12:00 PM,,,,,,,,,,,,,,,,,,,,,,,,7.86,,KEARL LAKE,KEARL LAKE,1.5,'---,mg/l,2730,FIELD,06SWE03220,06SWE03224,,08/23/2006 11:00 AM,Centre,DISCRETE SAMPLE (GRAB),,,,
Mid,08/23/2006 12:00 PM,,,,,,,,,,,,,,,,,,,,,,,,7.88,,KEARL LAKE,KEARL LAKE,1,'---,mg/l,2730,FIELD,06SWE03220,06SWE03223,,08/23/2006 11:00 AM,Centre,DISCRETE SAMPLE (GRAB),,,,
Mid,08/23/2006 12:00 PM,,,,,,,,,,,,,,,,,,,,,,,,7.93,,KEARL LAKE,KEARL LAKE,0.5,'---,mg/l,2730,FIELD,06SWE03220,06SWE03222,,08/23/2006 11:00 AM,Centre,DISCRETE SAMPLE (GRAB),,,,
Mid,08/23/2006 12:00 PM,,,,,,,,,,,,,,,,,,,,,,,,8.14,,KEARL LAKE,KEARL LAKE,0.1,'---,mg/l,2730,FIELD,06SWE03220,06SWE03221,,08/23/2006 11:00 AM,Centre,DISCRETE SAMPLE (GRAB),,,,
Mid,09/05/2008 12:15 PM,,,,,,,,,,,,,,,,,,,,,,,,11,,KEARL LAKE,KEARL LAKE,0.1,'---,mg/l,1788,FIELD,08SWE03960,08SWE03961,,09/05/2008 11:15 AM,Centre,DISCRETE SAMPLE (GRAB),,,,
Mid,03/17/2009 9:25 AM,,,,,,,,,,,,,,,,,,,,,,,,2.1,,KEARL LAKE,KEARL LAKE,,'---,mg/l,1788,FIELD,09SWE00382,09SWE00382-01,,03/17/2009 8:25 AM,Centre,DISCRETE SAMPLE (GRAB),,,,
Mid,08/17/2009 4:15 PM,,,,,,,,,,,,,,,,,,,,,,,,9.1,,KEARL LAKE,KEARL LAKE,1.5,'---,mg/l,1788,FIELD,09SWE00811,09SWE00816,,08/17/2009 3:19 PM,Centre,DISCRETE SAMPLE (GRAB),,,,
Mid,08/17/2009 4:15 PM,,,,,,,,,,,,,,,,,,,,,,,,9.69,,KEARL LAKE,KEARL LAKE,0.5,'---,mg/l,1788,FIELD,09SWE00811,09SWE00814,,08/17/2009 3:17 PM,Centre,DISCRETE SAMPLE (GRAB),,,,
Mid,08/17/2009 4:15 PM,,,,,,,,,,,,,,,,,,,,,,,,9.68,,KEARL LAKE,KEARL LAKE,0.1,'---,mg/l,1788,FIELD,09SWE00811,09SWE00813,,08/17/2009 3:16 PM,Centre,DISCRETE SAMPLE (GRAB),,,,
Mid,08/17/2009 4:15 PM,,,,,,,,,,,,,,,,,,,,,,,,9.7,,KEARL LAKE,KEARL LAKE,1,'---,mg/l,1788,FIELD,09SWE00811,09SWE00815,,08/17/2009 3:18 PM,Centre,DISCRETE SAMPLE (GRAB),,,,
Mid,08/31/2010 3:45 PM,,,,,,,,,,,,,,,,,,,,,,,,10.13,,KEARL LAKE,KEARL LAKE,1.5,'---,mg/l,1788,FIELD,10SWE01442,10SWE01446,,08/31/2010 2:45 PM,Centre,DISCRETE SAMPLE (GRAB),,,,
Mid,08/31/2010 3:45 PM,,,,,,,,,,,,,,,,,,,,,,,,10.33,,KEARL LAKE,KEARL LAKE,0.5,'---,mg/l,1788,FIELD,10SWE01442,10SWE01444,,08/31/2010 2:45 PM,Centre,DISCRETE SAMPLE (GRAB),,,,
Mid,08/31/2010 3:45 PM,,,,,,,,,,,,,,,,,,,,,,,,10.34,,KEARL LAKE,KEARL LAKE,1,'---,mg/l,1788,FIELD,10SWE01442,10SWE01445,,08/31/2010 2:45 PM,Centre,DISCRETE SAMPLE (GRAB),,,,
Mid,08/26/2012 3:45 PM,,,,,,,,,,,,,,,,,,,,,,,,10.11,,KEARL LAKE,KEARL LAKE,1.5,'---,mg/l,1788,FIELD,12SWE02081,12SWE02083,,08/26/2012 2:46 PM,Centre,DISCRETE SAMPLE (GRAB),,,,
Mid,08/28/2013 1:10 PM,,,,,,,,,,,,,,,,,,,,,,,,8.42,,KEARL LAKE,KEARL LAKE,1,'---,mg/l,1788,FIELD,13SWE02340,13SWE02344,,08/28/2013 12:13 PM,Centre,DISCRETE SAMPLE (GRAB),,,,
Mid,08/28/2013 1:10 PM,,,,,,,,,,,,,,,,,,,,,,,,8.46,,KEARL LAKE,KEARL LAKE,0.1,'---,mg/l,1788,FIELD,13SWE02340,13SWE02342,,08/28/2013 12:11 PM,Centre,DISCRETE SAMPLE (GRAB),,,,
Mid,08/28/2013 1:10 PM,,,,,,,,,,,,,,,,,,,,,,,,8.4,,KEARL LAKE,KEARL LAKE,0.5,'---,mg/l,1788,FIELD,13SWE02340,13SWE02343,,08/28/2013 12:12 PM,Centre,DISCRETE SAMPLE (GRAB),,,,
Mid,08/18/2014 4:00 PM,,,,,,,,,,,,,,,,,,,,,,,,8.12,,KEARL LAKE,KEARL LAKE,1.5,'---,mg/l,1788,FIELD,14SWE02236,14SWE02241,,08/18/2014 3:06 PM,Centre,DISCRETE SAMPLE (GRAB),,,,
Mid,08/18/2014 4:00 PM,,,,,,,,,,,,,,,,,,,,,,,,8.11,,KEARL LAKE,KEARL LAKE,0.5,'---,mg/l,1788,FIELD,14SWE02236,14SWE02239,,08/18/2014 3:02 PM,Centre,DISCRETE SAMPLE (GRAB),,,,
Mid,08/18/2014 4:00 PM,,,,,,,,,,,,,,,,,,,,,,,,8.12,,KEARL LAKE,KEARL LAKE,0.1,'---,mg/l,1788,FIELD,14SWE02236,14SWE02238,,08/18/2014 3:00 PM,Centre,DISCRETE SAMPLE (GRAB),,,,
Mid,08/18/2014 4:00 PM,,,,,,,,,,,,,,,,,,,,,,,,8.1,,KEARL LAKE,KEARL LAKE,1,'---,mg/l,1788,FIELD,14SWE02236,14SWE02240,,08/18/2014 3:04 PM,Centre,DISCRETE SAMPLE (GRAB),,,,
Mid,08/26/2016 11:45 AM,,,,,,,,,,,,,,,,,,,,,,,,9.24,,KEARL LAKE,KEARL LAKE,0.1,'---,mg/l,1788,FIELD,16SWE08263,16SWE08456,,08/26/2016 10:45 AM,Centre,DISCRETE SAMPLE (GRAB),,,,
Mid,08/25/2017 7:45 AM,,,,,,,,,,,,,,,,,,,,,,,,8.4,,KEARL LAKE,KEARL LAKE,1,'---,mg/l,1788,FIELD,17SWE12773,17SWE12981,,08/25/2017 7:07 AM,Centre,DISCRETE SAMPLE (GRAB),,,,
Mid,08/25/2017 7:45 AM,,,,,,,,,,,,,,,,,,,,,,,,8.38,,KEARL LAKE,KEARL LAKE,0.1,'---,mg/l,1788,FIELD,17SWE12773,17SWE12980,,08/25/2017 7:06 AM,Centre,DISCRETE SAMPLE (GRAB),,,,
Mid,09/18/2020 10:40 AM,,,,,,,,,,,,,,,,,,,,,,,,10.56,,KEARL LAKE,KEARL LAKE,0.1,'---,mg/l,1788,FIELD,20SWE11038,20SWE11039,,09/18/2020 9:40 AM,Centre,DISCRETE SAMPLE (GRAB),,,,
Mid,09/18/2020 10:40 AM,,,,,,,,,,,,,,,,,,,,,,,,10.58,,KEARL LAKE,KEARL LAKE,0.5,'---,mg/l,1788,FIELD,20SWE11038,20SWE11041,,09/18/2020 9:40 AM,Centre,DISCRETE SAMPLE (GRAB),,,,
Mid,09/18/2020 10:40 AM,,,,,,,,,,,,,,,,,,,,,,,,10.57,,KEARL LAKE,KEARL LAKE,1,'---,mg/l,1788,FIELD,20SWE11038,20SWE11042,,09/18/2020 9:40 AM,Centre,DISCRETE SAMPLE (GRAB),,,,
Mid,09/18/2020 10:40 AM,,,,,,,,,,,,,,,,,,,,,,,,10.57,,KEARL LAKE,KEARL LAKE,1.5,'---,mg/l,1788,FIELD,20SWE11038,20SWE11043,,09/18/2020 9:40 AM,Centre,DISCRETE SAMPLE (GRAB),,,,
Mid,08/18/2021 3:15 PM,,,,,,,,,,,,,,,,,,,,,,,,10.03,,KEARL LAKE,KEARL LAKE,0.5,'---,mg/l,1788,FIELD,21SWE04621,21SWE04621-02,,08/18/2021 2:15 PM,Profile,DISCRETE SAMPLE (GRAB),,,,
Mid,08/18/2021 3:15 PM,,,,,,,,,,,,,,,,,,,,,,,,10.03,,KEARL LAKE,KEARL LAKE,,'---,mg/l,1788,FIELD,21SWE04621,21SWE04621-03,,08/18/2021 2:15 PM,Profile,DISCRETE SAMPLE (GRAB),,,,
Mid,08/18/2021 3:15 PM,,,,,,,,,,,,,,,,,,,,,,,,9.99,,KEARL LAKE,KEARL LAKE,0.1,'---,mg/l,1788,FIELD,21SWE04621,21SWE04621-01,,08/18/2021 2:15 PM,Centre,DISCRETE SAMPLE (GRAB),,,,
Mid,08/18/2021 3:15 PM,,,,,,,,,,,,,,,,,,,,,,,,10.03,,KEARL LAKE,KEARL LAKE,1,'---,mg/l,1788,FIELD,21SWE04621,21SWE04621-03,,08/18/2021 2:15 PM,Centre,DISCRETE SAMPLE (GRAB),,,,
Mid,08/18/2021 3:15 PM,,,,,,,,,,,,,,,,,,,,,,,,10.03,,KEARL LAKE,KEARL LAKE,0.5,'---,mg/l,1788,FIELD,21SWE04621,21SWE04621-02,,08/18/2021 2:15 PM,Centre,DISCRETE SAMPLE (GRAB),,,,
Mid,09/16/2022 7:20 AM,,,,,,,,,,,,,,,,,,,,,,,,7.17,,KEARL LAKE,KEARL LAKE,1,'---,mg/l,1788,FIELD,22SWE04634,22SWE04634-03,,09/16/2022 6:20 AM,Centre,DISCRETE SAMPLE (GRAB),,,,
Mid,09/16/2022 7:20 AM,,,,,,,,,,,,,,,,,,,,,,,,7.21,,KEARL LAKE,KEARL LAKE,0.5,'---,mg/l,1788,FIELD,22SWE04634,22SWE04634-02,,09/16/2022 6:20 AM,Centre,DISCRETE SAMPLE (GRAB),,,,
Mid,09/16/2022 7:20 AM,,,,,,,,,,,,,,,,,,,,,,,,7.34,,KEARL LAKE,KEARL LAKE,0.1,'---,mg/l,1788,FIELD,22SWE04634,22SWE04634-01,,09/16/2022 6:20 AM,Centre,DISCRETE SAMPLE (GRAB),,,,
Mid,03/24/2003 12:00 PM,,,,,,,,,,,,,,,,,,,,,,,,,1.8,KEARL LAKE,KEARL LAKE,,'---,%,0,FIELD,104242,NULL,0.1,03/24/2003 12:00 PM,'---,,,,,
Mid,07/22/2005 12:00 PM,,,,,,,,,,,,,,,,,,,,,,,,,91,KEARL LAKE,KEARL LAKE,,'---,%,0,FIELD,104236,NULL,0.01,07/22/2005 11:00 AM,'---,,,,,
Mid,09/18/2020 10:40 AM,,,,,,,,,,,,,,,,,,,,,,,,,99.7,KEARL LAKE,KEARL LAKE,0.1,'---,%,3620,FIELD,20SWE11038,20SWE11039,,09/18/2020 9:40 AM,Centre,DISCRETE SAMPLE (GRAB),,,,
Mid,09/18/2020 10:40 AM,,,,,,,,,,,,,,,,,,,,,,,,,99.8,KEARL LAKE,KEARL LAKE,0.5,'---,%,3620,FIELD,20SWE11038,20SWE11041,,09/18/2020 9:40 AM,Centre,DISCRETE SAMPLE (GRAB),,,,
Mid,09/18/2020 10:40 AM,,,,,,,,,,,,,,,,,,,,,,,,,99.7,KEARL LAKE,KEARL LAKE,1,'---,%,3620,FIELD,20SWE11038,20SWE11042,,09/18/2020 9:40 AM,Centre,DISCRETE SAMPLE (GRAB),,,,
Mid,09/18/2020 10:40 AM,,,,,,,,,,,,,,,,,,,,,,,,,99.7,KEARL LAKE,KEARL LAKE,1.5,'---,%,3620,FIELD,20SWE11038,20SWE11043,,09/18/2020 9:40 AM,Centre,DISCRETE SAMPLE (GRAB),,,,
Mid,08/18/2021 3:15 PM,,,,,,,,,,,,,,,,,,,,,,,,,110.8,KEARL LAKE,KEARL LAKE,0.5,'---,%,3620,FIELD,21SWE04621,21SWE04621-02,,08/18/2021 2:15 PM,Profile,DISCRETE SAMPLE (GRAB),,,,
Mid,08/18/2021 3:15 PM,,,,,,,,,,,,,,,,,,,,,,,,,110.9,KEARL LAKE,KEARL LAKE,,'---,%,3620,FIELD,21SWE04621,21SWE04621-03,,08/18/2021 2:15 PM,Profile,DISCRETE SAMPLE (GRAB),,,,
Mid,08/18/2021 3:15 PM,,,,,,,,,,,,,,,,,,,,,,,,,110.5,KEARL LAKE,KEARL LAKE,0.1,'---,%,3620,FIELD,21SWE04621,21SWE04621-01,,08/18/2021 2:15 PM,Centre,DISCRETE SAMPLE (GRAB),,,,
Mid,08/18/2021 3:15 PM,,,,,,,,,,,,,,,,,,,,,,,,,110.9,KEARL LAKE,KEARL LAKE,1,'---,%,3620,FIELD,21SWE04621,21SWE04621-03,,08/18/2021 2:15 PM,Centre,DISCRETE SAMPLE (GRAB),,,,
Mid,08/18/2021 3:15 PM,,,,,,,,,,,,,,,,,,,,,,,,,110.8,KEARL LAKE,KEARL LAKE,0.5,'---,%,3620,FIELD,21SWE04621,21SWE04621-02,,08/18/2021 2:15 PM,Centre,DISCRETE SAMPLE (GRAB),,,,
Mid,09/16/2022 7:20 AM,,,,,,,,,,,,,,,,,,,,,,,,,76.1,KEARL LAKE,KEARL LAKE,1,'---,%,3620,FIELD,22SWE04634,22SWE04634-03,,09/16/2022 6:20 AM,Centre,DISCRETE SAMPLE (GRAB),,,,
Mid,09/16/2022 7:20 AM,,,,,,,,,,,,,,,,,,,,,,,,,76.6,KEARL LAKE,KEARL LAKE,0.5,'---,%,3620,FIELD,22SWE04634,22SWE04634-02,,09/16/2022 6:20 AM,Centre,DISCRETE SAMPLE (GRAB),,,,
Mid,09/16/2022 7:20 AM,,,,,,,,,,,,,,,,,,,,,,,,,77.9,KEARL LAKE,KEARL LAKE,0.1,'---,%,3620,FIELD,22SWE04634,22SWE04634-01,,09/16/2022 6:20 AM,Centre,DISCRETE SAMPLE (GRAB),,,,
Mid,03/17/2009 9:25 AM,,,,,,,,,,,,,,,,,,,,,,,,,,KEARL LAKE,KEARL LAKE,,'---,mg/l,346,"ALBERTA RESEARCH COUNCIL, INORGANIC ANALYSIS LABORATORY",09SWE00382,09SWE00382-01,,03/17/2009 8:25 AM,Centre,DISCRETE SAMPLE (GRAB),,,,
Mid,09/14/2003 12:00 PM,1.2,,,,,,,,,,,,,,,,,,,,,,,,,MCCLELLAND LAKE,COMPOSITE,,'---,µg/l,1849,Alberta Research Council,104104,NULL,0.001,09/14/2003 11:00 AM,'---,,,,,
Mid,09/10/2007 12:00 PM,1,,,,,,,,,,,,,,,,,,,,,,,,,MCCLELLAND LAKE,COMPOSITE,,<,µg/l,1849,Alberta Research Council,104101,,0.001,09/10/2007 11:00 AM,'---,,,,,
Mid,09/13/2009 12:00 PM,1,,,,,,,,,,,,,,,,,,,,,,,,,MCCLELLAND LAKE,COMPOSITE,,<,µg/l,1849,Alberta Research Council,104098,,0.001,09/13/2009 11:00 AM,'---,,,,,
Mid,09/09/2011 12:00 PM,1.19,,,,,,,,,,,,,,,,,,,,,,,,,MCCLELLAND LAKE,COMPOSITE,,'---,µg/l,1849,AITF-EAS (ENVIRONMENTAL ANALYTICAL SERVICES),106121,,0.001,09/09/2011 11:00 AM,'---,,,,,
Mid,09/09/2012 12:00 PM,1,,,,,,,,,,,,,,,,,,,,,,,,,MCCLELLAND LAKE,COMPOSITE,,'---,µg/l,1849,AITF-EAS (ENVIRONMENTAL ANALYTICAL SERVICES),106124,,0.001,09/09/2012 11:00 AM,'---,,,,,
Mid,09/05/2013 12:00 PM,2.49,,,,,,,,,,,,,,,,,,,,,,,,,MCCLELLAND LAKE,COMPOSITE,,'---,µg/l,1849,AITF-EAS (ENVIRONMENTAL ANALYTICAL SERVICES),106998,,0.001,09/05/2013 11:00 AM,'---,,,,,
Mid,09/05/2014 12:00 PM,0.55,,,,,,,,,,,,,,,,,,,,,,,,,MCCLELLAND LAKE,COMPOSITE,,'---,µg/l,1849,AITF-EAS (ENVIRONMENTAL ANALYTICAL SERVICES),107473,,0.00013,09/05/2014 11:00 AM,'---,,,,,
Mid,03/15/2016 12:00 PM,0.13,,,,,,,,,,,,,,,,,,,,,,,,,MCCLELLAND LAKE,COMPOSITE,,<,µg/l,1849,AITF-EAS (ENVIRONMENTAL ANALYTICAL SERVICES),112633,,0.00013,03/15/2016 11:00 AM,'---,,,,,
Mid,07/19/2016 12:00 PM,1.06,,,,,,,,,,,,,,,,,,,,,,,,,MCCLELLAND LAKE,COMPOSITE,,'---,µg/l,1849,AITF-EAS (ENVIRONMENTAL ANALYTICAL SERVICES),112435,,0.00013,07/19/2016 11:00 AM,'---,,,,,
Mid,09/20/2016 12:00 PM,0.39,,,,,,,,,,,,,,,,,,,,,,,,,MCCLELLAND LAKE,COMPOSITE,,'---,µg/l,1849,AITF-EAS (ENVIRONMENTAL ANALYTICAL SERVICES),112240,,0.00013,09/20/2016 11:00 AM,'---,,,,,
Mid,03/14/2017 12:00 PM,0.82,,,,,,,,,,,,,,,,,,,,,,,,,MCCLELLAND LAKE,COMPOSITE,,'---,µg/l,1849,AITF-EAS (ENVIRONMENTAL ANALYTICAL SERVICES),111784,,0.00013,03/14/2017 11:00 AM,'---,,,,,
Mid,09/14/2003 12:00 PM,,5.2,,,,,,,,,,,,,,,,,,,,,,,,MCCLELLAND LAKE,COMPOSITE,,'---,µg/l,1847,Alberta Research Council,104104,NULL,0.002,09/14/2003 11:00 AM,'---,,,,,
Mid,09/10/2007 12:00 PM,,2.75,,,,,,,,,,,,,,,,,,,,,,,,MCCLELLAND LAKE,COMPOSITE,,'---,µg/l,1847,Alberta Research Council,104101,,0.002,09/10/2007 11:00 AM,'---,,,,,
Mid,09/13/2009 12:00 PM,,16.2,,,,,,,,,,,,,,,,,,,,,,,,MCCLELLAND LAKE,COMPOSITE,,'---,µg/l,1847,Alberta Research Council,104098,,0.002,09/13/2009 11:00 AM,'---,,,,,
Mid,09/09/2011 12:00 PM,,6.12,,,,,,,,,,,,,,,,,,,,,,,,MCCLELLAND LAKE,COMPOSITE,,'---,µg/l,1847,AITF-EAS (ENVIRONMENTAL ANALYTICAL SERVICES),106121,,0.003,09/09/2011 11:00 AM,'---,,,,,
Mid,09/09/2012 12:00 PM,,14,,,,,,,,,,,,,,,,,,,,,,,,MCCLELLAND LAKE,COMPOSITE,,'---,µg/l,1847,AITF-EAS (ENVIRONMENTAL ANALYTICAL SERVICES),106124,,0.003,09/09/2012 11:00 AM,'---,,,,,
Mid,09/05/2013 12:00 PM,,4.31,,,,,,,,,,,,,,,,,,,,,,,,MCCLELLAND LAKE,COMPOSITE,,'---,µg/l,1847,AITF-EAS (ENVIRONMENTAL ANALYTICAL SERVICES),106998,,0.003,09/05/2013 11:00 AM,'---,,,,,
Mid,09/05/2014 12:00 PM,,11.1,,,,,,,,,,,,,,,,,,,,,,,,MCCLELLAND LAKE,COMPOSITE,,'---,µg/l,1847,AITF-EAS (ENVIRONMENTAL ANALYTICAL SERVICES),107473,,0.0002,09/05/2014 11:00 AM,'---,,,,,
Mid,03/15/2016 12:00 PM,,21.7,,,,,,,,,,,,,,,,,,,,,,,,MCCLELLAND LAKE,COMPOSITE,,'---,µg/l,1847,AITF-EAS (ENVIRONMENTAL ANALYTICAL SERVICES),112633,,0.0002,03/15/2016 11:00 AM,'---,,,,,
Mid,07/19/2016 12:00 PM,,16,,,,,,,,,,,,,,,,,,,,,,,,MCCLELLAND LAKE,COMPOSITE,,'---,µg/l,1847,AITF-EAS (ENVIRONMENTAL ANALYTICAL SERVICES),112435,,0.0002,07/19/2016 11:00 AM,'---,,,,,
Mid,09/20/2016 12:00 PM,,4.3,,,,,,,,,,,,,,,,,,,,,,,,MCCLELLAND LAKE,COMPOSITE,,'---,µg/l,1847,AITF-EAS (ENVIRONMENTAL ANALYTICAL SERVICES),112240,,0.0002,09/20/2016 11:00 AM,'---,,,,,
Mid,03/14/2017 12:00 PM,,8.7,,,,,,,,,,,,,,,,,,,,,,,,MCCLELLAND LAKE,COMPOSITE,,'---,µg/l,1847,AITF-EAS (ENVIRONMENTAL ANALYTICAL SERVICES),111784,,0.0002,03/14/2017 11:00 AM,'---,,,,,
Mid,09/14/2003 12:00 PM,,,18.2,,,,,,,,,,,,,,,,,,,,,,,MCCLELLAND LAKE,COMPOSITE,,'---,mg/l,1849,Alberta Research Council,104104,NULL,0.1,09/14/2003 11:00 AM,'---,,,,,
Mid,09/10/2007 12:00 PM,,,17.7,,,,,,,,,,,,,,,,,,,,,,,MCCLELLAND LAKE,COMPOSITE,,'---,mg/l,1849,Alberta Research Council,104101,,0.1,09/10/2007 11:00 AM,'---,,,,,
Mid,09/13/2009 12:00 PM,,,19,,,,,,,,,,,,,,,,,,,,,,,MCCLELLAND LAKE,COMPOSITE,,'---,mg/l,1849,Alberta Research Council,104098,,0.1,09/13/2009 11:00 AM,'---,,,,,
Mid,09/09/2011 12:00 PM,,,18.6,,,,,,,,,,,,,,,,,,,,,,,MCCLELLAND LAKE,COMPOSITE,,'---,mg/l,1849,AITF-EAS (ENVIRONMENTAL ANALYTICAL SERVICES),106121,,0.1,09/09/2011 11:00 AM,'---,,,,,
Mid,09/09/2012 12:00 PM,,,19.3,,,,,,,,,,,,,,,,,,,,,,,MCCLELLAND LAKE,COMPOSITE,,'---,mg/l,1849,AITF-EAS (ENVIRONMENTAL ANALYTICAL SERVICES),106124,,0.1,09/09/2012 11:00 AM,'---,,,,,
Mid,09/05/2013 12:00 PM,,,21.5,,,,,,,,,,,,,,,,,,,,,,,MCCLELLAND LAKE,COMPOSITE,,'---,mg/l,1849,AITF-EAS (ENVIRONMENTAL ANALYTICAL SERVICES),106998,,0.1,09/05/2013 11:00 AM,'---,,,,,
Mid,09/05/2014 12:00 PM,,,17.8,,,,,,,,,,,,,,,,,,,,,,,MCCLELLAND LAKE,COMPOSITE,,'---,mg/l,1849,AITF-EAS (ENVIRONMENTAL ANALYTICAL SERVICES),107473,,0.03,09/05/2014 11:00 AM,'---,,,,,
Mid,03/15/2016 12:00 PM,,,34,,,,,,,,,,,,,,,,,,,,,,,MCCLELLAND LAKE,COMPOSITE,,'---,mg/l,1849,AITF-EAS (ENVIRONMENTAL ANALYTICAL SERVICES),112633,,0.03,03/15/2016 11:00 AM,'---,,,,,
Mid,07/19/2016 12:00 PM,,,12.7,,,,,,,,,,,,,,,,,,,,,,,MCCLELLAND LAKE,COMPOSITE,,'---,mg/l,1849,AITF-EAS (ENVIRONMENTAL ANALYTICAL SERVICES),112435,,0.03,07/19/2016 11:00 AM,'---,,,,,
Mid,09/20/2016 12:00 PM,,,22.3,,,,,,,,,,,,,,,,,,,,,,,MCCLELLAND LAKE,COMPOSITE,,'---,mg/l,1849,AITF-EAS (ENVIRONMENTAL ANALYTICAL SERVICES),112240,,0.03,09/20/2016 11:00 AM,'---,,,,,
Mid,03/14/2017 12:00 PM,,,32.8,,,,,,,,,,,,,,,,,,,,,,,MCCLELLAND LAKE,COMPOSITE,,'---,mg/l,1849,AITF-EAS (ENVIRONMENTAL ANALYTICAL SERVICES),111784,,0.03,03/14/2017 11:00 AM,'---,,,,,
Mid,09/14/2003 12:00 PM,,,21.3,,,,,,,,,,,,,,,,,,,,,,,MCCLELLAND LAKE,COMPOSITE,,'---,mg/l,2577,ETL,104104,NULL,0.5,09/14/2003 11:00 AM,'---,,,,,
Mid,09/10/2007 12:00 PM,,,20.4,,,,,,,,,,,,,,,,,,,,,,,MCCLELLAND LAKE,COMPOSITE,,'---,mg/l,2577,"ALS (FORMERLY ENVIRO-TEST) LABORATORIES, EDMONTON, ALBERTA",104101,,0.5,09/10/2007 11:00 AM,'---,,,,,
Mid,09/13/2009 12:00 PM,,,23.8,,,,,,,,,,,,,,,,,,,,,,,MCCLELLAND LAKE,COMPOSITE,,'---,mg/l,3155,"ALS (FORMERLY ENVIRO-TEST) LABORATORIES, EDMONTON, ALBERTA",104098,,0.5,09/13/2009 11:00 AM,'---,,,,,
Mid,09/09/2011 12:00 PM,,,22.2,,,,,,,,,,,,,,,,,,,,,,,MCCLELLAND LAKE,COMPOSITE,,'---,mg/l,3155,"ALS (FORMERLY ENVIRO-TEST) LABORATORIES, EDMONTON, ALBERTA",106121,,0.5,09/09/2011 11:00 AM,'---,,,,,
Mid,09/09/2012 12:00 PM,,,20.3,,,,,,,,,,,,,,,,,,,,,,,MCCLELLAND LAKE,COMPOSITE,,'---,mg/l,3155,"ALS (FORMERLY ENVIRO-TEST) LABORATORIES, EDMONTON, ALBERTA",106124,,0.5,09/09/2012 11:00 AM,'---,,,,,
Mid,09/05/2013 12:00 PM,,,23.1,,,,,,,,,,,,,,,,,,,,,,,MCCLELLAND LAKE,COMPOSITE,,'---,mg/l,3158,"ALS (FORMERLY ENVIRO-TEST) LABORATORIES, EDMONTON, ALBERTA",106998,,0.5,09/05/2013 11:00 AM,'---,,,,,
Mid,09/05/2014 12:00 PM,,,22.1,,,,,,,,,,,,,,,,,,,,,,,MCCLELLAND LAKE,COMPOSITE,,'---,mg/l,3158,"ALS (FORMERLY ENVIRO-TEST) LABORATORIES, EDMONTON, ALBERTA",107473,,0.5,09/05/2014 11:00 AM,'---,,,,,
Mid,03/15/2016 12:00 PM,,,37,,,,,,,,,,,,,,,,,,,,,,,MCCLELLAND LAKE,COMPOSITE,,'---,mg/l,1516,"MAXXAM (CHEMEX) LABS ALBERTA INC., CALGARY, ALBERTA.",112633,,0.3,03/15/2016 11:00 AM,'---,,,,,
Mid,07/19/2016 12:00 PM,,,21,,,,,,,,,,,,,,,,,,,,,,,MCCLELLAND LAKE,COMPOSITE,,'---,mg/l,1516,"MAXXAM (CHEMEX) LABS ALBERTA INC., CALGARY, ALBERTA.",112435,,0.3,07/19/2016 11:00 AM,'---,,,,,
Mid,09/20/2016 12:00 PM,,,26,,,,,,,,,,,,,,,,,,,,,,,MCCLELLAND LAKE,COMPOSITE,,'---,mg/l,1516,"MAXXAM (CHEMEX) LABS ALBERTA INC., CALGARY, ALBERTA.",112240,,0.3,09/20/2016 11:00 AM,'---,,,,,
Mid,03/14/2017 12:00 PM,,,38,,,,,,,,,,,,,,,,,,,,,,,MCCLELLAND LAKE,COMPOSITE,,'---,mg/l,1516,"MAXXAM (CHEMEX) LABS ALBERTA INC., CALGARY, ALBERTA.",111784,,0.3,03/14/2017 11:00 AM,'---,,,,,
Mid,09/14/2003 12:00 PM,,,,18,,,,,,,,,,,,,,,,,,,,,,MCCLELLAND LAKE,COMPOSITE,,'---,mg/l,1847,Alberta Research Council,104104,NULL,0.1,09/14/2003 11:00 AM,'---,,,,,
Mid,09/10/2007 12:00 PM,,,,18.6,,,,,,,,,,,,,,,,,,,,,,MCCLELLAND LAKE,COMPOSITE,,'---,mg/l,1847,Alberta Research Council,104101,,0.1,09/10/2007 11:00 AM,'---,,,,,
Mid,09/13/2009 12:00 PM,,,,19.8,,,,,,,,,,,,,,,,,,,,,,MCCLELLAND LAKE,COMPOSITE,,'---,mg/l,1847,Alberta Research Council,104098,,0.1,09/13/2009 11:00 AM,'---,,,,,
Mid,09/09/2011 12:00 PM,,,,21,,,,,,,,,,,,,,,,,,,,,,MCCLELLAND LAKE,COMPOSITE,,'---,mg/l,1847,AITF-EAS (ENVIRONMENTAL ANALYTICAL SERVICES),106121,,0.1,09/09/2011 11:00 AM,'---,,,,,
Mid,09/09/2012 12:00 PM,,,,20.1,,,,,,,,,,,,,,,,,,,,,,MCCLELLAND LAKE,COMPOSITE,,'---,mg/l,1847,AITF-EAS (ENVIRONMENTAL ANALYTICAL SERVICES),106124,,0.1,09/09/2012 11:00 AM,'---,,,,,
Mid,09/05/2013 12:00 PM,,,,21.8,,,,,,,,,,,,,,,,,,,,,,MCCLELLAND LAKE,COMPOSITE,,'---,mg/l,1847,AITF-EAS (ENVIRONMENTAL ANALYTICAL SERVICES),106998,,0.1,09/05/2013 11:00 AM,'---,,,,,
Mid,09/05/2014 12:00 PM,,,,20.1,,,,,,,,,,,,,,,,,,,,,,MCCLELLAND LAKE,COMPOSITE,,'---,mg/l,1847,AITF-EAS (ENVIRONMENTAL ANALYTICAL SERVICES),107473,,0.01,09/05/2014 11:00 AM,'---,,,,,
Mid,03/15/2016 12:00 PM,,,,35.3,,,,,,,,,,,,,,,,,,,,,,MCCLELLAND LAKE,COMPOSITE,,'---,mg/l,1847,AITF-EAS (ENVIRONMENTAL ANALYTICAL SERVICES),112633,,0.01,03/15/2016 11:00 AM,'---,,,,,
Mid,07/19/2016 12:00 PM,,,,12.7,,,,,,,,,,,,,,,,,,,,,,MCCLELLAND LAKE,COMPOSITE,,'---,mg/l,1847,AITF-EAS (ENVIRONMENTAL ANALYTICAL SERVICES),112435,,0.01,07/19/2016 11:00 AM,'---,,,,,
Mid,09/20/2016 12:00 PM,,,,22.7,,,,,,,,,,,,,,,,,,,,,,MCCLELLAND LAKE,COMPOSITE,,'---,mg/l,1847,AITF-EAS (ENVIRONMENTAL ANALYTICAL SERVICES),112240,,0.01,09/20/2016 11:00 AM,'---,,,,,
Mid,03/14/2017 12:00 PM,,,,33.1,,,,,,,,,,,,,,,,,,,,,,MCCLELLAND LAKE,COMPOSITE,,'---,mg/l,1847,AITF-EAS (ENVIRONMENTAL ANALYTICAL SERVICES),111784,,0.01,03/14/2017 11:00 AM,'---,,,,,
Mid,03/15/2016 12:00 PM,,,,37,,,,,,,,,,,,,,,,,,,,,,MCCLELLAND LAKE,COMPOSITE,,'---,mg/l,440,"MAXXAM (CHEMEX) LABS ALBERTA INC., CALGARY, ALBERTA.",112633,,0.3,03/15/2016 11:00 AM,'---,,,,,
Mid,07/19/2016 12:00 PM,,,,20,,,,,,,,,,,,,,,,,,,,,,MCCLELLAND LAKE,COMPOSITE,,'---,mg/l,440,"MAXXAM (CHEMEX) LABS ALBERTA INC., CALGARY, ALBERTA.",112435,,0.3,07/19/2016 11:00 AM,'---,,,,,
Mid,09/20/2016 12:00 PM,,,,24,,,,,,,,,,,,,,,,,,,,,,MCCLELLAND LAKE,COMPOSITE,,'---,mg/l,440,"MAXXAM (CHEMEX) LABS ALBERTA INC., CALGARY, ALBERTA.",112240,,0.3,09/20/2016 11:00 AM,'---,,,,,
Mid,03/14/2017 12:00 PM,,,,37,,,,,,,,,,,,,,,,,,,,,,MCCLELLAND LAKE,COMPOSITE,,'---,mg/l,440,"MAXXAM (CHEMEX) LABS ALBERTA INC., CALGARY, ALBERTA.",111784,,0.3,03/14/2017 11:00 AM,'---,,,,,
Mid,09/14/2003 12:00 PM,,,,,0.4,,,,,,,,,,,,,,,,,,,,,MCCLELLAND LAKE,COMPOSITE,,'---,µg/l,1849,Alberta Research Council,104104,NULL,0.0001,09/14/2003 11:00 AM,'---,,,,,
Mid,09/10/2007 12:00 PM,,,,,0.1,,,,,,,,,,,,,,,,,,,,,MCCLELLAND LAKE,COMPOSITE,,<,µg/l,1849,Alberta Research Council,104101,,0.0001,09/10/2007 11:00 AM,'---,,,,,
Mid,09/13/2009 12:00 PM,,,,,0.1,,,,,,,,,,,,,,,,,,,,,MCCLELLAND LAKE,COMPOSITE,,<,µg/l,1849,Alberta Research Council,104098,,0.0001,09/13/2009 11:00 AM,'---,,,,,
Mid,09/09/2011 12:00 PM,,,,,0.188,,,,,,,,,,,,,,,,,,,,,MCCLELLAND LAKE,COMPOSITE,,'---,µg/l,1849,AITF-EAS (ENVIRONMENTAL ANALYTICAL SERVICES),106121,,0.0001,09/09/2011 11:00 AM,'---,,,,,
Mid,09/09/2012 12:00 PM,,,,,0.1,,,,,,,,,,,,,,,,,,,,,MCCLELLAND LAKE,COMPOSITE,,'---,µg/l,1849,AITF-EAS (ENVIRONMENTAL ANALYTICAL SERVICES),106124,,0.0001,09/09/2012 11:00 AM,'---,,,,,
Mid,09/05/2013 12:00 PM,,,,,0.409,,,,,,,,,,,,,,,,,,,,,MCCLELLAND LAKE,COMPOSITE,,'---,µg/l,1849,AITF-EAS (ENVIRONMENTAL ANALYTICAL SERVICES),106998,,0.0001,09/05/2013 11:00 AM,'---,,,,,
Mid,09/05/2014 12:00 PM,,,,,0.16,,,,,,,,,,,,,,,,,,,,,MCCLELLAND LAKE,COMPOSITE,,'---,µg/l,1849,AITF-EAS (ENVIRONMENTAL ANALYTICAL SERVICES),107473,,0.00008,09/05/2014 11:00 AM,'---,,,,,
Mid,03/15/2016 12:00 PM,,,,,0.3,,,,,,,,,,,,,,,,,,,,,MCCLELLAND LAKE,COMPOSITE,,'---,µg/l,1849,AITF-EAS (ENVIRONMENTAL ANALYTICAL SERVICES),112633,,0.00008,03/15/2016 11:00 AM,'---,,,,,
Mid,07/19/2016 12:00 PM,,,,,0.16,,,,,,,,,,,,,,,,,,,,,MCCLELLAND LAKE,COMPOSITE,,'---,µg/l,1849,AITF-EAS (ENVIRONMENTAL ANALYTICAL SERVICES),112435,,0.00008,07/19/2016 11:00 AM,'---,,,,,
Mid,09/20/2016 12:00 PM,,,,,0.22,,,,,,,,,,,,,,,,,,,,,MCCLELLAND LAKE,COMPOSITE,,'---,µg/l,1849,AITF-EAS (ENVIRONMENTAL ANALYTICAL SERVICES),112240,,0.00008,09/20/2016 11:00 AM,'---,,,,,
Mid,03/14/2017 12:00 PM,,,,,0.25,,,,,,,,,,,,,,,,,,,,,MCCLELLAND LAKE,COMPOSITE,,'---,µg/l,1849,AITF-EAS (ENVIRONMENTAL ANALYTICAL SERVICES),111784,,0.00008,03/14/2017 11:00 AM,'---,,,,,
Mid,09/14/2003 12:00 PM,,,,,,0.4,,,,,,,,,,,,,,,,,,,,MCCLELLAND LAKE,COMPOSITE,,'---,µg/l,1847,Alberta Research Council,104104,NULL,0.0001,09/14/2003 11:00 AM,'---,,,,,
Mid,09/10/2007 12:00 PM,,,,,,0.1,,,,,,,,,,,,,,,,,,,,MCCLELLAND LAKE,COMPOSITE,,<,µg/l,1847,Alberta Research Council,104101,,0.0001,09/10/2007 11:00 AM,'---,,,,,
Mid,09/13/2009 12:00 PM,,,,,,0.1,,,,,,,,,,,,,,,,,,,,MCCLELLAND LAKE,COMPOSITE,,<,µg/l,1847,Alberta Research Council,104098,,0.0001,09/13/2009 11:00 AM,'---,,,,,
Mid,09/09/2011 12:00 PM,,,,,,0.19,,,,,,,,,,,,,,,,,,,,MCCLELLAND LAKE,COMPOSITE,,'---,µg/l,1847,AITF-EAS (ENVIRONMENTAL ANALYTICAL SERVICES),106121,,0.0001,09/09/2011 11:00 AM,'---,,,,,
Mid,09/09/2012 12:00 PM,,,,,,0.1,,,,,,,,,,,,,,,,,,,,MCCLELLAND LAKE,COMPOSITE,,'---,µg/l,1847,AITF-EAS (ENVIRONMENTAL ANALYTICAL SERVICES),106124,,0.0001,09/09/2012 11:00 AM,'---,,,,,
Mid,09/05/2013 12:00 PM,,,,,,0.589,,,,,,,,,,,,,,,,,,,,MCCLELLAND LAKE,COMPOSITE,,'---,µg/l,1847,AITF-EAS (ENVIRONMENTAL ANALYTICAL SERVICES),106998,,0.0001,09/05/2013 11:00 AM,'---,,,,,
Mid,09/05/2014 12:00 PM,,,,,,0.17,,,,,,,,,,,,,,,,,,,,MCCLELLAND LAKE,COMPOSITE,,'---,µg/l,1847,AITF-EAS (ENVIRONMENTAL ANALYTICAL SERVICES),107473,,0.00005,09/05/2014 11:00 AM,'---,,,,,
Mid,03/15/2016 12:00 PM,,,,,,0.3,,,,,,,,,,,,,,,,,,,,MCCLELLAND LAKE,COMPOSITE,,'---,µg/l,1847,AITF-EAS (ENVIRONMENTAL ANALYTICAL SERVICES),112633,,0.00005,03/15/2016 11:00 AM,'---,,,,,
Mid,07/19/2016 12:00 PM,,,,,,0.16,,,,,,,,,,,,,,,,,,,,MCCLELLAND LAKE,COMPOSITE,,'---,µg/l,1847,AITF-EAS (ENVIRONMENTAL ANALYTICAL SERVICES),112435,,0.00005,07/19/2016 11:00 AM,'---,,,,,
Mid,09/20/2016 12:00 PM,,,,,,0.22,,,,,,,,,,,,,,,,,,,,MCCLELLAND LAKE,COMPOSITE,,'---,µg/l,1847,AITF-EAS (ENVIRONMENTAL ANALYTICAL SERVICES),112240,,0.00005,09/20/2016 11:00 AM,'---,,,,,
Mid,03/14/2017 12:00 PM,,,,,,0.32,,,,,,,,,,,,,,,,,,,,MCCLELLAND LAKE,COMPOSITE,,'---,µg/l,1847,AITF-EAS (ENVIRONMENTAL ANALYTICAL SERVICES),111784,,0.00005,03/14/2017 11:00 AM,'---,,,,,
Mid,09/14/2003 12:00 PM,,,,,,,0.02,,,,,,,,,,,,,,,,,,,MCCLELLAND LAKE,COMPOSITE,,'---,µg/l,1849,Alberta Research Council,104104,NULL,0.000006,09/14/2003 11:00 AM,'---,,,,,
Mid,09/10/2007 12:00 PM,,,,,,,0.006,,,,,,,,,,,,,,,,,,,MCCLELLAND LAKE,COMPOSITE,,<,µg/l,1849,Alberta Research Council,104101,,0.000006,09/10/2007 11:00 AM,'---,,,,,
Mid,09/13/2009 12:00 PM,,,,,,,0.006,,,,,,,,,,,,,,,,,,,MCCLELLAND LAKE,COMPOSITE,,<,µg/l,1849,Alberta Research Council,104098,,0.000006,09/13/2009 11:00 AM,'---,,,,,
Mid,09/09/2011 12:00 PM,,,,,,,0.1,,,,,,,,,,,,,,,,,,,MCCLELLAND LAKE,COMPOSITE,,<,µg/l,1849,AITF-EAS (ENVIRONMENTAL ANALYTICAL SERVICES),106121,,0.0001,09/09/2011 11:00 AM,'---,,,,,
Mid,09/09/2012 12:00 PM,,,,,,,0.1,,,,,,,,,,,,,,,,,,,MCCLELLAND LAKE,COMPOSITE,,'---,µg/l,1849,AITF-EAS (ENVIRONMENTAL ANALYTICAL SERVICES),106124,,0.0001,09/09/2012 11:00 AM,'---,,,,,
Mid,09/05/2013 12:00 PM,,,,,,,0.1,,,,,,,,,,,,,,,,,,,MCCLELLAND LAKE,COMPOSITE,,'---,µg/l,1849,AITF-EAS (ENVIRONMENTAL ANALYTICAL SERVICES),106998,,0.0001,09/05/2013 11:00 AM,'---,,,,,
Mid,09/05/2014 12:00 PM,,,,,,,0.005,,,,,,,,,,,,,,,,,,,MCCLELLAND LAKE,COMPOSITE,,'---,µg/l,1849,AITF-EAS (ENVIRONMENTAL ANALYTICAL SERVICES),107473,,0.000004,09/05/2014 11:00 AM,'---,,,,,
Mid,03/15/2016 12:00 PM,,,,,,,0.004,,,,,,,,,,,,,,,,,,,MCCLELLAND LAKE,COMPOSITE,,<,µg/l,1849,AITF-EAS (ENVIRONMENTAL ANALYTICAL SERVICES),112633,,0.000004,03/15/2016 11:00 AM,'---,,,,,
Mid,07/19/2016 12:00 PM,,,,,,,0.006,,,,,,,,,,,,,,,,,,,MCCLELLAND LAKE,COMPOSITE,,'---,µg/l,1849,AITF-EAS (ENVIRONMENTAL ANALYTICAL SERVICES),112435,,0.000004,07/19/2016 11:00 AM,'---,,,,,
Mid,09/20/2016 12:00 PM,,,,,,,0.012,,,,,,,,,,,,,,,,,,,MCCLELLAND LAKE,COMPOSITE,,'---,µg/l,1849,AITF-EAS (ENVIRONMENTAL ANALYTICAL SERVICES),112240,,0.000004,09/20/2016 11:00 AM,'---,,,,,
Mid,03/14/2017 12:00 PM,,,,,,,0.004,,,,,,,,,,,,,,,,,,,MCCLELLAND LAKE,COMPOSITE,,<,µg/l,1849,AITF-EAS (ENVIRONMENTAL ANALYTICAL SERVICES),111784,,0.000004,03/14/2017 11:00 AM,'---,,,,,
Mid,09/14/2003 12:00 PM,,,,,,,,0.1,,,,,,,,,,,,,,,,,,MCCLELLAND LAKE,COMPOSITE,,'---,µg/l,1847,Alberta Research Council,104104,NULL,0.000006,09/14/2003 11:00 AM,'---,,,,,
Mid,09/10/2007 12:00 PM,,,,,,,,0.0131,,,,,,,,,,,,,,,,,,MCCLELLAND LAKE,COMPOSITE,,'---,µg/l,1847,Alberta Research Council,104101,,0.000006,09/10/2007 11:00 AM,'---,,,,,
Mid,09/13/2009 12:00 PM,,,,,,,,0.006,,,,,,,,,,,,,,,,,,MCCLELLAND LAKE,COMPOSITE,,<,µg/l,1847,Alberta Research Council,104098,,0.000006,09/13/2009 11:00 AM,'---,,,,,
Mid,09/09/2011 12:00 PM,,,,,,,,0.1,,,,,,,,,,,,,,,,,,MCCLELLAND LAKE,COMPOSITE,,<,µg/l,1847,AITF-EAS (ENVIRONMENTAL ANALYTICAL SERVICES),106121,,0.0001,09/09/2011 11:00 AM,'---,,,,,
Mid,09/09/2012 12:00 PM,,,,,,,,0.1,,,,,,,,,,,,,,,,,,MCCLELLAND LAKE,COMPOSITE,,'---,µg/l,1847,AITF-EAS (ENVIRONMENTAL ANALYTICAL SERVICES),106124,,0.0001,09/09/2012 11:00 AM,'---,,,,,
Mid,09/05/2013 12:00 PM,,,,,,,,0.102,,,,,,,,,,,,,,,,,,MCCLELLAND LAKE,COMPOSITE,,'---,µg/l,1847,AITF-EAS (ENVIRONMENTAL ANALYTICAL SERVICES),106998,,0.0001,09/05/2013 11:00 AM,'---,,,,,
Mid,09/05/2014 12:00 PM,,,,,,,,0.016,,,,,,,,,,,,,,,,,,MCCLELLAND LAKE,COMPOSITE,,'---,µg/l,1847,AITF-EAS (ENVIRONMENTAL ANALYTICAL SERVICES),107473,,0.000003,09/05/2014 11:00 AM,'---,,,,,
Mid,03/15/2016 12:00 PM,,,,,,,,0.015,,,,,,,,,,,,,,,,,,MCCLELLAND LAKE,COMPOSITE,,'---,µg/l,1847,AITF-EAS (ENVIRONMENTAL ANALYTICAL SERVICES),112633,,0.000003,03/15/2016 11:00 AM,'---,,,,,
Mid,07/19/2016 12:00 PM,,,,,,,,0.006,,,,,,,,,,,,,,,,,,MCCLELLAND LAKE,COMPOSITE,,'---,µg/l,1847,AITF-EAS (ENVIRONMENTAL ANALYTICAL SERVICES),112435,,0.000003,07/19/2016 11:00 AM,'---,,,,,
Mid,09/20/2016 12:00 PM,,,,,,,,0.012,,,,,,,,,,,,,,,,,,MCCLELLAND LAKE,COMPOSITE,,'---,µg/l,1847,AITF-EAS (ENVIRONMENTAL ANALYTICAL SERVICES),112240,,0.000003,09/20/2016 11:00 AM,'---,,,,,
Mid,03/14/2017 12:00 PM,,,,,,,,0.035,,,,,,,,,,,,,,,,,,MCCLELLAND LAKE,COMPOSITE,,'---,µg/l,1847,AITF-EAS (ENVIRONMENTAL ANALYTICAL SERVICES),111784,,0.000003,03/14/2017 11:00 AM,'---,,,,,
Mid,09/14/2003 12:00 PM,,,,,,,,,0.05,,,,,,,,,,,,,,,,,MCCLELLAND LAKE,COMPOSITE,,<,µg/l,1849,Alberta Research Council,104104,NULL,0.00005,09/14/2003 11:00 AM,'---,,,,,
Mid,09/10/2007 12:00 PM,,,,,,,,,0.05,,,,,,,,,,,,,,,,,MCCLELLAND LAKE,COMPOSITE,,<,µg/l,1849,Alberta Research Council,104101,,0.00005,09/10/2007 11:00 AM,'---,,,,,
Mid,09/13/2009 12:00 PM,,,,,,,,,0.05,,,,,,,,,,,,,,,,,MCCLELLAND LAKE,COMPOSITE,,<,µg/l,1849,Alberta Research Council,104098,,0.00005,09/13/2009 11:00 AM,'---,,,,,
Mid,09/09/2011 12:00 PM,,,,,,,,,0.05,,,,,,,,,,,,,,,,,MCCLELLAND LAKE,COMPOSITE,,<,µg/l,1849,AITF-EAS (ENVIRONMENTAL ANALYTICAL SERVICES),106121,,0.00005,09/09/2011 11:00 AM,'---,,,,,
Mid,09/09/2012 12:00 PM,,,,,,,,,0.05,,,,,,,,,,,,,,,,,MCCLELLAND LAKE,COMPOSITE,,'---,µg/l,1849,AITF-EAS (ENVIRONMENTAL ANALYTICAL SERVICES),106124,,0.00005,09/09/2012 11:00 AM,'---,,,,,
Mid,09/05/2013 12:00 PM,,,,,,,,,0.05,,,,,,,,,,,,,,,,,MCCLELLAND LAKE,COMPOSITE,,'---,µg/l,1849,AITF-EAS (ENVIRONMENTAL ANALYTICAL SERVICES),106998,,0.00005,09/05/2013 11:00 AM,'---,,,,,
Mid,09/05/2014 12:00 PM,,,,,,,,,0.009,,,,,,,,,,,,,,,,,MCCLELLAND LAKE,COMPOSITE,,<,µg/l,1849,AITF-EAS (ENVIRONMENTAL ANALYTICAL SERVICES),107473,,0.000009,09/05/2014 11:00 AM,'---,,,,,
Mid,03/15/2016 12:00 PM,,,,,,,,,0.12,,,,,,,,,,,,,,,,,MCCLELLAND LAKE,COMPOSITE,,'---,ng/L,3734,UNIVERSITY OF ALBERTA - BIOGEOCHEMICAL ANALYTICAL SERVICE LABORATORY,112633,,0.01,03/15/2016 11:00 AM,'---,,,,,
Mid,07/19/2016 12:00 PM,,,,,,,,,0.19,,,,,,,,,,,,,,,,,MCCLELLAND LAKE,COMPOSITE,,'---,ng/L,3734,UNIVERSITY OF ALBERTA - BIOGEOCHEMICAL ANALYTICAL SERVICE LABORATORY,112435,,0.08,07/19/2016 11:00 AM,'---,,,,,
Mid,09/20/2016 12:00 PM,,,,,,,,,0.3,,,,,,,,,,,,,,,,,MCCLELLAND LAKE,COMPOSITE,,'---,ng/L,3734,UNIVERSITY OF ALBERTA - BIOGEOCHEMICAL ANALYTICAL SERVICE LABORATORY,112240,,0.08,09/20/2016 11:00 AM,'---,,,,,
Mid,03/14/2017 12:00 PM,,,,,,,,,0.19,,,,,,,,,,,,,,,,,MCCLELLAND LAKE,COMPOSITE,,'---,ng/L,3734,UNIVERSITY OF ALBERTA - BIOGEOCHEMICAL ANALYTICAL SERVICE LABORATORY,111784,,0.08,03/14/2017 11:00 AM,'---,,,,,
Mid,09/14/2003 12:00 PM,,,,,,,,,,1.2,,,,,,,,,,,,,,,,MCCLELLAND LAKE,COMPOSITE,,<,ng/L,2858,Alberta Research Council,104104,NULL,1.2,09/14/2003 11:00 AM,'---,,,,,
Mid,09/10/2007 12:00 PM,,,,,,,,,,1.2,,,,,,,,,,,,,,,,MCCLELLAND LAKE,COMPOSITE,,<,ng/L,2858,Alberta Research Council,104101,,1.2,09/10/2007 11:00 AM,'---,,,,,
Mid,09/13/2009 12:00 PM,,,,,,,,,,1.2,,,,,,,,,,,,,,,,MCCLELLAND LAKE,COMPOSITE,,<,ng/L,2858,Alberta Research Council,104098,,1.2,09/13/2009 11:00 AM,'---,,,,,
Mid,09/09/2011 12:00 PM,,,,,,,,,,0.6,,,,,,,,,,,,,,,,MCCLELLAND LAKE,COMPOSITE,,'---,ng/L,2858,AITF-EAS (ENVIRONMENTAL ANALYTICAL SERVICES),106121,,0.6,09/09/2011 11:00 AM,'---,,,,,
Mid,09/09/2012 12:00 PM,,,,,,,,,,1,,,,,,,,,,,,,,,,MCCLELLAND LAKE,COMPOSITE,,'---,ng/L,2858,AITF-EAS (ENVIRONMENTAL ANALYTICAL SERVICES),106124,,0.6,09/09/2012 11:00 AM,'---,,,,,
Mid,09/14/2003 12:00 PM,,,,,,,,,,0.05,,,,,,,,,,,,,,,,MCCLELLAND LAKE,COMPOSITE,,<,µg/l,1847,Alberta Research Council,104104,NULL,0.00005,09/14/2003 11:00 AM,'---,,,,,
Mid,09/10/2007 12:00 PM,,,,,,,,,,0.05,,,,,,,,,,,,,,,,MCCLELLAND LAKE,COMPOSITE,,<,µg/l,1847,Alberta Research Council,104101,,0.00005,09/10/2007 11:00 AM,'---,,,,,
Mid,09/13/2009 12:00 PM,,,,,,,,,,0.05,,,,,,,,,,,,,,,,MCCLELLAND LAKE,COMPOSITE,,<,µg/l,1847,Alberta Research Council,104098,,0.00005,09/13/2009 11:00 AM,'---,,,,,
Mid,09/09/2011 12:00 PM,,,,,,,,,,0.05,,,,,,,,,,,,,,,,MCCLELLAND LAKE,COMPOSITE,,<,µg/l,1847,AITF-EAS (ENVIRONMENTAL ANALYTICAL SERVICES),106121,,0.00005,09/09/2011 11:00 AM,'---,,,,,
Mid,09/09/2012 12:00 PM,,,,,,,,,,0.05,,,,,,,,,,,,,,,,MCCLELLAND LAKE,COMPOSITE,,'---,µg/l,1847,AITF-EAS (ENVIRONMENTAL ANALYTICAL SERVICES),106124,,0.00005,09/09/2012 11:00 AM,'---,,,,,
Mid,09/05/2013 12:00 PM,,,,,,,,,,0.05,,,,,,,,,,,,,,,,MCCLELLAND LAKE,COMPOSITE,,'---,µg/l,1847,AITF-EAS (ENVIRONMENTAL ANALYTICAL SERVICES),106998,,0.00005,09/05/2013 11:00 AM,'---,,,,,
Mid,09/05/2014 12:00 PM,,,,,,,,,,0.008,,,,,,,,,,,,,,,,MCCLELLAND LAKE,COMPOSITE,,<,µg/l,1847,AITF-EAS (ENVIRONMENTAL ANALYTICAL SERVICES),107473,,0.000008,09/05/2014 11:00 AM,'---,,,,,
Mid,09/05/2013 12:00 PM,,,,,,,,,,0.32,,,,,,,,,,,,,,,,MCCLELLAND LAKE,COMPOSITE,,'---,ng/L,1872,AITF-EAS (ENVIRONMENTAL ANALYTICAL SERVICES),106998,,0.08,09/05/2013 11:00 AM,'---,,,,,
Mid,09/05/2014 12:00 PM,,,,,,,,,,0.42,,,,,,,,,,,,,,,,MCCLELLAND LAKE,COMPOSITE,,'---,ng/L,1872,AITF-EAS (ENVIRONMENTAL ANALYTICAL SERVICES),107473,,0.08,09/05/2014 11:00 AM,'---,,,,,
Mid,03/15/2016 12:00 PM,,,,,,,,,,0.34,,,,,,,,,,,,,,,,MCCLELLAND LAKE,COMPOSITE,,'---,ng/L,3737,UNIVERSITY OF ALBERTA - BIOGEOCHEMICAL ANALYTICAL SERVICE LABORATORY,112633,,0.06,03/15/2016 11:00 AM,'---,,,,,
Mid,07/19/2016 12:00 PM,,,,,,,,,,0.43,,,,,,,,,,,,,,,,MCCLELLAND LAKE,COMPOSITE,,'---,ng/L,3737,UNIVERSITY OF ALBERTA - BIOGEOCHEMICAL ANALYTICAL SERVICE LABORATORY,112435,,0.06,07/19/2016 11:00 AM,'---,,,,,
Mid,09/20/2016 12:00 PM,,,,,,,,,,0.31,,,,,,,,,,,,,,,,MCCLELLAND LAKE,COMPOSITE,,'---,ng/L,3737,UNIVERSITY OF ALBERTA - BIOGEOCHEMICAL ANALYTICAL SERVICE LABORATORY,112240,,0.06,09/20/2016 11:00 AM,'---,,,,,
Mid,03/14/2017 12:00 PM,,,,,,,,,,0.5,,,,,,,,,,,,,,,,MCCLELLAND LAKE,COMPOSITE,,'---,ng/L,3737,UNIVERSITY OF ALBERTA - BIOGEOCHEMICAL ANALYTICAL SERVICE LABORATORY,111784,,0.06,03/14/2017 11:00 AM,'---,,,,,
Mid,03/15/2016 12:00 PM,,,,,,,,,,,0.01,,,,,,,,,,,,,,,MCCLELLAND LAKE,COMPOSITE,,<,ng/L,3735,UNIVERSITY OF ALBERTA - BIOGEOCHEMICAL ANALYTICAL SERVICE LABORATORY,,,,,,,,,,
Mid,07/19/2016 12:00 PM,,,,,,,,,,,0.01,,,,,,,,,,,,,,,MCCLELLAND LAKE,COMPOSITE,,<,ng/L,3735,UNIVERSITY OF ALBERTA - BIOGEOCHEMICAL ANALYTICAL SERVICE LABORATORY,,,,,,,,,,
Mid,09/20/2016 12:00 PM,,,,,,,,,,,0.01,,,,,,,,,,,,,,,MCCLELLAND LAKE,COMPOSITE,,<,ng/L,3735,UNIVERSITY OF ALBERTA - BIOGEOCHEMICAL ANALYTICAL SERVICE LABORATORY,,,,,,,,,,
Mid,03/14/2017 12:00 PM,,,,,,,,,,,0.02,,,,,,,,,,,,,,,MCCLELLAND LAKE,COMPOSITE,,'---,ng/L,3735,UNIVERSITY OF ALBERTA - BIOGEOCHEMICAL ANALYTICAL SERVICE LABORATORY,,,,,,,,,,
Mid,09/14/2003 12:00 PM,,,,,,,,,,,,0.1,,,,,,,,,,,,,,MCCLELLAND LAKE,COMPOSITE,,<,µg/l,1849,Alberta Research Council,,,,,,,,,,
Mid,09/10/2007 12:00 PM,,,,,,,,,,,,0.06,,,,,,,,,,,,,,MCCLELLAND LAKE,COMPOSITE,,<,µg/l,1849,Alberta Research Council,,,,,,,,,,
Mid,09/13/2009 12:00 PM,,,,,,,,,,,,0.06,,,,,,,,,,,,,,MCCLELLAND LAKE,COMPOSITE,,<,µg/l,1849,Alberta Research Council,,,,,,,,,,
Mid,09/09/2011 12:00 PM,,,,,,,,,,,,0.1,,,,,,,,,,,,,,MCCLELLAND LAKE,COMPOSITE,,<,µg/l,1849,AITF-EAS (ENVIRONMENTAL ANALYTICAL SERVICES),,,,,,,,,,
Mid,09/09/2012 12:00 PM,,,,,,,,,,,,0.1,,,,,,,,,,,,,,MCCLELLAND LAKE,COMPOSITE,,'---,µg/l,1849,AITF-EAS (ENVIRONMENTAL ANALYTICAL SERVICES),,,,,,,,,,
Mid,09/05/2013 12:00 PM,,,,,,,,,,,,0.179,,,,,,,,,,,,,,MCCLELLAND LAKE,COMPOSITE,,'---,µg/l,1849,AITF-EAS (ENVIRONMENTAL ANALYTICAL SERVICES),,,,,,,,,,
Mid,09/05/2014 12:00 PM,,,,,,,,,,,,0.006,,,,,,,,,,,,,,MCCLELLAND LAKE,COMPOSITE,,<,µg/l,1849,AITF-EAS (ENVIRONMENTAL ANALYTICAL SERVICES),,,,,,,,,,
Mid,03/15/2016 12:00 PM,,,,,,,,,,,,0.051,,,,,,,,,,,,,,MCCLELLAND LAKE,COMPOSITE,,'---,µg/l,1849,AITF-EAS (ENVIRONMENTAL ANALYTICAL SERVICES),,,,,,,,,,
Mid,07/19/2016 12:00 PM,,,,,,,,,,,,0.101,,,,,,,,,,,,,,MCCLELLAND LAKE,COMPOSITE,,'---,µg/l,1849,AITF-EAS (ENVIRONMENTAL ANALYTICAL SERVICES),,,,,,,,,,
Mid,09/20/2016 12:00 PM,,,,,,,,,,,,0.006,,,,,,,,,,,,,,MCCLELLAND LAKE,COMPOSITE,,<,µg/l,1849,AITF-EAS (ENVIRONMENTAL ANALYTICAL SERVICES),,,,,,,,,,
Mid,03/14/2017 12:00 PM,,,,,,,,,,,,0.068,,,,,,,,,,,,,,MCCLELLAND LAKE,COMPOSITE,,'---,µg/l,1849,AITF-EAS (ENVIRONMENTAL ANALYTICAL SERVICES),,,,,,,,,,
Mid,09/14/2003 12:00 PM,,,,,,,,,,,,,0.1,,,,,,,,,,,,,MCCLELLAND LAKE,COMPOSITE,,<,µg/l,1847,Alberta Research Council,,,,,,,,,,
Mid,09/10/2007 12:00 PM,,,,,,,,,,,,,0.06,,,,,,,,,,,,,MCCLELLAND LAKE,COMPOSITE,,<,µg/l,1847,Alberta Research Council,,,,,,,,,,
Mid,09/13/2009 12:00 PM,,,,,,,,,,,,,0.06,,,,,,,,,,,,,MCCLELLAND LAKE,COMPOSITE,,<,µg/l,1847,Alberta Research Council,,,,,,,,,,
Mid,09/09/2011 12:00 PM,,,,,,,,,,,,,0.1,,,,,,,,,,,,,MCCLELLAND LAKE,COMPOSITE,,<,µg/l,1847,AITF-EAS (ENVIRONMENTAL ANALYTICAL SERVICES),,,,,,,,,,
Mid,09/09/2012 12:00 PM,,,,,,,,,,,,,0.1,,,,,,,,,,,,,MCCLELLAND LAKE,COMPOSITE,,'---,µg/l,1847,AITF-EAS (ENVIRONMENTAL ANALYTICAL SERVICES),,,,,,,,,,
Mid,09/05/2013 12:00 PM,,,,,,,,,,,,,0.215,,,,,,,,,,,,,MCCLELLAND LAKE,COMPOSITE,,'---,µg/l,1847,AITF-EAS (ENVIRONMENTAL ANALYTICAL SERVICES),,,,,,,,,,
Mid,09/05/2014 12:00 PM,,,,,,,,,,,,,0.008,,,,,,,,,,,,,MCCLELLAND LAKE,COMPOSITE,,<,µg/l,1847,AITF-EAS (ENVIRONMENTAL ANALYTICAL SERVICES),,,,,,,,,,
Mid,03/15/2016 12:00 PM,,,,,,,,,,,,,0.07,,,,,,,,,,,,,MCCLELLAND LAKE,COMPOSITE,,'---,µg/l,1847,AITF-EAS (ENVIRONMENTAL ANALYTICAL SERVICES),,,,,,,,,,
Mid,07/19/2016 12:00 PM,,,,,,,,,,,,,0.102,,,,,,,,,,,,,MCCLELLAND LAKE,COMPOSITE,,'---,µg/l,1847,AITF-EAS (ENVIRONMENTAL ANALYTICAL SERVICES),,,,,,,,,,
Mid,09/20/2016 12:00 PM,,,,,,,,,,,,,0.008,,,,,,,,,,,,,MCCLELLAND LAKE,COMPOSITE,,<,µg/l,1847,AITF-EAS (ENVIRONMENTAL ANALYTICAL SERVICES),,,,,,,,,,
Mid,03/14/2017 12:00 PM,,,,,,,,,,,,,0.848,,,,,,,,,,,,,MCCLELLAND LAKE,COMPOSITE,,'---,µg/l,1847,AITF-EAS (ENVIRONMENTAL ANALYTICAL SERVICES),,,,,,,,,,
Mid,03/15/2016 12:00 PM,,,,,,,,,,,,,,1.1,,,,,,,,,,,,MCCLELLAND LAKE,COMPOSITE,,'---,mg/l,442,"MAXXAM (CHEMEX) LABS ALBERTA INC., CALGARY, ALBERTA.",,,,,,,,,,
Mid,07/19/2016 12:00 PM,,,,,,,,,,,,,,0.95,,,,,,,,,,,,MCCLELLAND LAKE,COMPOSITE,,'---,mg/l,442,"MAXXAM (CHEMEX) LABS ALBERTA INC., CALGARY, ALBERTA.",,,,,,,,,,
Mid,09/20/2016 12:00 PM,,,,,,,,,,,,,,0.87,,,,,,,,,,,,MCCLELLAND LAKE,COMPOSITE,,'---,mg/l,442,"MAXXAM (CHEMEX) LABS ALBERTA INC., CALGARY, ALBERTA.",,,,,,,,,,
Mid,03/14/2017 12:00 PM,,,,,,,,,,,,,,1.2,,,,,,,,,,,,MCCLELLAND LAKE,COMPOSITE,,'---,mg/l,442,"MAXXAM (CHEMEX) LABS ALBERTA INC., CALGARY, ALBERTA.",,,,,,,,,,
Mid,09/14/2003 12:00 PM,,,,,,,,,,,,,,,0.9,,,,,,,,,,,MCCLELLAND LAKE,COMPOSITE,,'---,mg/l,235,ETL,,,,,,,,,,
Mid,09/10/2007 12:00 PM,,,,,,,,,,,,,,,0.9,,,,,,,,,,,MCCLELLAND LAKE,COMPOSITE,,'---,mg/l,235,"ALS (FORMERLY ENVIRO-TEST) LABORATORIES, EDMONTON, ALBERTA",,,,,,,,,,
Mid,09/13/2009 12:00 PM,,,,,,,,,,,,,,,1.05,,,,,,,,,,,MCCLELLAND LAKE,COMPOSITE,,'---,mg/l,235,"ALS (FORMERLY ENVIRO-TEST) LABORATORIES, EDMONTON, ALBERTA",,,,,,,,,,
Mid,09/09/2011 12:00 PM,,,,,,,,,,,,,,,0.98,,,,,,,,,,,MCCLELLAND LAKE,COMPOSITE,,'---,mg/l,235,"ALS (FORMERLY ENVIRO-TEST) LABORATORIES, EDMONTON, ALBERTA",,,,,,,,,,
Mid,09/09/2012 12:00 PM,,,,,,,,,,,,,,,0.97,,,,,,,,,,,MCCLELLAND LAKE,COMPOSITE,,'---,mg/l,235,"ALS (FORMERLY ENVIRO-TEST) LABORATORIES, EDMONTON, ALBERTA",,,,,,,,,,
Mid,09/05/2013 12:00 PM,,,,,,,,,,,,,,,0.98,,,,,,,,,,,MCCLELLAND LAKE,COMPOSITE,,'---,mg/l,235,"ALS (FORMERLY ENVIRO-TEST) LABORATORIES, EDMONTON, ALBERTA",,,,,,,,,,
Mid,09/05/2014 12:00 PM,,,,,,,,,,,,,,,0.81,,,,,,,,,,,MCCLELLAND LAKE,COMPOSITE,,'---,mg/l,235,"ALS (FORMERLY ENVIRO-TEST) LABORATORIES, EDMONTON, ALBERTA",,,,,,,,,,
Mid,03/15/2016 12:00 PM,,,,,,,,,,,,,,,1,,,,,,,,,,,MCCLELLAND LAKE,COMPOSITE,,'---,mg/l,442,"MAXXAM (CHEMEX) LABS ALBERTA INC., CALGARY, ALBERTA.",,,,,,,,,,
Mid,07/19/2016 12:00 PM,,,,,,,,,,,,,,,0.91,,,,,,,,,,,MCCLELLAND LAKE,COMPOSITE,,'---,mg/l,442,"MAXXAM (CHEMEX) LABS ALBERTA INC., CALGARY, ALBERTA.",,,,,,,,,,
Mid,09/20/2016 12:00 PM,,,,,,,,,,,,,,,0.81,,,,,,,,,,,MCCLELLAND LAKE,COMPOSITE,,'---,mg/l,442,"MAXXAM (CHEMEX) LABS ALBERTA INC., CALGARY, ALBERTA.",,,,,,,,,,
Mid,03/14/2017 12:00 PM,,,,,,,,,,,,,,,1.1,,,,,,,,,,,MCCLELLAND LAKE,COMPOSITE,,'---,mg/l,442,"MAXXAM (CHEMEX) LABS ALBERTA INC., CALGARY, ALBERTA.",,,,,,,,,,
Mid,09/14/2003 12:00 PM,,,,,,,,,,,,,,,,8.5,,,,,,,,,,MCCLELLAND LAKE,COMPOSITE,,'---,'---,389,ETL,104104,NULL,0.1,09/14/2003 11:00 AM,'---,,,,,
Mid,09/10/2007 12:00 PM,,,,,,,,,,,,,,,,8.7,,,,,,,,,,MCCLELLAND LAKE,COMPOSITE,,'---,'---,389,"ALS (FORMERLY ENVIRO-TEST) LABORATORIES, EDMONTON, ALBERTA",104101,,0.1,09/10/2007 11:00 AM,'---,,,,,
Mid,09/13/2009 12:00 PM,,,,,,,,,,,,,,,,8.46,,,,,,,,,,MCCLELLAND LAKE,COMPOSITE,,'---,'---,389,"ALS (FORMERLY ENVIRO-TEST) LABORATORIES, EDMONTON, ALBERTA",104098,,0.1,09/13/2009 11:00 AM,'---,,,,,
Mid,09/09/2011 12:00 PM,,,,,,,,,,,,,,,,8.71,,,,,,,,,,MCCLELLAND LAKE,COMPOSITE,,'---,'---,389,"ALS (FORMERLY ENVIRO-TEST) LABORATORIES, EDMONTON, ALBERTA",106121,,0.1,09/09/2011 11:00 AM,'---,,,,,
Mid,09/09/2012 12:00 PM,,,,,,,,,,,,,,,,8.45,,,,,,,,,,MCCLELLAND LAKE,COMPOSITE,,'---,'---,389,"ALS (FORMERLY ENVIRO-TEST) LABORATORIES, EDMONTON, ALBERTA",106124,,0.1,09/09/2012 11:00 AM,'---,,,,,
Mid,09/05/2013 12:00 PM,,,,,,,,,,,,,,,,8.48,,,,,,,,,,MCCLELLAND LAKE,COMPOSITE,,'---,'---,389,"ALS (FORMERLY ENVIRO-TEST) LABORATORIES, EDMONTON, ALBERTA",106998,,0.1,09/05/2013 11:00 AM,'---,,,,,
Mid,09/05/2014 12:00 PM,,,,,,,,,,,,,,,,8.44,,,,,,,,,,MCCLELLAND LAKE,COMPOSITE,,'---,'---,389,"ALS (FORMERLY ENVIRO-TEST) LABORATORIES, EDMONTON, ALBERTA",107473,,0.1,09/05/2014 11:00 AM,'---,,,,,
Mid,03/15/2016 12:00 PM,,,,,,,,,,,,,,,,8.06,,,,,,,,,,MCCLELLAND LAKE,COMPOSITE,,'---,'---,389,"MAXXAM (CHEMEX) LABS ALBERTA INC., CALGARY, ALBERTA.",112633,,,03/15/2016 11:00 AM,'---,,,,,
Mid,07/19/2016 12:00 PM,,,,,,,,,,,,,,,,8.9,,,,,,,,,,MCCLELLAND LAKE,COMPOSITE,,'---,'---,389,"MAXXAM (CHEMEX) LABS ALBERTA INC., CALGARY, ALBERTA.",112435,,,07/19/2016 11:00 AM,'---,,,,,
Mid,09/20/2016 12:00 PM,,,,,,,,,,,,,,,,8.47,,,,,,,,,,MCCLELLAND LAKE,COMPOSITE,,'---,'---,389,"MAXXAM (CHEMEX) LABS ALBERTA INC., CALGARY, ALBERTA.",112240,,,09/20/2016 11:00 AM,'---,,,,,
Mid,03/14/2017 12:00 PM,,,,,,,,,,,,,,,,8.1,,,,,,,,,,MCCLELLAND LAKE,COMPOSITE,,'---,'---,389,"MAXXAM (CHEMEX) LABS ALBERTA INC., CALGARY, ALBERTA.",111784,,,03/14/2017 11:00 AM,'---,,,,,
Mid,09/15/2006 12:00 PM,,,,,,,,,,,,,,,,,8.25,,,,,,,,,MCCLELLAND LAKE,COMPOSITE,,'---,'---,0,FIELD,105316,,,09/15/2006 11:00 AM,'---,,,,,
Mid,09/10/2007 12:00 PM,,,,,,,,,,,,,,,,,8.47,,,,,,,,,MCCLELLAND LAKE,COMPOSITE,,'---,'---,0,FIELD,104101,,,09/10/2007 11:00 AM,'---,,,,,
Mid,09/08/2008 12:00 PM,,,,,,,,,,,,,,,,,8.97,,,,,,,,,MCCLELLAND LAKE,COMPOSITE,,'---,'---,0,FIELD,105313,,,09/08/2008 11:00 AM,1,,,,,
Mid,09/13/2009 12:00 PM,,,,,,,,,,,,,,,,,9.1,,,,,,,,,MCCLELLAND LAKE,COMPOSITE,,'---,'---,0,FIELD,104098,,,09/13/2009 11:00 AM,'---,,,,,
Mid,09/14/2003 12:00 PM,,,,,,,,,,,,,,,,,,0.014,,,,,,,,MCCLELLAND LAKE,COMPOSITE,,'---,mg/l,567,ETL,104104,NULL,0.001,09/14/2003 11:00 AM,'---,,,,,
Mid,09/10/2007 12:00 PM,,,,,,,,,,,,,,,,,,0.012,,,,,,,,MCCLELLAND LAKE,COMPOSITE,,'---,mg/l,567,"ALS (FORMERLY ENVIRO-TEST) LABORATORIES, EDMONTON, ALBERTA",104101,,0.001,09/10/2007 11:00 AM,'---,,,,,
Mid,09/13/2009 12:00 PM,,,,,,,,,,,,,,,,,,0.0143,,,,,,,,MCCLELLAND LAKE,COMPOSITE,,'---,mg/l,567,"ALS (FORMERLY ENVIRO-TEST) LABORATORIES, EDMONTON, ALBERTA",104098,,0.001,09/13/2009 11:00 AM,'---,,,,,
Mid,09/09/2011 12:00 PM,,,,,,,,,,,,,,,,,,0.0168,,,,,,,,MCCLELLAND LAKE,COMPOSITE,,'---,mg/l,567,"ALS (FORMERLY ENVIRO-TEST) LABORATORIES, EDMONTON, ALBERTA",106121,,0.001,09/09/2011 11:00 AM,'---,,,,,
Mid,09/09/2012 12:00 PM,,,,,,,,,,,,,,,,,,0.0129,,,,,,,,MCCLELLAND LAKE,COMPOSITE,,'---,mg/l,567,"ALS (FORMERLY ENVIRO-TEST) LABORATORIES, EDMONTON, ALBERTA",106124,,0.001,09/09/2012 11:00 AM,'---,,,,,
Mid,09/05/2013 12:00 PM,,,,,,,,,,,,,,,,,,0.0173,,,,,,,,MCCLELLAND LAKE,COMPOSITE,,'---,mg/l,567,"ALS (FORMERLY ENVIRO-TEST) LABORATORIES, EDMONTON, ALBERTA",106998,,0.001,09/05/2013 11:00 AM,'---,,,,,
Mid,09/05/2014 12:00 PM,,,,,,,,,,,,,,,,,,0.0136,,,,,,,,MCCLELLAND LAKE,COMPOSITE,,'---,mg/l,567,"ALS (FORMERLY ENVIRO-TEST) LABORATORIES, EDMONTON, ALBERTA",107473,,0.001,09/05/2014 11:00 AM,'---,,,,,
Mid,03/15/2016 12:00 PM,,,,,,,,,,,,,,,,,,0.014,,,,,,,,MCCLELLAND LAKE,COMPOSITE,,'---,mg/l,443,"MAXXAM (CHEMEX) LABS ALBERTA INC., CALGARY, ALBERTA.",112633,,0.003,03/15/2016 11:00 AM,'---,,,,,
Mid,07/19/2016 12:00 PM,,,,,,,,,,,,,,,,,,0.01,,,,,,,,MCCLELLAND LAKE,COMPOSITE,,'---,mg/l,443,"MAXXAM (CHEMEX) LABS ALBERTA INC., CALGARY, ALBERTA.",112435,,0.003,07/19/2016 11:00 AM,'---,,,,,
Mid,09/20/2016 12:00 PM,,,,,,,,,,,,,,,,,,0.019,,,,,,,,MCCLELLAND LAKE,COMPOSITE,,'---,mg/l,443,"MAXXAM (CHEMEX) LABS ALBERTA INC., CALGARY, ALBERTA.",112240,,0.003,09/20/2016 11:00 AM,'---,,,,,
Mid,03/14/2017 12:00 PM,,,,,,,,,,,,,,,,,,0.016,,,,,,,,MCCLELLAND LAKE,COMPOSITE,,'---,mg/l,443,"MAXXAM (CHEMEX) LABS ALBERTA INC., CALGARY, ALBERTA.",111784,,0.003,03/14/2017 11:00 AM,'---,,,,,
Mid,09/14/2003 12:00 PM,,,,,,,,,,,,,,,,,,,0.005,,,,,,,MCCLELLAND LAKE,COMPOSITE,,'---,mg/l,567,ETL,104104,NULL,0.001,09/14/2003 11:00 AM,'---,,,,,
Mid,09/10/2007 12:00 PM,,,,,,,,,,,,,,,,,,,0.003,,,,,,,MCCLELLAND LAKE,COMPOSITE,,'---,mg/l,567,"ALS (FORMERLY ENVIRO-TEST) LABORATORIES, EDMONTON, ALBERTA",104101,,0.001,09/10/2007 11:00 AM,'---,,,,,
Mid,09/13/2009 12:00 PM,,,,,,,,,,,,,,,,,,,0.0033,,,,,,,MCCLELLAND LAKE,COMPOSITE,,'---,mg/l,567,"ALS (FORMERLY ENVIRO-TEST) LABORATORIES, EDMONTON, ALBERTA",104098,,0.001,09/13/2009 11:00 AM,'---,,,,,
Mid,09/09/2011 12:00 PM,,,,,,,,,,,,,,,,,,,0.0035,,,,,,,MCCLELLAND LAKE,COMPOSITE,,'---,mg/l,567,"ALS (FORMERLY ENVIRO-TEST) LABORATORIES, EDMONTON, ALBERTA",106121,,0.001,09/09/2011 11:00 AM,'---,,,,,
Mid,09/09/2012 12:00 PM,,,,,,,,,,,,,,,,,,,0.0133,,,,,,,MCCLELLAND LAKE,COMPOSITE,,'---,mg/l,567,"ALS (FORMERLY ENVIRO-TEST) LABORATORIES, EDMONTON, ALBERTA",106124,,0.001,09/09/2012 11:00 AM,'---,,,,,
Mid,09/05/2013 12:00 PM,,,,,,,,,,,,,,,,,,,0.0059,,,,,,,MCCLELLAND LAKE,COMPOSITE,,'---,mg/l,567,"ALS (FORMERLY ENVIRO-TEST) LABORATORIES, EDMONTON, ALBERTA",106998,,0.001,09/05/2013 11:00 AM,'---,,,,,
Mid,09/05/2014 12:00 PM,,,,,,,,,,,,,,,,,,,0.0021,,,,,,,MCCLELLAND LAKE,COMPOSITE,,'---,mg/l,567,"ALS (FORMERLY ENVIRO-TEST) LABORATORIES, EDMONTON, ALBERTA",107473,,0.001,09/05/2014 11:00 AM,'---,,,,,
Mid,03/15/2016 12:00 PM,,,,,,,,,,,,,,,,,,,0.006,,,,,,,MCCLELLAND LAKE,COMPOSITE,,'---,mg/l,443,"MAXXAM (CHEMEX) LABS ALBERTA INC., CALGARY, ALBERTA.",112633,,0.003,03/15/2016 11:00 AM,'---,,,,,
Mid,07/19/2016 12:00 PM,,,,,,,,,,,,,,,,,,,0.003,,,,,,,MCCLELLAND LAKE,COMPOSITE,,<,mg/l,443,"MAXXAM (CHEMEX) LABS ALBERTA INC., CALGARY, ALBERTA.",112435,,0.003,07/19/2016 11:00 AM,'---,,,,,
Mid,09/20/2016 12:00 PM,,,,,,,,,,,,,,,,,,,0.005,,,,,,,MCCLELLAND LAKE,COMPOSITE,,'---,mg/l,443,"MAXXAM (CHEMEX) LABS ALBERTA INC., CALGARY, ALBERTA.",112240,,0.003,09/20/2016 11:00 AM,'---,,,,,
Mid,03/14/2017 12:00 PM,,,,,,,,,,,,,,,,,,,0.0058,,,,,,,MCCLELLAND LAKE,COMPOSITE,,'---,mg/l,443,"MAXXAM (CHEMEX) LABS ALBERTA INC., CALGARY, ALBERTA.",111784,,0.003,03/14/2017 11:00 AM,'---,,,,,
Mid,03/15/2016 12:00 PM,,,,,,,,,,,,,,,,,,,,0.66,,,,,,MCCLELLAND LAKE,COMPOSITE,,'---,NTU,409,"MAXXAM (CHEMEX) LABS ALBERTA INC., CALGARY, ALBERTA.",112633,,0.1,03/15/2016 11:00 AM,'---,,,,,
Mid,07/19/2016 12:00 PM,,,,,,,,,,,,,,,,,,,,1.1,,,,,,MCCLELLAND LAKE,COMPOSITE,,'---,NTU,409,"MAXXAM (CHEMEX) LABS ALBERTA INC., CALGARY, ALBERTA.",112435,,0.1,07/19/2016 11:00 AM,'---,,,,,
Mid,09/20/2016 12:00 PM,,,,,,,,,,,,,,,,,,,,1.4,,,,,,MCCLELLAND LAKE,COMPOSITE,,'---,NTU,409,"MAXXAM (CHEMEX) LABS ALBERTA INC., CALGARY, ALBERTA.",112240,,0.1,09/20/2016 11:00 AM,'---,,,,,
Mid,03/14/2017 12:00 PM,,,,,,,,,,,,,,,,,,,,1.1,,,,,,MCCLELLAND LAKE,COMPOSITE,,'---,NTU,409,"MAXXAM (CHEMEX) LABS ALBERTA INC., CALGARY, ALBERTA.",111784,,0.1,03/14/2017 11:00 AM,'---,,,,,
Mid,09/14/2003 12:00 PM,,,,,,,,,,,,,,,,,,,,,0.2,,,,,MCCLELLAND LAKE,COMPOSITE,,'---,µg/l,1847,Alberta Research Council,104104,NULL,0.00005,09/14/2003 11:00 AM,'---,,,,,
Mid,09/10/2007 12:00 PM,,,,,,,,,,,,,,,,,,,,,0.0521,,,,,MCCLELLAND LAKE,COMPOSITE,,'---,µg/l,1847,Alberta Research Council,104101,,0.00005,09/10/2007 11:00 AM,'---,,,,,
Mid,09/13/2009 12:00 PM,,,,,,,,,,,,,,,,,,,,,0.12,,,,,MCCLELLAND LAKE,COMPOSITE,,'---,µg/l,1847,Alberta Research Council,104098,,0.00005,09/13/2009 11:00 AM,'---,,,,,
Mid,09/09/2011 12:00 PM,,,,,,,,,,,,,,,,,,,,,0.207,,,,,MCCLELLAND LAKE,COMPOSITE,,'---,µg/l,1847,AITF-EAS (ENVIRONMENTAL ANALYTICAL SERVICES),106121,,0.0001,09/09/2011 11:00 AM,'---,,,,,
Mid,09/09/2012 12:00 PM,,,,,,,,,,,,,,,,,,,,,0.164,,,,,MCCLELLAND LAKE,COMPOSITE,,'---,µg/l,1847,AITF-EAS (ENVIRONMENTAL ANALYTICAL SERVICES),106124,,0.0001,09/09/2012 11:00 AM,'---,,,,,
Mid,09/05/2013 12:00 PM,,,,,,,,,,,,,,,,,,,,,0.1,,,,,MCCLELLAND LAKE,COMPOSITE,,'---,µg/l,1847,AITF-EAS (ENVIRONMENTAL ANALYTICAL SERVICES),106998,,0.0001,09/05/2013 11:00 AM,'---,,,,,
Mid,09/05/2014 12:00 PM,,,,,,,,,,,,,,,,,,,,,0.12,,,,,MCCLELLAND LAKE,COMPOSITE,,'---,µg/l,1847,AITF-EAS (ENVIRONMENTAL ANALYTICAL SERVICES),107473,,0.00001,09/05/2014 11:00 AM,'---,,,,,
Mid,03/15/2016 12:00 PM,,,,,,,,,,,,,,,,,,,,,0.1,,,,,MCCLELLAND LAKE,COMPOSITE,,'---,µg/l,1847,AITF-EAS (ENVIRONMENTAL ANALYTICAL SERVICES),112633,,0.00001,03/15/2016 11:00 AM,'---,,,,,
Mid,07/19/2016 12:00 PM,,,,,,,,,,,,,,,,,,,,,0.13,,,,,MCCLELLAND LAKE,COMPOSITE,,'---,µg/l,1847,AITF-EAS (ENVIRONMENTAL ANALYTICAL SERVICES),112435,,0.00001,07/19/2016 11:00 AM,'---,,,,,
Mid,09/20/2016 12:00 PM,,,,,,,,,,,,,,,,,,,,,0.15,,,,,MCCLELLAND LAKE,COMPOSITE,,'---,µg/l,1847,AITF-EAS (ENVIRONMENTAL ANALYTICAL SERVICES),112240,,0.00001,09/20/2016 11:00 AM,'---,,,,,
Mid,03/14/2017 12:00 PM,,,,,,,,,,,,,,,,,,,,,0.13,,,,,MCCLELLAND LAKE,COMPOSITE,,'---,µg/l,1847,AITF-EAS (ENVIRONMENTAL ANALYTICAL SERVICES),111784,,0.00001,03/14/2017 11:00 AM,'---,,,,,
Mid,09/14/2003 12:00 PM,,,,,,,,,,,,,,,,,,,,,,0.2,,,,MCCLELLAND LAKE,COMPOSITE,,'---,µg/l,1849,Alberta Research Council,104104,NULL,0.00005,09/14/2003 11:00 AM,'---,,,,,
Mid,09/10/2007 12:00 PM,,,,,,,,,,,,,,,,,,,,,,0.05,,,,MCCLELLAND LAKE,COMPOSITE,,<,µg/l,1849,Alberta Research Council,104101,,0.00005,09/10/2007 11:00 AM,'---,,,,,
Mid,09/13/2009 12:00 PM,,,,,,,,,,,,,,,,,,,,,,0.0918,,,,MCCLELLAND LAKE,COMPOSITE,,'---,µg/l,1849,Alberta Research Council,104098,,0.00005,09/13/2009 11:00 AM,'---,,,,,
Mid,09/09/2011 12:00 PM,,,,,,,,,,,,,,,,,,,,,,0.205,,,,MCCLELLAND LAKE,COMPOSITE,,'---,µg/l,1849,AITF-EAS (ENVIRONMENTAL ANALYTICAL SERVICES),106121,,0.0001,09/09/2011 11:00 AM,'---,,,,,
Mid,09/09/2012 12:00 PM,,,,,,,,,,,,,,,,,,,,,,0.14,,,,MCCLELLAND LAKE,COMPOSITE,,'---,µg/l,1849,AITF-EAS (ENVIRONMENTAL ANALYTICAL SERVICES),106124,,0.0001,09/09/2012 11:00 AM,'---,,,,,
Mid,09/05/2013 12:00 PM,,,,,,,,,,,,,,,,,,,,,,0.1,,,,MCCLELLAND LAKE,COMPOSITE,,'---,µg/l,1849,AITF-EAS (ENVIRONMENTAL ANALYTICAL SERVICES),106998,,0.0001,09/05/2013 11:00 AM,'---,,,,,
Mid,09/05/2014 12:00 PM,,,,,,,,,,,,,,,,,,,,,,0.1,,,,MCCLELLAND LAKE,COMPOSITE,,'---,µg/l,1849,AITF-EAS (ENVIRONMENTAL ANALYTICAL SERVICES),107473,,0.00002,09/05/2014 11:00 AM,'---,,,,,
Mid,03/15/2016 12:00 PM,,,,,,,,,,,,,,,,,,,,,,0.06,,,,MCCLELLAND LAKE,COMPOSITE,,'---,µg/l,1849,AITF-EAS (ENVIRONMENTAL ANALYTICAL SERVICES),112633,,0.00002,03/15/2016 11:00 AM,'---,,,,,
Mid,07/19/2016 12:00 PM,,,,,,,,,,,,,,,,,,,,,,0.11,,,,MCCLELLAND LAKE,COMPOSITE,,'---,µg/l,1849,AITF-EAS (ENVIRONMENTAL ANALYTICAL SERVICES),112435,,0.00002,07/19/2016 11:00 AM,'---,,,,,
Mid,09/20/2016 12:00 PM,,,,,,,,,,,,,,,,,,,,,,0.13,,,,MCCLELLAND LAKE,COMPOSITE,,'---,µg/l,1849,AITF-EAS (ENVIRONMENTAL ANALYTICAL SERVICES),112240,,0.00002,09/20/2016 11:00 AM,'---,,,,,
Mid,03/14/2017 12:00 PM,,,,,,,,,,,,,,,,,,,,,,0.13,,,,MCCLELLAND LAKE,COMPOSITE,,'---,µg/l,1849,AITF-EAS (ENVIRONMENTAL ANALYTICAL SERVICES),111784,,0.00002,03/14/2017 11:00 AM,'---,,,,,
Mid,09/14/2003 12:00 PM,,,,,,,,,,,,,,,,,,,,,,,2,,,MCCLELLAND LAKE,COMPOSITE,,<,mg/l,331,ETL,104104,NULL,2,09/14/2003 11:00 AM,'---,,,,,
Mid,09/10/2007 12:00 PM,,,,,,,,,,,,,,,,,,,,,,,2,,,MCCLELLAND LAKE,COMPOSITE,,<,mg/l,331,"ALS (FORMERLY ENVIRO-TEST) LABORATORIES, EDMONTON, ALBERTA",104101,,2,09/10/2007 11:00 AM,'---,,,,,
Mid,09/13/2009 12:00 PM,,,,,,,,,,,,,,,,,,,,,,,2,,,MCCLELLAND LAKE,COMPOSITE,,<,mg/l,331,"ALS (FORMERLY ENVIRO-TEST) LABORATORIES, EDMONTON, ALBERTA",104098,,2,09/13/2009 11:00 AM,'---,,,,,
Mid,09/09/2011 12:00 PM,,,,,,,,,,,,,,,,,,,,,,,2,,,MCCLELLAND LAKE,COMPOSITE,,<,mg/l,331,"ALS (FORMERLY ENVIRO-TEST) LABORATORIES, EDMONTON, ALBERTA",106121,,2,09/09/2011 11:00 AM,'---,,,,,
Mid,09/09/2012 12:00 PM,,,,,,,,,,,,,,,,,,,,,,,2,,,MCCLELLAND LAKE,COMPOSITE,,'---,mg/l,331,"ALS (FORMERLY ENVIRO-TEST) LABORATORIES, EDMONTON, ALBERTA",106124,,2,09/09/2012 11:00 AM,'---,,,,,
Mid,09/05/2013 12:00 PM,,,,,,,,,,,,,,,,,,,,,,,2,,,MCCLELLAND LAKE,COMPOSITE,,'---,mg/l,331,"ALS (FORMERLY ENVIRO-TEST) LABORATORIES, EDMONTON, ALBERTA",106998,,2,09/05/2013 11:00 AM,'---,,,,,
Mid,09/05/2014 12:00 PM,,,,,,,,,,,,,,,,,,,,,,,2,,,MCCLELLAND LAKE,COMPOSITE,,<,mg/l,331,"ALS (FORMERLY ENVIRO-TEST) LABORATORIES, EDMONTON, ALBERTA",107473,,2,09/05/2014 11:00 AM,'---,,,,,
Mid,03/15/2016 12:00 PM,,,,,,,,,,,,,,,,,,,,,,,2,,,MCCLELLAND LAKE,COMPOSITE,,<,mg/l,331,"MAXXAM (CHEMEX) LABS ALBERTA INC., CALGARY, ALBERTA.",112633,,2,03/15/2016 11:00 AM,'---,,,,,
Mid,09/14/2003 12:00 PM,,,,,,,,,,,,,,,,,,,,,,,,9.8,,MCCLELLAND LAKE,COMPOSITE,,'---,mg/l,0,FIELD,104104,NULL,0.1,09/14/2003 11:00 AM,'---,,,,,
Mid,09/15/2006 12:00 PM,,,,,,,,,,,,,,,,,,,,,,,,8,,MCCLELLAND LAKE,COMPOSITE,,'---,mg/l,0,FIELD,105316,,,09/15/2006 11:00 AM,'---,,,,,
Mid,09/10/2007 12:00 PM,,,,,,,,,,,,,,,,,,,,,,,,9.8,,MCCLELLAND LAKE,COMPOSITE,,'---,mg/l,0,FIELD,104101,,,09/10/2007 11:00 AM,'---,,,,,
Mid,09/08/2008 12:00 PM,,,,,,,,,,,,,,,,,,,,,,,,10.2,,MCCLELLAND LAKE,COMPOSITE,,'---,mg/l,0,FIELD,105313,,,09/08/2008 11:00 AM,1,,,,,
Mid,09/13/2009 12:00 PM,,,,,,,,,,,,,,,,,,,,,,,,11,,MCCLELLAND LAKE,COMPOSITE,,'---,mg/l,0,FIELD,104098,,,09/13/2009 11:00 AM,'---,,,,,
Far,08/28/2003 8:55 AM,1.6,,,,,,,,,,,,,,,,,,,,,,,,,NAMUR LAKE,NAMUR LAKE,,'---,µg/l,2837,AITF-EAS (ENVIRONMENTAL ANALYTICAL SERVICES),03SWE01770,03SWE01770,,08/28/2003 7:55 AM,Centre,SINGLE EUPHOTIC COMPOSITE,,,,
Far,08/29/2004 8:45 AM,0.25,,,,,,,,,,,,,,,,,,,,,,,,,NAMUR LAKE,NAMUR LAKE,,'---,µg/l,1849,AITF-EAS (ENVIRONMENTAL ANALYTICAL SERVICES),04SWE03018,04SWE02271,,08/29/2004 7:45 AM,Centre,SINGLE EUPHOTIC COMPOSITE,,,,
Far,08/27/2005 9:58 AM,0.57,,,,,,,,,,,,,,,,,,,,,,,,,NAMUR LAKE,NAMUR LAKE,,'---,µg/l,1849,AITF-EAS (ENVIRONMENTAL ANALYTICAL SERVICES),05SWE02657,05SWE02658,,08/27/2005 8:58 AM,Centre,SINGLE EUPHOTIC COMPOSITE,,,,
Far,08/21/2007 9:40 AM,0.226,,,,,,,,,,,,,,,,,,,,,,,,,NAMUR LAKE,NAMUR LAKE,,'---,µg/l,1849,AITF-EAS (ENVIRONMENTAL ANALYTICAL SERVICES),07SWE02684,07SWE02684,,08/21/2007 8:40 AM,Centre,SINGLE EUPHOTIC COMPOSITE,,,,
Far,08/27/2008 10:05 AM,0.467,,,,,,,,,,,,,,,,,,,,,,,,,NAMUR LAKE,NAMUR LAKE,,'---,µg/l,1849,AITF-EAS (ENVIRONMENTAL ANALYTICAL SERVICES),08SWE03930,08SWE02145,,08/27/2008 9:05 AM,Centre,SINGLE EUPHOTIC COMPOSITE,,,,
Far,08/19/2009 10:30 AM,1.02,,,,,,,,,,,,,,,,,,,,,,,,,NAMUR LAKE,NAMUR LAKE,,'---,µg/l,1849,AITF-EAS (ENVIRONMENTAL ANALYTICAL SERVICES),09SWE00827,09SWE00737,,08/19/2009 9:30 AM,Centre,SINGLE EUPHOTIC COMPOSITE,,,,
Far,09/03/2010 9:30 AM,0.364,,,,,,,,,,,,,,,,,,,,,,,,,NAMUR LAKE,NAMUR LAKE,,'---,µg/l,1849,AITF-EAS (ENVIRONMENTAL ANALYTICAL SERVICES),10SWE01484,10SWE01485,1,09/03/2010 8:30 AM,Centre,SINGLE EUPHOTIC COMPOSITE,,,,
Far,08/30/2011 10:30 AM,1.65,,,,,,,,,,,,,,,,,,,,,,,,,NAMUR LAKE,NAMUR LAKE,,'---,µg/l,1849,AITF-EAS (ENVIRONMENTAL ANALYTICAL SERVICES),11SWE06596,11SWE06597,1,08/30/2011 9:30 AM,Centre,SINGLE EUPHOTIC COMPOSITE,,,,
Far,08/30/2012 9:00 AM,0.378,,,,,,,,,,,,,,,,,,,,,,,,,NAMUR LAKE,NAMUR LAKE,,'---,µg/l,1849,AITF-EAS (ENVIRONMENTAL ANALYTICAL SERVICES),12SWE02310,12SWE02311,1,08/30/2012 8:00 AM,Centre,SINGLE EUPHOTIC COMPOSITE,,,,
Far,08/26/2013 12:45 PM,3.68,,,,,,,,,,,,,,,,,,,,,,,,,NAMUR LAKE,NAMUR LAKE,,'---,µg/l,1849,AITF-EAS (ENVIRONMENTAL ANALYTICAL SERVICES),13SWE02199,13SWE02200,1,08/26/2013 11:45 AM,Centre,SINGLE EUPHOTIC COMPOSITE,,,,
Far,07/10/2014 12:00 PM,2.34,,,,,,,,,,,,,,,,,,,,,,,,,NAMUR LAKE,NAMUR LAKE,,'---,µg/l,1849,AITF-EAS (ENVIRONMENTAL ANALYTICAL SERVICES),107509,,0.00013,07/10/2014 11:00 AM,'---,,,,,
Far,08/19/2014 2:30 PM,1.06,,,,,,,,,,,,,,,,,,,,,,,,,NAMUR LAKE,NAMUR LAKE,,'---,µg/l,1849,AITF-EAS (ENVIRONMENTAL ANALYTICAL SERVICES),14SWE02262,14SWE02263,0.13,08/19/2014 1:30 PM,Centre,SINGLE EUPHOTIC COMPOSITE,,,,
Far,09/06/2014 12:00 PM,0.55,,,,,,,,,,,,,,,,,,,,,,,,,NAMUR LAKE,NAMUR LAKE,,'---,µg/l,1849,AITF-EAS (ENVIRONMENTAL ANALYTICAL SERVICES),107506,,0.00013,09/06/2014 11:00 AM,'---,,,,,
Far,03/03/2015 12:00 PM,0.13,,,,,,,,,,,,,,,,,,,,,,,,,NAMUR LAKE,NAMUR LAKE,,<,µg/l,1849,AITF-EAS (ENVIRONMENTAL ANALYTICAL SERVICES),107512,,0.00013,03/03/2015 12:00 PM,'---,,,,,
Far,08/27/2015 4:30 PM,0.66,,,,,,,,,,,,,,,,,,,,,,,,,NAMUR LAKE,NAMUR LAKE,,'---,µg/l,1849,AITF-EAS (ENVIRONMENTAL ANALYTICAL SERVICES),15SWE05478,15SWE05479,0.13,08/27/2015 3:30 PM,Centre,SINGLE EUPHOTIC COMPOSITE,,,,
Far,03/15/2016 12:00 PM,1.94,,,,,,,,,,,,,,,,,,,,,,,,,NAMUR LAKE,NAMUR LAKE,,'---,µg/l,1849,AITF-EAS (ENVIRONMENTAL ANALYTICAL SERVICES),112645,,0.00013,03/15/2016 11:00 AM,'---,,,,,
Far,07/19/2016 12:00 PM,0.94,,,,,,,,,,,,,,,,,,,,,,,,,NAMUR LAKE,NAMUR LAKE,,'---,µg/l,1849,AITF-EAS (ENVIRONMENTAL ANALYTICAL SERVICES),112441,,0.00013,07/19/2016 11:00 AM,'---,,,,,
Far,08/23/2016 10:30 AM,0.48,,,,,,,,,,,,,,,,,,,,,,,,,NAMUR LAKE,NAMUR LAKE,,'---,µg/l,1849,AITF-EAS (ENVIRONMENTAL ANALYTICAL SERVICES),16SWE08202,16SWE08203,0.13,08/23/2016 9:30 AM,Centre,SINGLE EUPHOTIC COMPOSITE,,,,
Far,09/20/2016 12:00 PM,0.73,,,,,,,,,,,,,,,,,,,,,,,,,NAMUR LAKE,NAMUR LAKE,,'---,µg/l,1849,AITF-EAS (ENVIRONMENTAL ANALYTICAL SERVICES),112243,,0.00013,09/20/2016 11:00 AM,'---,,,,,
Far,03/14/2017 12:00 PM,1.5,,,,,,,,,,,,,,,,,,,,,,,,,NAMUR LAKE,NAMUR LAKE,,'---,µg/l,1849,AITF-EAS (ENVIRONMENTAL ANALYTICAL SERVICES),111676,,0.00013,03/14/2017 11:00 AM,'---,,,,,
Far,08/23/2017 8:29 AM,0.4,,,,,,,,,,,,,,,,,,,,,,,,,NAMUR LAKE,NAMUR LAKE,,'---,µg/l,1849,AITF-EAS (ENVIRONMENTAL ANALYTICAL SERVICES),17SWE12722,17SWE12723,0.4,08/23/2017 7:30 AM,Centre,SINGLE EUPHOTIC COMPOSITE,,,,
Far,09/16/2020 8:00 AM,1.3,,,,,,,,,,,,,,,,,,,,,,,,,NAMUR LAKE,NAMUR LAKE,,'---,µg/l,1849,AITF-EAS (ENVIRONMENTAL ANALYTICAL SERVICES),20SWE10884,20SWE10885,0.4,09/16/2020 7:00 AM,Centre,SINGLE EUPHOTIC COMPOSITE,,,,
Far,08/19/2021 3:15 PM,1.3,,,,,,,,,,,,,,,,,,,,,,,,,NAMUR LAKE,NAMUR LAKE,,'---,µg/l,1849,AITF-EAS (ENVIRONMENTAL ANALYTICAL SERVICES),21SWE04629,21SWE04629-01,0.4,08/19/2021 2:15 PM,Centre,EUPHOTIC COMPOSITE,,,,
Far,09/14/2022 8:50 AM,0.7,,,,,,,,,,,,,,,,,,,,,,,,,NAMUR LAKE,NAMUR LAKE,,'---,µg/l,1849,AITF-EAS (ENVIRONMENTAL ANALYTICAL SERVICES),22SWE04613,22SWE04613-01,0.4,09/14/2022 7:50 AM,Centre,SINGLE EUPHOTIC COMPOSITE,,,,
Far,09/13/2001 10:45 AM,,16.4,,,,,,,,,,,,,,,,,,,,,,,,NAMUR LAKE,NAMUR LAKE,,'---,µg/l,2845,AITF-EAS (ENVIRONMENTAL ANALYTICAL SERVICES),01SWE03691,01SWE03122,,09/13/2001 11:00 AM,Centre,SINGLE EUPHOTIC COMPOSITE,,,,
Far,08/28/2003 8:55 AM,,13.6,,,,,,,,,,,,,,,,,,,,,,,,NAMUR LAKE,NAMUR LAKE,,'---,µg/l,2845,AITF-EAS (ENVIRONMENTAL ANALYTICAL SERVICES),03SWE01770,03SWE01770,,08/28/2003 7:55 AM,Centre,SINGLE EUPHOTIC COMPOSITE,,,,
Far,08/29/2004 8:45 AM,,3.6,,,,,,,,,,,,,,,,,,,,,,,,NAMUR LAKE,NAMUR LAKE,,'---,µg/l,1847,AITF-EAS (ENVIRONMENTAL ANALYTICAL SERVICES),04SWE03018,04SWE02271,,08/29/2004 7:45 AM,Centre,SINGLE EUPHOTIC COMPOSITE,,,,
Far,08/27/2005 9:58 AM,,4.7,,,,,,,,,,,,,,,,,,,,,,,,NAMUR LAKE,NAMUR LAKE,,'---,µg/l,1847,AITF-EAS (ENVIRONMENTAL ANALYTICAL SERVICES),05SWE02657,05SWE02658,,08/27/2005 8:58 AM,Centre,SINGLE EUPHOTIC COMPOSITE,,,,
Far,08/21/2006 12:10 PM,,9.4,,,,,,,,,,,,,,,,,,,,,,,,NAMUR LAKE,NAMUR LAKE,,'---,µg/l,1847,AITF-EAS (ENVIRONMENTAL ANALYTICAL SERVICES),06SWE03292,06SWE01886,,08/21/2006 11:10 AM,Centre,SINGLE EUPHOTIC COMPOSITE,,,,
Far,08/21/2007 9:40 AM,,15.1,,,,,,,,,,,,,,,,,,,,,,,,NAMUR LAKE,NAMUR LAKE,,'---,µg/l,1847,AITF-EAS (ENVIRONMENTAL ANALYTICAL SERVICES),07SWE02684,07SWE02684,,08/21/2007 8:40 AM,Centre,SINGLE EUPHOTIC COMPOSITE,,,,
Far,08/27/2008 10:05 AM,,6.53,,,,,,,,,,,,,,,,,,,,,,,,NAMUR LAKE,NAMUR LAKE,,'---,µg/l,1847,AITF-EAS (ENVIRONMENTAL ANALYTICAL SERVICES),08SWE03930,08SWE02145,,08/27/2008 9:05 AM,Centre,SINGLE EUPHOTIC COMPOSITE,,,,
Far,08/19/2009 10:30 AM,,7.62,,,,,,,,,,,,,,,,,,,,,,,,NAMUR LAKE,NAMUR LAKE,,'---,µg/l,1847,AITF-EAS (ENVIRONMENTAL ANALYTICAL SERVICES),09SWE00827,09SWE00737,,08/19/2009 9:30 AM,Centre,SINGLE EUPHOTIC COMPOSITE,,,,
Far,09/03/2010 9:30 AM,,6.55,,,,,,,,,,,,,,,,,,,,,,,,NAMUR LAKE,NAMUR LAKE,,'---,µg/l,1847,AITF-EAS (ENVIRONMENTAL ANALYTICAL SERVICES),10SWE01484,10SWE01485,3,09/03/2010 8:30 AM,Centre,SINGLE EUPHOTIC COMPOSITE,,,,
Far,08/30/2011 10:30 AM,,5.46,,,,,,,,,,,,,,,,,,,,,,,,NAMUR LAKE,NAMUR LAKE,,'---,µg/l,1847,AITF-EAS (ENVIRONMENTAL ANALYTICAL SERVICES),11SWE06596,11SWE06597,3,08/30/2011 9:30 AM,Centre,SINGLE EUPHOTIC COMPOSITE,,,,
Far,08/30/2012 9:00 AM,,32,,,,,,,,,,,,,,,,,,,,,,,,NAMUR LAKE,NAMUR LAKE,,'---,µg/l,1847,AITF-EAS (ENVIRONMENTAL ANALYTICAL SERVICES),12SWE02310,12SWE02311,3,08/30/2012 8:00 AM,Centre,SINGLE EUPHOTIC COMPOSITE,,,,
Far,08/26/2013 12:45 PM,,10.7,,,,,,,,,,,,,,,,,,,,,,,,NAMUR LAKE,NAMUR LAKE,,'---,µg/l,1847,AITF-EAS (ENVIRONMENTAL ANALYTICAL SERVICES),13SWE02199,13SWE02200,3,08/26/2013 11:45 AM,Centre,SINGLE EUPHOTIC COMPOSITE,,,,
Far,07/10/2014 12:00 PM,,22.2,,,,,,,,,,,,,,,,,,,,,,,,NAMUR LAKE,NAMUR LAKE,,'---,µg/l,1847,AITF-EAS (ENVIRONMENTAL ANALYTICAL SERVICES),107509,,0.0002,07/10/2014 11:00 AM,'---,,,,,
Far,08/19/2014 2:30 PM,,24.5,,,,,,,,,,,,,,,,,,,,,,,,NAMUR LAKE,NAMUR LAKE,,'---,µg/l,1847,AITF-EAS (ENVIRONMENTAL ANALYTICAL SERVICES),14SWE02262,14SWE02263,0.2,08/19/2014 1:30 PM,Centre,SINGLE EUPHOTIC COMPOSITE,,,,
Far,09/06/2014 12:00 PM,,20,,,,,,,,,,,,,,,,,,,,,,,,NAMUR LAKE,NAMUR LAKE,,'---,µg/l,1847,AITF-EAS (ENVIRONMENTAL ANALYTICAL SERVICES),107506,,0.0002,09/06/2014 11:00 AM,'---,,,,,
Far,03/03/2015 12:00 PM,,9.1,,,,,,,,,,,,,,,,,,,,,,,,NAMUR LAKE,NAMUR LAKE,,'---,µg/l,1847,AITF-EAS (ENVIRONMENTAL ANALYTICAL SERVICES),107512,,0.0002,03/03/2015 12:00 PM,'---,,,,,
Far,08/27/2015 4:30 PM,,9.5,,,,,,,,,,,,,,,,,,,,,,,,NAMUR LAKE,NAMUR LAKE,,'---,µg/l,1847,AITF-EAS (ENVIRONMENTAL ANALYTICAL SERVICES),15SWE05478,15SWE05479,0.2,08/27/2015 3:30 PM,Centre,SINGLE EUPHOTIC COMPOSITE,,,,
Far,03/15/2016 12:00 PM,,6.6,,,,,,,,,,,,,,,,,,,,,,,,NAMUR LAKE,NAMUR LAKE,,'---,µg/l,1847,AITF-EAS (ENVIRONMENTAL ANALYTICAL SERVICES),112645,,0.0002,03/15/2016 11:00 AM,'---,,,,,
Far,07/19/2016 12:00 PM,,18.1,,,,,,,,,,,,,,,,,,,,,,,,NAMUR LAKE,NAMUR LAKE,,'---,µg/l,1847,AITF-EAS (ENVIRONMENTAL ANALYTICAL SERVICES),112441,,0.0002,07/19/2016 11:00 AM,'---,,,,,
Far,08/23/2016 10:30 AM,,10.5,,,,,,,,,,,,,,,,,,,,,,,,NAMUR LAKE,NAMUR LAKE,,'---,µg/l,1847,AITF-EAS (ENVIRONMENTAL ANALYTICAL SERVICES),16SWE08202,16SWE08203,0.2,08/23/2016 9:30 AM,Centre,SINGLE EUPHOTIC COMPOSITE,,,,
Far,09/20/2016 12:00 PM,,8.7,,,,,,,,,,,,,,,,,,,,,,,,NAMUR LAKE,NAMUR LAKE,,'---,µg/l,1847,AITF-EAS (ENVIRONMENTAL ANALYTICAL SERVICES),112243,,0.0002,09/20/2016 11:00 AM,'---,,,,,
Far,03/14/2017 12:00 PM,,41.3,,,,,,,,,,,,,,,,,,,,,,,,NAMUR LAKE,NAMUR LAKE,,'---,µg/l,1847,AITF-EAS (ENVIRONMENTAL ANALYTICAL SERVICES),111676,,0.0002,03/14/2017 11:00 AM,'---,,,,,
Far,08/23/2017 8:29 AM,,4.6,,,,,,,,,,,,,,,,,,,,,,,,NAMUR LAKE,NAMUR LAKE,,'---,µg/l,1847,AITF-EAS (ENVIRONMENTAL ANALYTICAL SERVICES),17SWE12722,17SWE12723,0.4,08/23/2017 7:30 AM,Centre,SINGLE EUPHOTIC COMPOSITE,,,,
Far,09/16/2020 8:00 AM,,6.4,,,,,,,,,,,,,,,,,,,,,,,,NAMUR LAKE,NAMUR LAKE,,'---,µg/l,1847,AITF-EAS (ENVIRONMENTAL ANALYTICAL SERVICES),20SWE10884,20SWE10885,0.4,09/16/2020 7:00 AM,Centre,SINGLE EUPHOTIC COMPOSITE,,,,
Far,08/19/2021 3:15 PM,,7,,,,,,,,,,,,,,,,,,,,,,,,NAMUR LAKE,NAMUR LAKE,,'---,µg/l,1847,AITF-EAS (ENVIRONMENTAL ANALYTICAL SERVICES),21SWE04629,21SWE04629-01,0.4,08/19/2021 2:15 PM,Centre,EUPHOTIC COMPOSITE,,,,
Far,09/14/2022 8:50 AM,,7.7,,,,,,,,,,,,,,,,,,,,,,,,NAMUR LAKE,NAMUR LAKE,,'---,µg/l,1847,AITF-EAS (ENVIRONMENTAL ANALYTICAL SERVICES),22SWE04613,22SWE04613-01,0.4,09/14/2022 7:50 AM,Centre,SINGLE EUPHOTIC COMPOSITE,,,,
Far,08/10/1999 10:25 AM,,,6.13,,,,,,,,,,,,,,,,,,,,,,,NAMUR LAKE,NAMUR LAKE,,'---,mg/l,482,UNIVERSITY OF ALBERTA - BIOGEOCHEMICAL ANALYTICAL SERVICE LABORATORY,99SWE06000,99SWE06000,0.003,08/10/1999 9:25 AM,Centre,EUPHOTIC COMPOSITE,,,,
Far,08/31/2000 9:20 AM,,,6.47,,,,,,,,,,,,,,,,,,,,,,,NAMUR LAKE,NAMUR LAKE,,'---,mg/l,482,UNIVERSITY OF ALBERTA - BIOGEOCHEMICAL ANALYTICAL SERVICE LABORATORY,00SWE04000,00SWE04000,0.003,08/31/2000 8:20 AM,Centre,EUPHOTIC COMPOSITE,,,,
Far,09/13/2001 10:45 AM,,,6.28,,,,,,,,,,,,,,,,,,,,,,,NAMUR LAKE,NAMUR LAKE,,'---,mg/l,482,UNIVERSITY OF ALBERTA - BIOGEOCHEMICAL ANALYTICAL SERVICE LABORATORY,01SWE03691,01SWE03122,0.003,09/13/2001 11:00 AM,Centre,SINGLE EUPHOTIC COMPOSITE,,,,
Far,10/01/2002 12:00 PM,,,6.52,,,,,,,,,,,,,,,,,,,,,,,NAMUR LAKE,NAMUR LAKE,,'---,mg/l,482,UNIVERSITY OF ALBERTA - BIOGEOCHEMICAL ANALYTICAL SERVICE LABORATORY,02SWE03130,02SWE03130,0.003,10/01/2002 11:00 AM,Centre,SINGLE EUPHOTIC COMPOSITE,,,,
Far,08/28/2003 8:55 AM,,,6.53,,,,,,,,,,,,,,,,,,,,,,,NAMUR LAKE,NAMUR LAKE,,'---,mg/l,482,UNIVERSITY OF ALBERTA - BIOGEOCHEMICAL ANALYTICAL SERVICE LABORATORY,03SWE01770,03SWE01770,0.003,08/28/2003 7:55 AM,Centre,SINGLE EUPHOTIC COMPOSITE,,,,
Far,08/29/2004 8:45 AM,,,6.26,,,,,,,,,,,,,,,,,,,,,,,NAMUR LAKE,NAMUR LAKE,,'---,mg/l,482,UNIVERSITY OF ALBERTA - BIOGEOCHEMICAL ANALYTICAL SERVICE LABORATORY,04SWE03018,04SWE02271,0.003,08/29/2004 7:45 AM,Centre,SINGLE EUPHOTIC COMPOSITE,,,,
Far,08/27/2005 9:58 AM,,,9.6,,,,,,,,,,,,,,,,,,,,,,,NAMUR LAKE,NAMUR LAKE,,'---,mg/l,482,UNIVERSITY OF ALBERTA - BIOGEOCHEMICAL ANALYTICAL SERVICE LABORATORY,05SWE02657,05SWE02658,0.003,08/27/2005 8:58 AM,Centre,SINGLE EUPHOTIC COMPOSITE,,,,
Far,08/21/2006 12:10 PM,,,6.27,,,,,,,,,,,,,,,,,,,,,,,NAMUR LAKE,NAMUR LAKE,,'---,mg/l,482,UNIVERSITY OF ALBERTA - BIOGEOCHEMICAL ANALYTICAL SERVICE LABORATORY,06SWE03292,06SWE01886,0.003,08/21/2006 11:10 AM,Centre,SINGLE EUPHOTIC COMPOSITE,,,,
Far,08/21/2007 9:40 AM,,,6.35,,,,,,,,,,,,,,,,,,,,,,,NAMUR LAKE,NAMUR LAKE,,'---,mg/l,482,UNIVERSITY OF ALBERTA - BIOGEOCHEMICAL ANALYTICAL SERVICE LABORATORY,07SWE02684,07SWE02684,0.003,08/21/2007 8:40 AM,Centre,SINGLE EUPHOTIC COMPOSITE,,,,
Far,08/27/2008 10:05 AM,,,6.79,,,,,,,,,,,,,,,,,,,,,,,NAMUR LAKE,NAMUR LAKE,,'---,mg/l,482,UNIVERSITY OF ALBERTA - BIOGEOCHEMICAL ANALYTICAL SERVICE LABORATORY,08SWE03930,08SWE02145,0.003,08/27/2008 9:05 AM,Centre,SINGLE EUPHOTIC COMPOSITE,,,,
Far,08/19/2009 10:30 AM,,,6.78,,,,,,,,,,,,,,,,,,,,,,,NAMUR LAKE,NAMUR LAKE,,'---,mg/l,482,UNIVERSITY OF ALBERTA - BIOGEOCHEMICAL ANALYTICAL SERVICE LABORATORY,09SWE00827,09SWE00737,0.003,08/19/2009 9:30 AM,Centre,SINGLE EUPHOTIC COMPOSITE,,,,
Far,09/03/2010 9:30 AM,,,7.01,,,,,,,,,,,,,,,,,,,,,,,NAMUR LAKE,NAMUR LAKE,,'---,mg/l,482,UNIVERSITY OF ALBERTA - BIOGEOCHEMICAL ANALYTICAL SERVICE LABORATORY,10SWE01484,10SWE01485,0.003,09/03/2010 8:30 AM,Centre,SINGLE EUPHOTIC COMPOSITE,,,,
Far,08/30/2011 10:30 AM,,,7.1,,,,,,,,,,,,,,,,,,,,,,,NAMUR LAKE,NAMUR LAKE,,'---,mg/l,482,UNIVERSITY OF ALBERTA - BIOGEOCHEMICAL ANALYTICAL SERVICE LABORATORY,11SWE06596,11SWE06597,0.01,08/30/2011 9:30 AM,Centre,SINGLE EUPHOTIC COMPOSITE,,,,
Far,08/30/2012 9:00 AM,,,7.17,,,,,,,,,,,,,,,,,,,,,,,NAMUR LAKE,NAMUR LAKE,,'---,mg/l,482,UNIVERSITY OF ALBERTA - BIOGEOCHEMICAL ANALYTICAL SERVICE LABORATORY,12SWE02310,12SWE02311,0.01,08/30/2012 8:00 AM,Centre,SINGLE EUPHOTIC COMPOSITE,,,,
Far,08/26/2013 12:45 PM,,,6.92,,,,,,,,,,,,,,,,,,,,,,,NAMUR LAKE,NAMUR LAKE,,'---,mg/l,482,UNIVERSITY OF ALBERTA - BIOGEOCHEMICAL ANALYTICAL SERVICE LABORATORY,13SWE02199,13SWE02200,0.01,08/26/2013 11:45 AM,Centre,SINGLE EUPHOTIC COMPOSITE,,,,
Far,08/28/2003 8:55 AM,,,6.3,,,,,,,,,,,,,,,,,,,,,,,NAMUR LAKE,NAMUR LAKE,,'---,mg/l,2837,AITF-EAS (ENVIRONMENTAL ANALYTICAL SERVICES),03SWE01770,03SWE01770,,08/28/2003 7:55 AM,Centre,SINGLE EUPHOTIC COMPOSITE,,,,
Far,08/29/2004 8:45 AM,,,6.84,,,,,,,,,,,,,,,,,,,,,,,NAMUR LAKE,NAMUR LAKE,,'---,mg/l,1849,AITF-EAS (ENVIRONMENTAL ANALYTICAL SERVICES),04SWE03018,04SWE02271,,08/29/2004 7:45 AM,Centre,SINGLE EUPHOTIC COMPOSITE,,,,
Far,08/27/2005 9:58 AM,,,6.1,,,,,,,,,,,,,,,,,,,,,,,NAMUR LAKE,NAMUR LAKE,,'---,mg/l,1849,AITF-EAS (ENVIRONMENTAL ANALYTICAL SERVICES),05SWE02657,05SWE02658,,08/27/2005 8:58 AM,Centre,SINGLE EUPHOTIC COMPOSITE,,,,
Far,08/21/2007 9:40 AM,,,6.33,,,,,,,,,,,,,,,,,,,,,,,NAMUR LAKE,NAMUR LAKE,,'---,mg/l,1849,AITF-EAS (ENVIRONMENTAL ANALYTICAL SERVICES),07SWE02684,07SWE02684,,08/21/2007 8:40 AM,Centre,SINGLE EUPHOTIC COMPOSITE,,,,
Far,08/27/2008 10:05 AM,,,6.91,,,,,,,,,,,,,,,,,,,,,,,NAMUR LAKE,NAMUR LAKE,,'---,mg/l,1849,AITF-EAS (ENVIRONMENTAL ANALYTICAL SERVICES),08SWE03930,08SWE02145,,08/27/2008 9:05 AM,Centre,SINGLE EUPHOTIC COMPOSITE,,,,
Far,08/19/2009 10:30 AM,,,6.4,,,,,,,,,,,,,,,,,,,,,,,NAMUR LAKE,NAMUR LAKE,,'---,mg/l,1849,AITF-EAS (ENVIRONMENTAL ANALYTICAL SERVICES),09SWE00827,09SWE00737,,08/19/2009 9:30 AM,Centre,SINGLE EUPHOTIC COMPOSITE,,,,
Far,09/03/2010 9:30 AM,,,6.62,,,,,,,,,,,,,,,,,,,,,,,NAMUR LAKE,NAMUR LAKE,,'---,mg/l,1849,AITF-EAS (ENVIRONMENTAL ANALYTICAL SERVICES),10SWE01484,10SWE01485,0.1,09/03/2010 8:30 AM,Centre,SINGLE EUPHOTIC COMPOSITE,,,,
Far,08/30/2011 10:30 AM,,,5.88,,,,,,,,,,,,,,,,,,,,,,,NAMUR LAKE,NAMUR LAKE,,'---,mg/l,1849,AITF-EAS (ENVIRONMENTAL ANALYTICAL SERVICES),11SWE06596,11SWE06597,0.1,08/30/2011 9:30 AM,Centre,SINGLE EUPHOTIC COMPOSITE,,,,
Far,08/30/2012 9:00 AM,,,7.08,,,,,,,,,,,,,,,,,,,,,,,NAMUR LAKE,NAMUR LAKE,,'---,mg/l,1849,AITF-EAS (ENVIRONMENTAL ANALYTICAL SERVICES),12SWE02310,12SWE02311,0.1,08/30/2012 8:00 AM,Centre,SINGLE EUPHOTIC COMPOSITE,,,,
Far,08/26/2013 12:45 PM,,,7.22,,,,,,,,,,,,,,,,,,,,,,,NAMUR LAKE,NAMUR LAKE,,'---,mg/l,1849,AITF-EAS (ENVIRONMENTAL ANALYTICAL SERVICES),13SWE02199,13SWE02200,0.1,08/26/2013 11:45 AM,Centre,SINGLE EUPHOTIC COMPOSITE,,,,
Far,07/10/2014 12:00 PM,,,6.14,,,,,,,,,,,,,,,,,,,,,,,NAMUR LAKE,NAMUR LAKE,,'---,mg/l,1849,AITF-EAS (ENVIRONMENTAL ANALYTICAL SERVICES),107509,,0.03,07/10/2014 11:00 AM,'---,,,,,
Far,08/19/2014 2:30 PM,,,6.21,,,,,,,,,,,,,,,,,,,,,,,NAMUR LAKE,NAMUR LAKE,,'---,mg/l,1849,AITF-EAS (ENVIRONMENTAL ANALYTICAL SERVICES),14SWE02262,14SWE02263,0.03,08/19/2014 1:30 PM,Centre,SINGLE EUPHOTIC COMPOSITE,,,,
Far,09/06/2014 12:00 PM,,,6.67,,,,,,,,,,,,,,,,,,,,,,,NAMUR LAKE,NAMUR LAKE,,'---,mg/l,1849,AITF-EAS (ENVIRONMENTAL ANALYTICAL SERVICES),107506,,0.03,09/06/2014 11:00 AM,'---,,,,,
Far,03/03/2015 12:00 PM,,,7.29,,,,,,,,,,,,,,,,,,,,,,,NAMUR LAKE,NAMUR LAKE,,'---,mg/l,1849,AITF-EAS (ENVIRONMENTAL ANALYTICAL SERVICES),107512,,0.03,03/03/2015 12:00 PM,'---,,,,,
Far,08/27/2015 4:30 PM,,,7.24,,,,,,,,,,,,,,,,,,,,,,,NAMUR LAKE,NAMUR LAKE,,'---,mg/l,1849,AITF-EAS (ENVIRONMENTAL ANALYTICAL SERVICES),15SWE05478,15SWE05479,0.03,08/27/2015 3:30 PM,Centre,SINGLE EUPHOTIC COMPOSITE,,,,
Far,03/15/2016 12:00 PM,,,9.2,,,,,,,,,,,,,,,,,,,,,,,NAMUR LAKE,NAMUR LAKE,,'---,mg/l,1849,AITF-EAS (ENVIRONMENTAL ANALYTICAL SERVICES),112645,,0.03,03/15/2016 11:00 AM,'---,,,,,
Far,07/19/2016 12:00 PM,,,4.94,,,,,,,,,,,,,,,,,,,,,,,NAMUR LAKE,NAMUR LAKE,,'---,mg/l,1849,AITF-EAS (ENVIRONMENTAL ANALYTICAL SERVICES),112441,,0.03,07/19/2016 11:00 AM,'---,,,,,
Far,08/23/2016 10:30 AM,,,7.13,,,,,,,,,,,,,,,,,,,,,,,NAMUR LAKE,NAMUR LAKE,,'---,mg/l,1849,AITF-EAS (ENVIRONMENTAL ANALYTICAL SERVICES),16SWE08202,16SWE08203,0.03,08/23/2016 9:30 AM,Centre,SINGLE EUPHOTIC COMPOSITE,,,,
Far,09/20/2016 12:00 PM,,,7.36,,,,,,,,,,,,,,,,,,,,,,,NAMUR LAKE,NAMUR LAKE,,'---,mg/l,1849,AITF-EAS (ENVIRONMENTAL ANALYTICAL SERVICES),112243,,0.03,09/20/2016 11:00 AM,'---,,,,,
Far,03/14/2017 12:00 PM,,,10.6,,,,,,,,,,,,,,,,,,,,,,,NAMUR LAKE,NAMUR LAKE,,'---,mg/l,1849,AITF-EAS (ENVIRONMENTAL ANALYTICAL SERVICES),111676,,0.03,03/14/2017 11:00 AM,'---,,,,,
Far,08/23/2017 8:29 AM,,,7.93,,,,,,,,,,,,,,,,,,,,,,,NAMUR LAKE,NAMUR LAKE,,'---,mg/l,1849,AITF-EAS (ENVIRONMENTAL ANALYTICAL SERVICES),17SWE12722,17SWE12723,0.03,08/23/2017 7:30 AM,Centre,SINGLE EUPHOTIC COMPOSITE,,,,
Far,09/16/2020 8:00 AM,,,6.85,,,,,,,,,,,,,,,,,,,,,,,NAMUR LAKE,NAMUR LAKE,,'---,mg/l,1849,AITF-EAS (ENVIRONMENTAL ANALYTICAL SERVICES),20SWE10884,20SWE10885,0.03,09/16/2020 7:00 AM,Centre,SINGLE EUPHOTIC COMPOSITE,,,,
Far,05/26/2014 12:00 PM,,,4.51,,,,,,,,,,,,,,,,,,,,,,,NAMUR LAKE,NAMUR LAKE,,'---,mg/l,3158,"ALS (FORMERLY ENVIRO-TEST) LABORATORIES, EDMONTON, ALBERTA",106650,,0.5,05/26/2014 11:00 AM,'---,,,,,
Far,07/10/2014 12:00 PM,,,7.11,,,,,,,,,,,,,,,,,,,,,,,NAMUR LAKE,NAMUR LAKE,,'---,mg/l,3158,"ALS (FORMERLY ENVIRO-TEST) LABORATORIES, EDMONTON, ALBERTA",107509,,0.5,07/10/2014 11:00 AM,'---,,,,,
Far,09/06/2014 12:00 PM,,,7.5,,,,,,,,,,,,,,,,,,,,,,,NAMUR LAKE,NAMUR LAKE,,'---,mg/l,3158,"ALS (FORMERLY ENVIRO-TEST) LABORATORIES, EDMONTON, ALBERTA",107506,,0.5,09/06/2014 11:00 AM,'---,,,,,
Far,03/03/2015 12:00 PM,,,9.09,,,,,,,,,,,,,,,,,,,,,,,NAMUR LAKE,NAMUR LAKE,,'---,mg/l,3158,"ALS (FORMERLY ENVIRO-TEST) LABORATORIES, EDMONTON, ALBERTA",107512,,0.5,03/03/2015 12:00 PM,'---,,,,,
Far,08/19/2014 2:30 PM,,,7.01,,,,,,,,,,,,,,,,,,,,,,,NAMUR LAKE,NAMUR LAKE,,'---,mg/l,1516,UNIVERSITY OF ALBERTA - BIOGEOCHEMICAL ANALYTICAL SERVICE LABORATORY,14SWE02262,14SWE02263,0.005,08/19/2014 1:30 PM,Centre,SINGLE EUPHOTIC COMPOSITE,,,,
Far,08/27/2015 4:30 PM,,,7.25,,,,,,,,,,,,,,,,,,,,,,,NAMUR LAKE,NAMUR LAKE,,'---,mg/l,1516,UNIVERSITY OF ALBERTA - BIOGEOCHEMICAL ANALYTICAL SERVICE LABORATORY,15SWE05478,15SWE05479,0.005,08/27/2015 3:30 PM,Centre,SINGLE EUPHOTIC COMPOSITE,,,,
Far,03/15/2016 12:00 PM,,,9,,,,,,,,,,,,,,,,,,,,,,,NAMUR LAKE,NAMUR LAKE,,'---,mg/l,1516,"MAXXAM (CHEMEX) LABS ALBERTA INC., CALGARY, ALBERTA.",112645,,0.3,03/15/2016 11:00 AM,'---,,,,,
Far,07/19/2016 12:00 PM,,,7.4,,,,,,,,,,,,,,,,,,,,,,,NAMUR LAKE,NAMUR LAKE,,'---,mg/l,1516,"MAXXAM (CHEMEX) LABS ALBERTA INC., CALGARY, ALBERTA.",112441,,0.3,07/19/2016 11:00 AM,'---,,,,,
Far,08/23/2016 10:30 AM,,,7.48,,,,,,,,,,,,,,,,,,,,,,,NAMUR LAKE,NAMUR LAKE,,'---,mg/l,1516,UNIVERSITY OF ALBERTA - BIOGEOCHEMICAL ANALYTICAL SERVICE LABORATORY,16SWE08202,16SWE08203,0.005,08/23/2016 9:30 AM,Centre,SINGLE EUPHOTIC COMPOSITE,,,,
Far,09/20/2016 12:00 PM,,,7.4,,,,,,,,,,,,,,,,,,,,,,,NAMUR LAKE,NAMUR LAKE,,'---,mg/l,1516,"MAXXAM (CHEMEX) LABS ALBERTA INC., CALGARY, ALBERTA.",112243,,0.3,09/20/2016 11:00 AM,'---,,,,,
Far,03/14/2017 12:00 PM,,,11,,,,,,,,,,,,,,,,,,,,,,,NAMUR LAKE,NAMUR LAKE,,'---,mg/l,1516,"MAXXAM (CHEMEX) LABS ALBERTA INC., CALGARY, ALBERTA.",111676,,0.3,03/14/2017 11:00 AM,'---,,,,,
Far,08/23/2017 8:29 AM,,,7.57,,,,,,,,,,,,,,,,,,,,,,,NAMUR LAKE,NAMUR LAKE,,'---,mg/l,1516,UNIVERSITY OF ALBERTA - BIOGEOCHEMICAL ANALYTICAL SERVICE LABORATORY,17SWE12722,17SWE12723,0.005,08/23/2017 7:30 AM,Centre,SINGLE EUPHOTIC COMPOSITE,,,,
Far,09/16/2020 8:00 AM,,,7.5,,,,,,,,,,,,,,,,,,,,,,,NAMUR LAKE,NAMUR LAKE,,'---,mg/l,1516,"MAXXAM (CHEMEX) LABS ALBERTA INC., CALGARY, ALBERTA.",20SWE10884,20SWE10885,0.3,09/16/2020 7:00 AM,Centre,SINGLE EUPHOTIC COMPOSITE,,,,
Far,08/19/2021 3:15 PM,,,7,,,,,,,,,,,,,,,,,,,,,,,NAMUR LAKE,NAMUR LAKE,,'---,mg/l,1516,"MAXXAM (CHEMEX) LABS ALBERTA INC., CALGARY, ALBERTA.",21SWE04629,21SWE04629-01,0.3,08/19/2021 2:15 PM,Centre,EUPHOTIC COMPOSITE,,,,
Far,09/14/2022 8:50 AM,,,7.6,,,,,,,,,,,,,,,,,,,,,,,NAMUR LAKE,NAMUR LAKE,,'---,mg/l,1516,"MAXXAM (CHEMEX) LABS ALBERTA INC., CALGARY, ALBERTA.",22SWE04613,22SWE04613-01,0.3,09/14/2022 7:50 AM,Centre,SINGLE EUPHOTIC COMPOSITE,,,,
Far,09/13/2001 10:45 AM,,,,6.5,,,,,,,,,,,,,,,,,,,,,,NAMUR LAKE,NAMUR LAKE,,'---,mg/l,2845,AITF-EAS (ENVIRONMENTAL ANALYTICAL SERVICES),01SWE03691,01SWE03122,,09/13/2001 11:00 AM,Centre,SINGLE EUPHOTIC COMPOSITE,,,,
Far,08/28/2003 8:55 AM,,,,6.5,,,,,,,,,,,,,,,,,,,,,,NAMUR LAKE,NAMUR LAKE,,'---,mg/l,2845,AITF-EAS (ENVIRONMENTAL ANALYTICAL SERVICES),03SWE01770,03SWE01770,,08/28/2003 7:55 AM,Centre,SINGLE EUPHOTIC COMPOSITE,,,,
Far,08/29/2004 8:45 AM,,,,7.12,,,,,,,,,,,,,,,,,,,,,,NAMUR LAKE,NAMUR LAKE,,'---,mg/l,1847,AITF-EAS (ENVIRONMENTAL ANALYTICAL SERVICES),04SWE03018,04SWE02271,,08/29/2004 7:45 AM,Centre,SINGLE EUPHOTIC COMPOSITE,,,,
Far,08/27/2005 9:58 AM,,,,6.65,,,,,,,,,,,,,,,,,,,,,,NAMUR LAKE,NAMUR LAKE,,'---,mg/l,1847,AITF-EAS (ENVIRONMENTAL ANALYTICAL SERVICES),05SWE02657,05SWE02658,,08/27/2005 8:58 AM,Centre,SINGLE EUPHOTIC COMPOSITE,,,,
Far,08/21/2006 12:10 PM,,,,6.48,,,,,,,,,,,,,,,,,,,,,,NAMUR LAKE,NAMUR LAKE,,'---,mg/l,1847,AITF-EAS (ENVIRONMENTAL ANALYTICAL SERVICES),06SWE03292,06SWE01886,,08/21/2006 11:10 AM,Centre,SINGLE EUPHOTIC COMPOSITE,,,,
Far,08/21/2007 9:40 AM,,,,6.5,,,,,,,,,,,,,,,,,,,,,,NAMUR LAKE,NAMUR LAKE,,'---,mg/l,1847,AITF-EAS (ENVIRONMENTAL ANALYTICAL SERVICES),07SWE02684,07SWE02684,,08/21/2007 8:40 AM,Centre,SINGLE EUPHOTIC COMPOSITE,,,,
Far,08/27/2008 10:05 AM,,,,7.1,,,,,,,,,,,,,,,,,,,,,,NAMUR LAKE,NAMUR LAKE,,'---,mg/l,1847,AITF-EAS (ENVIRONMENTAL ANALYTICAL SERVICES),08SWE03930,08SWE02145,,08/27/2008 9:05 AM,Centre,SINGLE EUPHOTIC COMPOSITE,,,,
Far,08/19/2009 10:30 AM,,,,6.77,,,,,,,,,,,,,,,,,,,,,,NAMUR LAKE,NAMUR LAKE,,'---,mg/l,1847,AITF-EAS (ENVIRONMENTAL ANALYTICAL SERVICES),09SWE00827,09SWE00737,,08/19/2009 9:30 AM,Centre,SINGLE EUPHOTIC COMPOSITE,,,,
Far,09/03/2010 9:30 AM,,,,6.92,,,,,,,,,,,,,,,,,,,,,,NAMUR LAKE,NAMUR LAKE,,'---,mg/l,1847,AITF-EAS (ENVIRONMENTAL ANALYTICAL SERVICES),10SWE01484,10SWE01485,0.1,09/03/2010 8:30 AM,Centre,SINGLE EUPHOTIC COMPOSITE,,,,
Far,08/30/2011 10:30 AM,,,,6.3,,,,,,,,,,,,,,,,,,,,,,NAMUR LAKE,NAMUR LAKE,,'---,mg/l,1847,AITF-EAS (ENVIRONMENTAL ANALYTICAL SERVICES),11SWE06596,11SWE06597,0.1,08/30/2011 9:30 AM,Centre,SINGLE EUPHOTIC COMPOSITE,,,,
Far,08/30/2012 9:00 AM,,,,7.59,,,,,,,,,,,,,,,,,,,,,,NAMUR LAKE,NAMUR LAKE,,'---,mg/l,1847,AITF-EAS (ENVIRONMENTAL ANALYTICAL SERVICES),12SWE02310,12SWE02311,0.1,08/30/2012 8:00 AM,Centre,SINGLE EUPHOTIC COMPOSITE,,,,
Far,08/26/2013 12:45 PM,,,,7.46,,,,,,,,,,,,,,,,,,,,,,NAMUR LAKE,NAMUR LAKE,,'---,mg/l,1847,AITF-EAS (ENVIRONMENTAL ANALYTICAL SERVICES),13SWE02199,13SWE02200,0.1,08/26/2013 11:45 AM,Centre,SINGLE EUPHOTIC COMPOSITE,,,,
Far,07/10/2014 12:00 PM,,,,6.77,,,,,,,,,,,,,,,,,,,,,,NAMUR LAKE,NAMUR LAKE,,'---,mg/l,1847,AITF-EAS (ENVIRONMENTAL ANALYTICAL SERVICES),107509,,0.01,07/10/2014 11:00 AM,'---,,,,,
Far,08/19/2014 2:30 PM,,,,6.92,,,,,,,,,,,,,,,,,,,,,,NAMUR LAKE,NAMUR LAKE,,'---,mg/l,1847,AITF-EAS (ENVIRONMENTAL ANALYTICAL SERVICES),14SWE02262,14SWE02263,0.01,08/19/2014 1:30 PM,Centre,SINGLE EUPHOTIC COMPOSITE,,,,
Far,09/06/2014 12:00 PM,,,,7.01,,,,,,,,,,,,,,,,,,,,,,NAMUR LAKE,NAMUR LAKE,,'---,mg/l,1847,AITF-EAS (ENVIRONMENTAL ANALYTICAL SERVICES),107506,,0.01,09/06/2014 11:00 AM,'---,,,,,
Far,03/03/2015 12:00 PM,,,,8.3,,,,,,,,,,,,,,,,,,,,,,NAMUR LAKE,NAMUR LAKE,,'---,mg/l,1847,AITF-EAS (ENVIRONMENTAL ANALYTICAL SERVICES),107512,,0.01,03/03/2015 12:00 PM,'---,,,,,
Far,08/27/2015 4:30 PM,,,,7.53,,,,,,,,,,,,,,,,,,,,,,NAMUR LAKE,NAMUR LAKE,,'---,mg/l,1847,AITF-EAS (ENVIRONMENTAL ANALYTICAL SERVICES),15SWE05478,15SWE05479,0.01,08/27/2015 3:30 PM,Centre,SINGLE EUPHOTIC COMPOSITE,,,,
Far,03/15/2016 12:00 PM,,,,11.2,,,,,,,,,,,,,,,,,,,,,,NAMUR LAKE,NAMUR LAKE,,'---,mg/l,1847,AITF-EAS (ENVIRONMENTAL ANALYTICAL SERVICES),112645,,0.01,03/15/2016 11:00 AM,'---,,,,,
Far,07/19/2016 12:00 PM,,,,5.03,,,,,,,,,,,,,,,,,,,,,,NAMUR LAKE,NAMUR LAKE,,'---,mg/l,1847,AITF-EAS (ENVIRONMENTAL ANALYTICAL SERVICES),112441,,0.01,07/19/2016 11:00 AM,'---,,,,,
Far,08/23/2016 10:30 AM,,,,7.29,,,,,,,,,,,,,,,,,,,,,,NAMUR LAKE,NAMUR LAKE,,'---,mg/l,1847,AITF-EAS (ENVIRONMENTAL ANALYTICAL SERVICES),16SWE08202,16SWE08203,0.01,08/23/2016 9:30 AM,Centre,SINGLE EUPHOTIC COMPOSITE,,,,
Far,09/20/2016 12:00 PM,,,,7.5,,,,,,,,,,,,,,,,,,,,,,NAMUR LAKE,NAMUR LAKE,,'---,mg/l,1847,AITF-EAS (ENVIRONMENTAL ANALYTICAL SERVICES),112243,,0.01,09/20/2016 11:00 AM,'---,,,,,
Far,03/14/2017 12:00 PM,,,,10.8,,,,,,,,,,,,,,,,,,,,,,NAMUR LAKE,NAMUR LAKE,,'---,mg/l,1847,AITF-EAS (ENVIRONMENTAL ANALYTICAL SERVICES),111676,,0.01,03/14/2017 11:00 AM,'---,,,,,
Far,08/23/2017 8:29 AM,,,,7.89,,,,,,,,,,,,,,,,,,,,,,NAMUR LAKE,NAMUR LAKE,,'---,mg/l,1847,AITF-EAS (ENVIRONMENTAL ANALYTICAL SERVICES),17SWE12722,17SWE12723,0.01,08/23/2017 7:30 AM,Centre,SINGLE EUPHOTIC COMPOSITE,,,,
Far,09/16/2020 8:00 AM,,,,7.02,,,,,,,,,,,,,,,,,,,,,,NAMUR LAKE,NAMUR LAKE,,'---,mg/l,1847,AITF-EAS (ENVIRONMENTAL ANALYTICAL SERVICES),20SWE10884,20SWE10885,0.01,09/16/2020 7:00 AM,Centre,SINGLE EUPHOTIC COMPOSITE,,,,
Far,03/15/2016 12:00 PM,,,,9.1,,,,,,,,,,,,,,,,,,,,,,NAMUR LAKE,NAMUR LAKE,,'---,mg/l,440,"MAXXAM (CHEMEX) LABS ALBERTA INC., CALGARY, ALBERTA.",112645,,0.3,03/15/2016 11:00 AM,'---,,,,,
Far,07/19/2016 12:00 PM,,,,7,,,,,,,,,,,,,,,,,,,,,,NAMUR LAKE,NAMUR LAKE,,'---,mg/l,440,"MAXXAM (CHEMEX) LABS ALBERTA INC., CALGARY, ALBERTA.",112441,,0.3,07/19/2016 11:00 AM,'---,,,,,
Far,09/20/2016 12:00 PM,,,,7.4,,,,,,,,,,,,,,,,,,,,,,NAMUR LAKE,NAMUR LAKE,,'---,mg/l,440,"MAXXAM (CHEMEX) LABS ALBERTA INC., CALGARY, ALBERTA.",112243,,0.3,09/20/2016 11:00 AM,'---,,,,,
Far,03/14/2017 12:00 PM,,,,10,,,,,,,,,,,,,,,,,,,,,,NAMUR LAKE,NAMUR LAKE,,'---,mg/l,440,"MAXXAM (CHEMEX) LABS ALBERTA INC., CALGARY, ALBERTA.",111676,,0.3,03/14/2017 11:00 AM,'---,,,,,
Far,08/28/2003 8:55 AM,,,,,0.3,,,,,,,,,,,,,,,,,,,,,NAMUR LAKE,NAMUR LAKE,,'---,µg/l,2837,AITF-EAS (ENVIRONMENTAL ANALYTICAL SERVICES),03SWE01770,03SWE01770,,08/28/2003 7:55 AM,Centre,SINGLE EUPHOTIC COMPOSITE,,,,
Far,08/29/2004 8:45 AM,,,,,0.453,,,,,,,,,,,,,,,,,,,,,NAMUR LAKE,NAMUR LAKE,,'---,µg/l,1849,AITF-EAS (ENVIRONMENTAL ANALYTICAL SERVICES),04SWE03018,04SWE02271,,08/29/2004 7:45 AM,Centre,SINGLE EUPHOTIC COMPOSITE,,,,
Far,08/27/2005 9:58 AM,,,,,0.55,,,,,,,,,,,,,,,,,,,,,NAMUR LAKE,NAMUR LAKE,,'---,µg/l,1849,AITF-EAS (ENVIRONMENTAL ANALYTICAL SERVICES),05SWE02657,05SWE02658,,08/27/2005 8:58 AM,Centre,SINGLE EUPHOTIC COMPOSITE,,,,
Far,08/21/2007 9:40 AM,,,,,0.29,,,,,,,,,,,,,,,,,,,,,NAMUR LAKE,NAMUR LAKE,,'---,µg/l,1849,AITF-EAS (ENVIRONMENTAL ANALYTICAL SERVICES),07SWE02684,07SWE02684,,08/21/2007 8:40 AM,Centre,SINGLE EUPHOTIC COMPOSITE,,,,
Far,08/27/2008 10:05 AM,,,,,0.343,,,,,,,,,,,,,,,,,,,,,NAMUR LAKE,NAMUR LAKE,,'---,µg/l,1849,AITF-EAS (ENVIRONMENTAL ANALYTICAL SERVICES),08SWE03930,08SWE02145,,08/27/2008 9:05 AM,Centre,SINGLE EUPHOTIC COMPOSITE,,,,
Far,08/19/2009 10:30 AM,,,,,0.287,,,,,,,,,,,,,,,,,,,,,NAMUR LAKE,NAMUR LAKE,,'---,µg/l,1849,AITF-EAS (ENVIRONMENTAL ANALYTICAL SERVICES),09SWE00827,09SWE00737,,08/19/2009 9:30 AM,Centre,SINGLE EUPHOTIC COMPOSITE,,,,
Far,09/03/2010 9:30 AM,,,,,0.262,,,,,,,,,,,,,,,,,,,,,NAMUR LAKE,NAMUR LAKE,,'---,µg/l,1849,AITF-EAS (ENVIRONMENTAL ANALYTICAL SERVICES),10SWE01484,10SWE01485,0.1,09/03/2010 8:30 AM,Centre,SINGLE EUPHOTIC COMPOSITE,,,,
Far,08/30/2011 10:30 AM,,,,,0.305,,,,,,,,,,,,,,,,,,,,,NAMUR LAKE,NAMUR LAKE,,'---,µg/l,1849,AITF-EAS (ENVIRONMENTAL ANALYTICAL SERVICES),11SWE06596,11SWE06597,0.1,08/30/2011 9:30 AM,Centre,SINGLE EUPHOTIC COMPOSITE,,,,
Far,08/30/2012 9:00 AM,,,,,0.351,,,,,,,,,,,,,,,,,,,,,NAMUR LAKE,NAMUR LAKE,,'---,µg/l,1849,AITF-EAS (ENVIRONMENTAL ANALYTICAL SERVICES),12SWE02310,12SWE02311,0.1,08/30/2012 8:00 AM,Centre,SINGLE EUPHOTIC COMPOSITE,,,,
Far,08/26/2013 12:45 PM,,,,,0.285,,,,,,,,,,,,,,,,,,,,,NAMUR LAKE,NAMUR LAKE,,'---,µg/l,1849,AITF-EAS (ENVIRONMENTAL ANALYTICAL SERVICES),13SWE02199,13SWE02200,0.1,08/26/2013 11:45 AM,Centre,SINGLE EUPHOTIC COMPOSITE,,,,
Far,07/10/2014 12:00 PM,,,,,0.32,,,,,,,,,,,,,,,,,,,,,NAMUR LAKE,NAMUR LAKE,,'---,µg/l,1849,AITF-EAS (ENVIRONMENTAL ANALYTICAL SERVICES),107509,,0.00008,07/10/2014 11:00 AM,'---,,,,,
Far,08/19/2014 2:30 PM,,,,,0.08,,,,,,,,,,,,,,,,,,,,,NAMUR LAKE,NAMUR LAKE,,'---,µg/l,1849,AITF-EAS (ENVIRONMENTAL ANALYTICAL SERVICES),14SWE02262,14SWE02263,0.08,08/19/2014 1:30 PM,Centre,SINGLE EUPHOTIC COMPOSITE,,,,
Far,09/06/2014 12:00 PM,,,,,0.47,,,,,,,,,,,,,,,,,,,,,NAMUR LAKE,NAMUR LAKE,,'---,µg/l,1849,AITF-EAS (ENVIRONMENTAL ANALYTICAL SERVICES),107506,,0.00008,09/06/2014 11:00 AM,'---,,,,,
Far,03/03/2015 12:00 PM,,,,,0.53,,,,,,,,,,,,,,,,,,,,,NAMUR LAKE,NAMUR LAKE,,'---,µg/l,1849,AITF-EAS (ENVIRONMENTAL ANALYTICAL SERVICES),107512,,0.00008,03/03/2015 12:00 PM,'---,,,,,
Far,08/27/2015 4:30 PM,,,,,0.21,,,,,,,,,,,,,,,,,,,,,NAMUR LAKE,NAMUR LAKE,,'---,µg/l,1849,AITF-EAS (ENVIRONMENTAL ANALYTICAL SERVICES),15SWE05478,15SWE05479,0.08,08/27/2015 3:30 PM,Centre,SINGLE EUPHOTIC COMPOSITE,,,,
Far,03/15/2016 12:00 PM,,,,,0.43,,,,,,,,,,,,,,,,,,,,,NAMUR LAKE,NAMUR LAKE,,'---,µg/l,1849,AITF-EAS (ENVIRONMENTAL ANALYTICAL SERVICES),112645,,0.00008,03/15/2016 11:00 AM,'---,,,,,
Far,07/19/2016 12:00 PM,,,,,0.34,,,,,,,,,,,,,,,,,,,,,NAMUR LAKE,NAMUR LAKE,,'---,µg/l,1849,AITF-EAS (ENVIRONMENTAL ANALYTICAL SERVICES),112441,,0.00008,07/19/2016 11:00 AM,'---,,,,,
Far,08/23/2016 10:30 AM,,,,,0.45,,,,,,,,,,,,,,,,,,,,,NAMUR LAKE,NAMUR LAKE,,'---,µg/l,1849,AITF-EAS (ENVIRONMENTAL ANALYTICAL SERVICES),16SWE08202,16SWE08203,0.08,08/23/2016 9:30 AM,Centre,SINGLE EUPHOTIC COMPOSITE,,,,
Far,09/20/2016 12:00 PM,,,,,0.49,,,,,,,,,,,,,,,,,,,,,NAMUR LAKE,NAMUR LAKE,,'---,µg/l,1849,AITF-EAS (ENVIRONMENTAL ANALYTICAL SERVICES),112243,,0.00008,09/20/2016 11:00 AM,'---,,,,,
Far,03/14/2017 12:00 PM,,,,,0.38,,,,,,,,,,,,,,,,,,,,,NAMUR LAKE,NAMUR LAKE,,'---,µg/l,1849,AITF-EAS (ENVIRONMENTAL ANALYTICAL SERVICES),111676,,0.00008,03/14/2017 11:00 AM,'---,,,,,
Far,08/23/2017 8:29 AM,,,,,0.3,,,,,,,,,,,,,,,,,,,,,NAMUR LAKE,NAMUR LAKE,,'---,µg/l,1849,AITF-EAS (ENVIRONMENTAL ANALYTICAL SERVICES),17SWE12722,17SWE12723,0.08,08/23/2017 7:30 AM,Centre,SINGLE EUPHOTIC COMPOSITE,,,,
Far,09/16/2020 8:00 AM,,,,,0.21,,,,,,,,,,,,,,,,,,,,,NAMUR LAKE,NAMUR LAKE,,'---,µg/l,1849,AITF-EAS (ENVIRONMENTAL ANALYTICAL SERVICES),20SWE10884,20SWE10885,0.08,09/16/2020 7:00 AM,Centre,SINGLE EUPHOTIC COMPOSITE,,,,
Far,08/19/2021 3:15 PM,,,,,0.2,,,,,,,,,,,,,,,,,,,,,NAMUR LAKE,NAMUR LAKE,,'---,µg/l,1849,AITF-EAS (ENVIRONMENTAL ANALYTICAL SERVICES),21SWE04629,21SWE04629-01,0.08,08/19/2021 2:15 PM,Centre,EUPHOTIC COMPOSITE,,,,
Far,09/14/2022 8:50 AM,,,,,0.24,,,,,,,,,,,,,,,,,,,,,NAMUR LAKE,NAMUR LAKE,,'---,µg/l,1849,AITF-EAS (ENVIRONMENTAL ANALYTICAL SERVICES),22SWE04613,22SWE04613-01,0.08,09/14/2022 7:50 AM,Centre,SINGLE EUPHOTIC COMPOSITE,,,,
Far,09/13/2001 10:45 AM,,,,,,1.1,,,,,,,,,,,,,,,,,,,,NAMUR LAKE,NAMUR LAKE,,'---,µg/l,2845,AITF-EAS (ENVIRONMENTAL ANALYTICAL SERVICES),01SWE03691,01SWE03122,,09/13/2001 11:00 AM,Centre,SINGLE EUPHOTIC COMPOSITE,,,,
Far,08/28/2003 8:55 AM,,,,,,0.9,,,,,,,,,,,,,,,,,,,,NAMUR LAKE,NAMUR LAKE,,'---,µg/l,2845,AITF-EAS (ENVIRONMENTAL ANALYTICAL SERVICES),03SWE01770,03SWE01770,,08/28/2003 7:55 AM,Centre,SINGLE EUPHOTIC COMPOSITE,,,,
Far,08/29/2004 8:45 AM,,,,,,0.441,,,,,,,,,,,,,,,,,,,,NAMUR LAKE,NAMUR LAKE,,'---,µg/l,1847,AITF-EAS (ENVIRONMENTAL ANALYTICAL SERVICES),04SWE03018,04SWE02271,,08/29/2004 7:45 AM,Centre,SINGLE EUPHOTIC COMPOSITE,,,,
Far,08/27/2005 9:58 AM,,,,,,0.555,,,,,,,,,,,,,,,,,,,,NAMUR LAKE,NAMUR LAKE,,'---,µg/l,1847,AITF-EAS (ENVIRONMENTAL ANALYTICAL SERVICES),05SWE02657,05SWE02658,,08/27/2005 8:58 AM,Centre,SINGLE EUPHOTIC COMPOSITE,,,,
Far,08/21/2006 12:10 PM,,,,,,0.497,,,,,,,,,,,,,,,,,,,,NAMUR LAKE,NAMUR LAKE,,'---,µg/l,1847,AITF-EAS (ENVIRONMENTAL ANALYTICAL SERVICES),06SWE03292,06SWE01886,,08/21/2006 11:10 AM,Centre,SINGLE EUPHOTIC COMPOSITE,,,,
Far,08/21/2007 9:40 AM,,,,,,0.32,,,,,,,,,,,,,,,,,,,,NAMUR LAKE,NAMUR LAKE,,'---,µg/l,1847,AITF-EAS (ENVIRONMENTAL ANALYTICAL SERVICES),07SWE02684,07SWE02684,,08/21/2007 8:40 AM,Centre,SINGLE EUPHOTIC COMPOSITE,,,,
Far,08/27/2008 10:05 AM,,,,,,0.346,,,,,,,,,,,,,,,,,,,,NAMUR LAKE,NAMUR LAKE,,'---,µg/l,1847,AITF-EAS (ENVIRONMENTAL ANALYTICAL SERVICES),08SWE03930,08SWE02145,,08/27/2008 9:05 AM,Centre,SINGLE EUPHOTIC COMPOSITE,,,,
Far,08/19/2009 10:30 AM,,,,,,0.29,,,,,,,,,,,,,,,,,,,,NAMUR LAKE,NAMUR LAKE,,'---,µg/l,1847,AITF-EAS (ENVIRONMENTAL ANALYTICAL SERVICES),09SWE00827,09SWE00737,,08/19/2009 9:30 AM,Centre,SINGLE EUPHOTIC COMPOSITE,,,,
Far,09/03/2010 9:30 AM,,,,,,0.265,,,,,,,,,,,,,,,,,,,,NAMUR LAKE,NAMUR LAKE,,'---,µg/l,1847,AITF-EAS (ENVIRONMENTAL ANALYTICAL SERVICES),10SWE01484,10SWE01485,0.1,09/03/2010 8:30 AM,Centre,SINGLE EUPHOTIC COMPOSITE,,,,
Far,08/30/2011 10:30 AM,,,,,,0.308,,,,,,,,,,,,,,,,,,,,NAMUR LAKE,NAMUR LAKE,,'---,µg/l,1847,AITF-EAS (ENVIRONMENTAL ANALYTICAL SERVICES),11SWE06596,11SWE06597,0.1,08/30/2011 9:30 AM,Centre,SINGLE EUPHOTIC COMPOSITE,,,,
Far,08/30/2012 9:00 AM,,,,,,0.669,,,,,,,,,,,,,,,,,,,,NAMUR LAKE,NAMUR LAKE,,'---,µg/l,1847,AITF-EAS (ENVIRONMENTAL ANALYTICAL SERVICES),12SWE02310,12SWE02311,0.1,08/30/2012 8:00 AM,Centre,SINGLE EUPHOTIC COMPOSITE,,,,
Far,08/26/2013 12:45 PM,,,,,,0.288,,,,,,,,,,,,,,,,,,,,NAMUR LAKE,NAMUR LAKE,,'---,µg/l,1847,AITF-EAS (ENVIRONMENTAL ANALYTICAL SERVICES),13SWE02199,13SWE02200,0.1,08/26/2013 11:45 AM,Centre,SINGLE EUPHOTIC COMPOSITE,,,,
Far,07/10/2014 12:00 PM,,,,,,0.33,,,,,,,,,,,,,,,,,,,,NAMUR LAKE,NAMUR LAKE,,'---,µg/l,1847,AITF-EAS (ENVIRONMENTAL ANALYTICAL SERVICES),107509,,0.00005,07/10/2014 11:00 AM,'---,,,,,
Far,08/19/2014 2:30 PM,,,,,,0.05,,,,,,,,,,,,,,,,,,,,NAMUR LAKE,NAMUR LAKE,,'---,µg/l,1847,AITF-EAS (ENVIRONMENTAL ANALYTICAL SERVICES),14SWE02262,14SWE02263,0.05,08/19/2014 1:30 PM,Centre,SINGLE EUPHOTIC COMPOSITE,,,,
Far,09/06/2014 12:00 PM,,,,,,0.51,,,,,,,,,,,,,,,,,,,,NAMUR LAKE,NAMUR LAKE,,'---,µg/l,1847,AITF-EAS (ENVIRONMENTAL ANALYTICAL SERVICES),107506,,0.00005,09/06/2014 11:00 AM,'---,,,,,
Far,03/03/2015 12:00 PM,,,,,,0.57,,,,,,,,,,,,,,,,,,,,NAMUR LAKE,NAMUR LAKE,,'---,µg/l,1847,AITF-EAS (ENVIRONMENTAL ANALYTICAL SERVICES),107512,,0.00005,03/03/2015 12:00 PM,'---,,,,,
Far,08/27/2015 4:30 PM,,,,,,0.25,,,,,,,,,,,,,,,,,,,,NAMUR LAKE,NAMUR LAKE,,'---,µg/l,1847,AITF-EAS (ENVIRONMENTAL ANALYTICAL SERVICES),15SWE05478,15SWE05479,0.05,08/27/2015 3:30 PM,Centre,SINGLE EUPHOTIC COMPOSITE,,,,
Far,03/15/2016 12:00 PM,,,,,,0.44,,,,,,,,,,,,,,,,,,,,NAMUR LAKE,NAMUR LAKE,,'---,µg/l,1847,AITF-EAS (ENVIRONMENTAL ANALYTICAL SERVICES),112645,,0.00005,03/15/2016 11:00 AM,'---,,,,,
Far,07/19/2016 12:00 PM,,,,,,0.34,,,,,,,,,,,,,,,,,,,,NAMUR LAKE,NAMUR LAKE,,'---,µg/l,1847,AITF-EAS (ENVIRONMENTAL ANALYTICAL SERVICES),112441,,0.00005,07/19/2016 11:00 AM,'---,,,,,
Far,08/23/2016 10:30 AM,,,,,,0.54,,,,,,,,,,,,,,,,,,,,NAMUR LAKE,NAMUR LAKE,,'---,µg/l,1847,AITF-EAS (ENVIRONMENTAL ANALYTICAL SERVICES),16SWE08202,16SWE08203,0.05,08/23/2016 9:30 AM,Centre,SINGLE EUPHOTIC COMPOSITE,,,,
Far,09/20/2016 12:00 PM,,,,,,0.5,,,,,,,,,,,,,,,,,,,,NAMUR LAKE,NAMUR LAKE,,'---,µg/l,1847,AITF-EAS (ENVIRONMENTAL ANALYTICAL SERVICES),112243,,0.00005,09/20/2016 11:00 AM,'---,,,,,
Far,03/14/2017 12:00 PM,,,,,,0.57,,,,,,,,,,,,,,,,,,,,NAMUR LAKE,NAMUR LAKE,,'---,µg/l,1847,AITF-EAS (ENVIRONMENTAL ANALYTICAL SERVICES),111676,,0.00005,03/14/2017 11:00 AM,'---,,,,,
Far,08/23/2017 8:29 AM,,,,,,0.29,,,,,,,,,,,,,,,,,,,,NAMUR LAKE,NAMUR LAKE,,'---,µg/l,1847,AITF-EAS (ENVIRONMENTAL ANALYTICAL SERVICES),17SWE12722,17SWE12723,0.08,08/23/2017 7:30 AM,Centre,SINGLE EUPHOTIC COMPOSITE,,,,
Far,09/16/2020 8:00 AM,,,,,,0.22,,,,,,,,,,,,,,,,,,,,NAMUR LAKE,NAMUR LAKE,,'---,µg/l,1847,AITF-EAS (ENVIRONMENTAL ANALYTICAL SERVICES),20SWE10884,20SWE10885,0.08,09/16/2020 7:00 AM,Centre,SINGLE EUPHOTIC COMPOSITE,,,,
Far,08/19/2021 3:15 PM,,,,,,0.21,,,,,,,,,,,,,,,,,,,,NAMUR LAKE,NAMUR LAKE,,'---,µg/l,1847,AITF-EAS (ENVIRONMENTAL ANALYTICAL SERVICES),21SWE04629,21SWE04629-01,0.08,08/19/2021 2:15 PM,Centre,EUPHOTIC COMPOSITE,,,,
Far,09/14/2022 8:50 AM,,,,,,0.23,,,,,,,,,,,,,,,,,,,,NAMUR LAKE,NAMUR LAKE,,'---,µg/l,1847,AITF-EAS (ENVIRONMENTAL ANALYTICAL SERVICES),22SWE04613,22SWE04613-01,0.08,09/14/2022 7:50 AM,Centre,SINGLE EUPHOTIC COMPOSITE,,,,
Far,08/28/2003 8:55 AM,,,,,,,0.01,,,,,,,,,,,,,,,,,,,NAMUR LAKE,NAMUR LAKE,,'---,µg/l,2837,AITF-EAS (ENVIRONMENTAL ANALYTICAL SERVICES),03SWE01770,03SWE01770,,08/28/2003 7:55 AM,Centre,SINGLE EUPHOTIC COMPOSITE,,,,
Far,08/29/2004 8:45 AM,,,,,,,0.0069,,,,,,,,,,,,,,,,,,,NAMUR LAKE,NAMUR LAKE,,'---,µg/l,1849,AITF-EAS (ENVIRONMENTAL ANALYTICAL SERVICES),04SWE03018,04SWE02271,,08/29/2004 7:45 AM,Centre,SINGLE EUPHOTIC COMPOSITE,,,,
Far,08/27/2005 9:58 AM,,,,,,,0.0136,,,,,,,,,,,,,,,,,,,NAMUR LAKE,NAMUR LAKE,,'---,µg/l,1849,AITF-EAS (ENVIRONMENTAL ANALYTICAL SERVICES),05SWE02657,05SWE02658,,08/27/2005 8:58 AM,Centre,SINGLE EUPHOTIC COMPOSITE,,,,
Far,08/21/2007 9:40 AM,,,,,,,0.0154,,,,,,,,,,,,,,,,,,,NAMUR LAKE,NAMUR LAKE,,'---,µg/l,1849,AITF-EAS (ENVIRONMENTAL ANALYTICAL SERVICES),07SWE02684,07SWE02684,,08/21/2007 8:40 AM,Centre,SINGLE EUPHOTIC COMPOSITE,,,,
Far,08/27/2008 10:05 AM,,,,,,,0.0115,,,,,,,,,,,,,,,,,,,NAMUR LAKE,NAMUR LAKE,,'---,µg/l,1849,AITF-EAS (ENVIRONMENTAL ANALYTICAL SERVICES),08SWE03930,08SWE02145,,08/27/2008 9:05 AM,Centre,SINGLE EUPHOTIC COMPOSITE,,,,
Far,08/19/2009 10:30 AM,,,,,,,0.0073,,,,,,,,,,,,,,,,,,,NAMUR LAKE,NAMUR LAKE,,'---,µg/l,1849,AITF-EAS (ENVIRONMENTAL ANALYTICAL SERVICES),09SWE00827,09SWE00737,,08/19/2009 9:30 AM,Centre,SINGLE EUPHOTIC COMPOSITE,,,,
Far,09/03/2010 9:30 AM,,,,,,,0.0022,,,,,,,,,,,,,,,,,,,NAMUR LAKE,NAMUR LAKE,,'---,µg/l,1849,AITF-EAS (ENVIRONMENTAL ANALYTICAL SERVICES),10SWE01484,10SWE01485,0.1,09/03/2010 8:30 AM,Centre,SINGLE EUPHOTIC COMPOSITE,,,,
Far,08/30/2011 10:30 AM,,,,,,,0.0097,,,,,,,,,,,,,,,,,,,NAMUR LAKE,NAMUR LAKE,,'---,µg/l,1849,AITF-EAS (ENVIRONMENTAL ANALYTICAL SERVICES),11SWE06596,11SWE06597,0.1,08/30/2011 9:30 AM,Centre,SINGLE EUPHOTIC COMPOSITE,,,,
Far,08/30/2012 9:00 AM,,,,,,,0.001,,,,,,,,,,,,,,,,,,,NAMUR LAKE,NAMUR LAKE,,'---,µg/l,1849,AITF-EAS (ENVIRONMENTAL ANALYTICAL SERVICES),12SWE02310,12SWE02311,0.1,08/30/2012 8:00 AM,Centre,SINGLE EUPHOTIC COMPOSITE,,,,
Far,08/26/2013 12:45 PM,,,,,,,0.008,,,,,,,,,,,,,,,,,,,NAMUR LAKE,NAMUR LAKE,,'---,µg/l,1849,AITF-EAS (ENVIRONMENTAL ANALYTICAL SERVICES),13SWE02199,13SWE02200,0.1,08/26/2013 11:45 AM,Centre,SINGLE EUPHOTIC COMPOSITE,,,,
Far,07/10/2014 12:00 PM,,,,,,,0.012,,,,,,,,,,,,,,,,,,,NAMUR LAKE,NAMUR LAKE,,'---,µg/l,1849,AITF-EAS (ENVIRONMENTAL ANALYTICAL SERVICES),107509,,0.000004,07/10/2014 11:00 AM,'---,,,,,
Far,08/19/2014 2:30 PM,,,,,,,0.004,,,,,,,,,,,,,,,,,,,NAMUR LAKE,NAMUR LAKE,,'---,µg/l,1849,AITF-EAS (ENVIRONMENTAL ANALYTICAL SERVICES),14SWE02262,14SWE02263,0.004,08/19/2014 1:30 PM,Centre,SINGLE EUPHOTIC COMPOSITE,,,,
Far,09/06/2014 12:00 PM,,,,,,,0.007,,,,,,,,,,,,,,,,,,,NAMUR LAKE,NAMUR LAKE,,'---,µg/l,1849,AITF-EAS (ENVIRONMENTAL ANALYTICAL SERVICES),107506,,0.000004,09/06/2014 11:00 AM,'---,,,,,
Far,03/03/2015 12:00 PM,,,,,,,0.004,,,,,,,,,,,,,,,,,,,NAMUR LAKE,NAMUR LAKE,,<,µg/l,1849,AITF-EAS (ENVIRONMENTAL ANALYTICAL SERVICES),107512,,0.000004,03/03/2015 12:00 PM,'---,,,,,
Far,08/27/2015 4:30 PM,,,,,,,0.004,,,,,,,,,,,,,,,,,,,NAMUR LAKE,NAMUR LAKE,,'---,µg/l,1849,AITF-EAS (ENVIRONMENTAL ANALYTICAL SERVICES),15SWE05478,15SWE05479,0.004,08/27/2015 3:30 PM,Centre,SINGLE EUPHOTIC COMPOSITE,,,,
Far,03/15/2016 12:00 PM,,,,,,,0.006,,,,,,,,,,,,,,,,,,,NAMUR LAKE,NAMUR LAKE,,'---,µg/l,1849,AITF-EAS (ENVIRONMENTAL ANALYTICAL SERVICES),112645,,0.000004,03/15/2016 11:00 AM,'---,,,,,
Far,07/19/2016 12:00 PM,,,,,,,0.008,,,,,,,,,,,,,,,,,,,NAMUR LAKE,NAMUR LAKE,,'---,µg/l,1849,AITF-EAS (ENVIRONMENTAL ANALYTICAL SERVICES),112441,,0.000004,07/19/2016 11:00 AM,'---,,,,,
Far,08/23/2016 10:30 AM,,,,,,,0.025,,,,,,,,,,,,,,,,,,,NAMUR LAKE,NAMUR LAKE,,'---,µg/l,1849,AITF-EAS (ENVIRONMENTAL ANALYTICAL SERVICES),16SWE08202,16SWE08203,0.004,08/23/2016 9:30 AM,Centre,SINGLE EUPHOTIC COMPOSITE,,,,
Far,09/20/2016 12:00 PM,,,,,,,0.012,,,,,,,,,,,,,,,,,,,NAMUR LAKE,NAMUR LAKE,,'---,µg/l,1849,AITF-EAS (ENVIRONMENTAL ANALYTICAL SERVICES),112243,,0.000004,09/20/2016 11:00 AM,'---,,,,,
Far,03/14/2017 12:00 PM,,,,,,,0.017,,,,,,,,,,,,,,,,,,,NAMUR LAKE,NAMUR LAKE,,'---,µg/l,1849,AITF-EAS (ENVIRONMENTAL ANALYTICAL SERVICES),111676,,0.000004,03/14/2017 11:00 AM,'---,,,,,
Far,08/23/2017 8:29 AM,,,,,,,0.02,,,,,,,,,,,,,,,,,,,NAMUR LAKE,NAMUR LAKE,,'---,µg/l,1849,AITF-EAS (ENVIRONMENTAL ANALYTICAL SERVICES),17SWE12722,17SWE12723,0.02,08/23/2017 7:30 AM,Centre,SINGLE EUPHOTIC COMPOSITE,,,,
Far,09/16/2020 8:00 AM,,,,,,,0.02,,,,,,,,,,,,,,,,,,,NAMUR LAKE,NAMUR LAKE,,<,µg/l,1849,AITF-EAS (ENVIRONMENTAL ANALYTICAL SERVICES),20SWE10884,20SWE10885,0.02,09/16/2020 7:00 AM,Centre,SINGLE EUPHOTIC COMPOSITE,,,,
Far,08/19/2021 3:15 PM,,,,,,,0.02,,,,,,,,,,,,,,,,,,,NAMUR LAKE,NAMUR LAKE,,<,µg/l,1849,AITF-EAS (ENVIRONMENTAL ANALYTICAL SERVICES),21SWE04629,21SWE04629-01,0.02,08/19/2021 2:15 PM,Centre,EUPHOTIC COMPOSITE,,,,
Far,09/14/2022 8:50 AM,,,,,,,0.02,,,,,,,,,,,,,,,,,,,NAMUR LAKE,NAMUR LAKE,,<,µg/l,1849,AITF-EAS (ENVIRONMENTAL ANALYTICAL SERVICES),22SWE04613,22SWE04613-01,0.02,09/14/2022 7:50 AM,Centre,SINGLE EUPHOTIC COMPOSITE,,,,
Far,09/13/2001 10:45 AM,,,,,,,,0.582,,,,,,,,,,,,,,,,,,NAMUR LAKE,NAMUR LAKE,,'---,µg/l,2845,AITF-EAS (ENVIRONMENTAL ANALYTICAL SERVICES),01SWE03691,01SWE03122,,09/13/2001 11:00 AM,Centre,SINGLE EUPHOTIC COMPOSITE,,,,
Far,08/28/2003 8:55 AM,,,,,,,,0.088,,,,,,,,,,,,,,,,,,NAMUR LAKE,NAMUR LAKE,,'---,µg/l,2845,AITF-EAS (ENVIRONMENTAL ANALYTICAL SERVICES),03SWE01770,03SWE01770,,08/28/2003 7:55 AM,Centre,SINGLE EUPHOTIC COMPOSITE,,,,
Far,08/29/2004 8:45 AM,,,,,,,,0.0212,,,,,,,,,,,,,,,,,,NAMUR LAKE,NAMUR LAKE,,'---,µg/l,1847,AITF-EAS (ENVIRONMENTAL ANALYTICAL SERVICES),04SWE03018,04SWE02271,,08/29/2004 7:45 AM,Centre,SINGLE EUPHOTIC COMPOSITE,,,,
Far,08/27/2005 9:58 AM,,,,,,,,0.0206,,,,,,,,,,,,,,,,,,NAMUR LAKE,NAMUR LAKE,,'---,µg/l,1847,AITF-EAS (ENVIRONMENTAL ANALYTICAL SERVICES),05SWE02657,05SWE02658,,08/27/2005 8:58 AM,Centre,SINGLE EUPHOTIC COMPOSITE,,,,
Far,08/21/2006 12:10 PM,,,,,,,,0.192,,,,,,,,,,,,,,,,,,NAMUR LAKE,NAMUR LAKE,,'---,µg/l,1847,AITF-EAS (ENVIRONMENTAL ANALYTICAL SERVICES),06SWE03292,06SWE01886,,08/21/2006 11:10 AM,Centre,SINGLE EUPHOTIC COMPOSITE,,,,
Far,08/21/2007 9:40 AM,,,,,,,,0.287,,,,,,,,,,,,,,,,,,NAMUR LAKE,NAMUR LAKE,,'---,µg/l,1847,AITF-EAS (ENVIRONMENTAL ANALYTICAL SERVICES),07SWE02684,07SWE02684,,08/21/2007 8:40 AM,Centre,SINGLE EUPHOTIC COMPOSITE,,,,
Far,08/27/2008 10:05 AM,,,,,,,,0.0183,,,,,,,,,,,,,,,,,,NAMUR LAKE,NAMUR LAKE,,'---,µg/l,1847,AITF-EAS (ENVIRONMENTAL ANALYTICAL SERVICES),08SWE03930,08SWE02145,,08/27/2008 9:05 AM,Centre,SINGLE EUPHOTIC COMPOSITE,,,,
Far,08/19/2009 10:30 AM,,,,,,,,0.0381,,,,,,,,,,,,,,,,,,NAMUR LAKE,NAMUR LAKE,,'---,µg/l,1847,AITF-EAS (ENVIRONMENTAL ANALYTICAL SERVICES),09SWE00827,09SWE00737,,08/19/2009 9:30 AM,Centre,SINGLE EUPHOTIC COMPOSITE,,,,
Far,09/03/2010 9:30 AM,,,,,,,,0.234,,,,,,,,,,,,,,,,,,NAMUR LAKE,NAMUR LAKE,,'---,µg/l,1847,AITF-EAS (ENVIRONMENTAL ANALYTICAL SERVICES),10SWE01484,10SWE01485,0.1,09/03/2010 8:30 AM,Centre,SINGLE EUPHOTIC COMPOSITE,,,,
Far,08/30/2011 10:30 AM,,,,,,,,0.0098,,,,,,,,,,,,,,,,,,NAMUR LAKE,NAMUR LAKE,,'---,µg/l,1847,AITF-EAS (ENVIRONMENTAL ANALYTICAL SERVICES),11SWE06596,11SWE06597,0.1,08/30/2011 9:30 AM,Centre,SINGLE EUPHOTIC COMPOSITE,,,,
Far,08/30/2012 9:00 AM,,,,,,,,0.0209,,,,,,,,,,,,,,,,,,NAMUR LAKE,NAMUR LAKE,,'---,µg/l,1847,AITF-EAS (ENVIRONMENTAL ANALYTICAL SERVICES),12SWE02310,12SWE02311,0.1,08/30/2012 8:00 AM,Centre,SINGLE EUPHOTIC COMPOSITE,,,,
Far,08/26/2013 12:45 PM,,,,,,,,0.0129,,,,,,,,,,,,,,,,,,NAMUR LAKE,NAMUR LAKE,,'---,µg/l,1847,AITF-EAS (ENVIRONMENTAL ANALYTICAL SERVICES),13SWE02199,13SWE02200,0.1,08/26/2013 11:45 AM,Centre,SINGLE EUPHOTIC COMPOSITE,,,,
Far,07/10/2014 12:00 PM,,,,,,,,0.012,,,,,,,,,,,,,,,,,,NAMUR LAKE,NAMUR LAKE,,'---,µg/l,1847,AITF-EAS (ENVIRONMENTAL ANALYTICAL SERVICES),107509,,0.000003,07/10/2014 11:00 AM,'---,,,,,
Far,08/19/2014 2:30 PM,,,,,,,,0.003,,,,,,,,,,,,,,,,,,NAMUR LAKE,NAMUR LAKE,,'---,µg/l,1847,AITF-EAS (ENVIRONMENTAL ANALYTICAL SERVICES),14SWE02262,14SWE02263,0.003,08/19/2014 1:30 PM,Centre,SINGLE EUPHOTIC COMPOSITE,,,,
Far,09/06/2014 12:00 PM,,,,,,,,0.023,,,,,,,,,,,,,,,,,,NAMUR LAKE,NAMUR LAKE,,'---,µg/l,1847,AITF-EAS (ENVIRONMENTAL ANALYTICAL SERVICES),107506,,0.000003,09/06/2014 11:00 AM,'---,,,,,
Far,03/03/2015 12:00 PM,,,,,,,,0.013,,,,,,,,,,,,,,,,,,NAMUR LAKE,NAMUR LAKE,,'---,µg/l,1847,AITF-EAS (ENVIRONMENTAL ANALYTICAL SERVICES),107512,,0.000003,03/03/2015 12:00 PM,'---,,,,,
Far,08/27/2015 4:30 PM,,,,,,,,0.015,,,,,,,,,,,,,,,,,,NAMUR LAKE,NAMUR LAKE,,'---,µg/l,1847,AITF-EAS (ENVIRONMENTAL ANALYTICAL SERVICES),15SWE05478,15SWE05479,0.003,08/27/2015 3:30 PM,Centre,SINGLE EUPHOTIC COMPOSITE,,,,
Far,03/15/2016 12:00 PM,,,,,,,,0.006,,,,,,,,,,,,,,,,,,NAMUR LAKE,NAMUR LAKE,,'---,µg/l,1847,AITF-EAS (ENVIRONMENTAL ANALYTICAL SERVICES),112645,,0.000003,03/15/2016 11:00 AM,'---,,,,,
Far,07/19/2016 12:00 PM,,,,,,,,0.008,,,,,,,,,,,,,,,,,,NAMUR LAKE,NAMUR LAKE,,'---,µg/l,1847,AITF-EAS (ENVIRONMENTAL ANALYTICAL SERVICES),112441,,0.000003,07/19/2016 11:00 AM,'---,,,,,
Far,08/23/2016 10:30 AM,,,,,,,,0.925,,,,,,,,,,,,,,,,,,NAMUR LAKE,NAMUR LAKE,,'---,µg/l,1847,AITF-EAS (ENVIRONMENTAL ANALYTICAL SERVICES),16SWE08202,16SWE08203,0.003,08/23/2016 9:30 AM,Centre,SINGLE EUPHOTIC COMPOSITE,,,,
Far,09/20/2016 12:00 PM,,,,,,,,0.025,,,,,,,,,,,,,,,,,,NAMUR LAKE,NAMUR LAKE,,'---,µg/l,1847,AITF-EAS (ENVIRONMENTAL ANALYTICAL SERVICES),112243,,0.000003,09/20/2016 11:00 AM,'---,,,,,
Far,03/14/2017 12:00 PM,,,,,,,,0.05,,,,,,,,,,,,,,,,,,NAMUR LAKE,NAMUR LAKE,,'---,µg/l,1847,AITF-EAS (ENVIRONMENTAL ANALYTICAL SERVICES),111676,,0.000003,03/14/2017 11:00 AM,'---,,,,,
Far,08/23/2017 8:29 AM,,,,,,,,0.017,,,,,,,,,,,,,,,,,,NAMUR LAKE,NAMUR LAKE,,'---,µg/l,1847,AITF-EAS (ENVIRONMENTAL ANALYTICAL SERVICES),17SWE12722,17SWE12723,0.004,08/23/2017 7:30 AM,Centre,SINGLE EUPHOTIC COMPOSITE,,,,
Far,09/16/2020 8:00 AM,,,,,,,,0.018,,,,,,,,,,,,,,,,,,NAMUR LAKE,NAMUR LAKE,,'---,µg/l,1847,AITF-EAS (ENVIRONMENTAL ANALYTICAL SERVICES),20SWE10884,20SWE10885,0.004,09/16/2020 7:00 AM,Centre,SINGLE EUPHOTIC COMPOSITE,,,,
Far,08/19/2021 3:15 PM,,,,,,,,0.009,,,,,,,,,,,,,,,,,,NAMUR LAKE,NAMUR LAKE,,'---,µg/l,1847,AITF-EAS (ENVIRONMENTAL ANALYTICAL SERVICES),21SWE04629,21SWE04629-01,0.004,08/19/2021 2:15 PM,Centre,EUPHOTIC COMPOSITE,,,,
Far,09/14/2022 8:50 AM,,,,,,,,0.01,,,,,,,,,,,,,,,,,,NAMUR LAKE,NAMUR LAKE,,'---,µg/l,1847,AITF-EAS (ENVIRONMENTAL ANALYTICAL SERVICES),22SWE04613,22SWE04613-01,0.004,09/14/2022 7:50 AM,Centre,SINGLE EUPHOTIC COMPOSITE,,,,
Far,07/10/2014 12:00 PM,,,,,,,,,0.009,,,,,,,,,,,,,,,,,NAMUR LAKE,NAMUR LAKE,,<,µg/l,1849,AITF-EAS (ENVIRONMENTAL ANALYTICAL SERVICES),107509,,0.000009,07/10/2014 11:00 AM,'---,,,,,
Far,09/06/2014 12:00 PM,,,,,,,,,0.009,,,,,,,,,,,,,,,,,NAMUR LAKE,NAMUR LAKE,,<,µg/l,1849,AITF-EAS (ENVIRONMENTAL ANALYTICAL SERVICES),107506,,0.000009,09/06/2014 11:00 AM,'---,,,,,
Far,03/03/2015 12:00 PM,,,,,,,,,0.009,,,,,,,,,,,,,,,,,NAMUR LAKE,NAMUR LAKE,,<,µg/l,1849,AITF-EAS (ENVIRONMENTAL ANALYTICAL SERVICES),107512,,0.000009,03/03/2015 12:00 PM,'---,,,,,
Far,03/15/2016 12:00 PM,,,,,,,,,0.19,,,,,,,,,,,,,,,,,NAMUR LAKE,NAMUR LAKE,,'---,ng/L,3734,UNIVERSITY OF ALBERTA - BIOGEOCHEMICAL ANALYTICAL SERVICE LABORATORY,112645,,0.01,03/15/2016 11:00 AM,'---,,,,,
Far,07/19/2016 12:00 PM,,,,,,,,,0.4,,,,,,,,,,,,,,,,,NAMUR LAKE,NAMUR LAKE,,'---,ng/L,3734,UNIVERSITY OF ALBERTA - BIOGEOCHEMICAL ANALYTICAL SERVICE LABORATORY,112441,,0.08,07/19/2016 11:00 AM,'---,,,,,
Far,09/20/2016 12:00 PM,,,,,,,,,0.36,,,,,,,,,,,,,,,,,NAMUR LAKE,NAMUR LAKE,,'---,ng/L,3734,UNIVERSITY OF ALBERTA - BIOGEOCHEMICAL ANALYTICAL SERVICE LABORATORY,112243,,0.08,09/20/2016 11:00 AM,'---,,,,,
Far,03/14/2017 12:00 PM,,,,,,,,,0.65,,,,,,,,,,,,,,,,,NAMUR LAKE,NAMUR LAKE,,'---,ng/L,3734,UNIVERSITY OF ALBERTA - BIOGEOCHEMICAL ANALYTICAL SERVICE LABORATORY,111676,,0.08,03/14/2017 11:00 AM,'---,,,,,
Far,08/19/2021 3:15 PM,,,,,,,,,0.36,,,,,,,,,,,,,,,,,NAMUR LAKE,NAMUR LAKE,,'---,ng/L,3734,UNIVERSITY OF ALBERTA - BIOGEOCHEMICAL ANALYTICAL SERVICE LABORATORY,21SWE04629,21SWE04629-01,0.08,08/19/2021 2:15 PM,Centre,EUPHOTIC COMPOSITE,,,,
Far,08/30/2012 9:00 AM,,,,,,,,,,0.326,,,,,,,,,,,,,,,,NAMUR LAKE,NAMUR LAKE,,'---,ng/L,1872,AITF-EAS (ENVIRONMENTAL ANALYTICAL SERVICES),12SWE02310,12SWE02311,0.035,08/30/2012 8:00 AM,Centre,SINGLE EUPHOTIC COMPOSITE,,,,
Far,08/26/2013 12:45 PM,,,,,,,,,,0.85,,,,,,,,,,,,,,,,NAMUR LAKE,NAMUR LAKE,,'---,ng/L,1872,AITF-EAS (ENVIRONMENTAL ANALYTICAL SERVICES),13SWE02199,13SWE02200,0.08,08/26/2013 11:45 AM,Centre,SINGLE EUPHOTIC COMPOSITE,,,,
Far,07/10/2014 12:00 PM,,,,,,,,,,0.55,,,,,,,,,,,,,,,,NAMUR LAKE,NAMUR LAKE,,'---,ng/L,1872,AITF-EAS (ENVIRONMENTAL ANALYTICAL SERVICES),107509,,0.08,07/10/2014 11:00 AM,'---,,,,,
Far,08/19/2014 2:30 PM,,,,,,,,,,0.49,,,,,,,,,,,,,,,,NAMUR LAKE,NAMUR LAKE,,'---,ng/L,1872,AITF-EAS (ENVIRONMENTAL ANALYTICAL SERVICES),14SWE02262,14SWE02263,0.08,08/19/2014 1:30 PM,Centre,SINGLE EUPHOTIC COMPOSITE,,,,
Far,09/06/2014 12:00 PM,,,,,,,,,,1.71,,,,,,,,,,,,,,,,NAMUR LAKE,NAMUR LAKE,,'---,ng/L,1872,AITF-EAS (ENVIRONMENTAL ANALYTICAL SERVICES),107506,,0.08,09/06/2014 11:00 AM,'---,,,,,
Far,03/03/2015 12:00 PM,,,,,,,,,,0.39,,,,,,,,,,,,,,,,NAMUR LAKE,NAMUR LAKE,,'---,ng/L,1872,AITF-EAS (ENVIRONMENTAL ANALYTICAL SERVICES),107512,,0.08,03/03/2015 12:00 PM,'---,,,,,
Far,08/27/2015 4:30 PM,,,,,,,,,,0.35,,,,,,,,,,,,,,,,NAMUR LAKE,NAMUR LAKE,,'---,ng/L,1872,AITF-EAS (ENVIRONMENTAL ANALYTICAL SERVICES),15SWE05478,15SWE05479,0.08,08/27/2015 3:30 PM,Centre,SINGLE EUPHOTIC COMPOSITE,,,,
Far,07/10/2014 12:00 PM,,,,,,,,,,0.008,,,,,,,,,,,,,,,,NAMUR LAKE,NAMUR LAKE,,<,µg/l,1847,AITF-EAS (ENVIRONMENTAL ANALYTICAL SERVICES),107509,,0.000008,07/10/2014 11:00 AM,'---,,,,,
Far,09/06/2014 12:00 PM,,,,,,,,,,0.008,,,,,,,,,,,,,,,,NAMUR LAKE,NAMUR LAKE,,<,µg/l,1847,AITF-EAS (ENVIRONMENTAL ANALYTICAL SERVICES),107506,,0.000008,09/06/2014 11:00 AM,'---,,,,,
Far,03/03/2015 12:00 PM,,,,,,,,,,0.008,,,,,,,,,,,,,,,,NAMUR LAKE,NAMUR LAKE,,<,µg/l,1847,AITF-EAS (ENVIRONMENTAL ANALYTICAL SERVICES),107512,,0.000008,03/03/2015 12:00 PM,'---,,,,,
Far,08/27/2015 4:30 PM,,,,,,,,,,0.29,,,,,,,,,,,,,,,,NAMUR LAKE,NAMUR LAKE,,'---,ng/L,3737,UNIVERSITY OF ALBERTA - BIOGEOCHEMICAL ANALYTICAL SERVICE LABORATORY,15SWE05478,15SWE07337,0.06,08/27/2015 3:30 PM,Centre,REPLICATE SAMPLE,,,,
Far,03/15/2016 12:00 PM,,,,,,,,,,0.28,,,,,,,,,,,,,,,,NAMUR LAKE,NAMUR LAKE,,'---,ng/L,3737,UNIVERSITY OF ALBERTA - BIOGEOCHEMICAL ANALYTICAL SERVICE LABORATORY,112645,,0.06,03/15/2016 11:00 AM,'---,,,,,
Far,07/19/2016 12:00 PM,,,,,,,,,,0.57,,,,,,,,,,,,,,,,NAMUR LAKE,NAMUR LAKE,,'---,ng/L,3737,UNIVERSITY OF ALBERTA - BIOGEOCHEMICAL ANALYTICAL SERVICE LABORATORY,112441,,0.06,07/19/2016 11:00 AM,'---,,,,,
Far,08/23/2016 10:30 AM,,,,,,,,,,0.38,,,,,,,,,,,,,,,,NAMUR LAKE,NAMUR LAKE,,'---,ng/L,3737,UNIVERSITY OF ALBERTA - BIOGEOCHEMICAL ANALYTICAL SERVICE LABORATORY,16SWE08202,16SWE08203,0.06,08/23/2016 9:30 AM,Centre,SINGLE EUPHOTIC COMPOSITE,,,,
Far,09/20/2016 12:00 PM,,,,,,,,,,0.37,,,,,,,,,,,,,,,,NAMUR LAKE,NAMUR LAKE,,'---,ng/L,3737,UNIVERSITY OF ALBERTA - BIOGEOCHEMICAL ANALYTICAL SERVICE LABORATORY,112243,,0.06,09/20/2016 11:00 AM,'---,,,,,
Far,03/14/2017 12:00 PM,,,,,,,,,,0.93,,,,,,,,,,,,,,,,NAMUR LAKE,NAMUR LAKE,,'---,ng/L,3737,UNIVERSITY OF ALBERTA - BIOGEOCHEMICAL ANALYTICAL SERVICE LABORATORY,111676,,0.06,03/14/2017 11:00 AM,'---,,,,,
Far,08/23/2017 8:29 AM,,,,,,,,,,0.34,,,,,,,,,,,,,,,,NAMUR LAKE,NAMUR LAKE,,'---,ng/L,3737,UNIVERSITY OF ALBERTA - BIOGEOCHEMICAL ANALYTICAL SERVICE LABORATORY,17SWE12722,17SWE12723,0.06,08/23/2017 7:30 AM,Centre,SINGLE EUPHOTIC COMPOSITE,,,,
Far,08/19/2021 3:15 PM,,,,,,,,,,1.03,,,,,,,,,,,,,,,,NAMUR LAKE,NAMUR LAKE,,'---,ng/L,3737,UNIVERSITY OF ALBERTA - BIOGEOCHEMICAL ANALYTICAL SERVICE LABORATORY,21SWE04629,21SWE04629-01,0.06,08/19/2021 2:15 PM,Centre,EUPHOTIC COMPOSITE,,,,
Far,08/26/2013 12:45 PM,,,,,,,,,,,0.021,,,,,,,,,,,,,,,NAMUR LAKE,NAMUR LAKE,,'---,ng/L,3735,UNIVERSITY OF ALBERTA - BIOGEOCHEMICAL ANALYTICAL SERVICE LABORATORY,13SWE02199,13SWE02200,0.016,08/26/2013 11:45 AM,Centre,SINGLE EUPHOTIC COMPOSITE,,,,
Far,08/19/2014 2:30 PM,,,,,,,,,,,0.016,,,,,,,,,,,,,,,NAMUR LAKE,NAMUR LAKE,,'---,ng/L,3735,UNIVERSITY OF ALBERTA - BIOGEOCHEMICAL ANALYTICAL SERVICE LABORATORY,14SWE02262,14SWE02263,0.016,08/19/2014 1:30 PM,Centre,SINGLE EUPHOTIC COMPOSITE,,,,
Far,08/27/2015 4:30 PM,,,,,,,,,,,0.01,,,,,,,,,,,,,,,NAMUR LAKE,NAMUR LAKE,,'---,ng/L,3735,UNIVERSITY OF ALBERTA - BIOGEOCHEMICAL ANALYTICAL SERVICE LABORATORY,15SWE05478,15SWE05479,0.01,08/27/2015 3:30 PM,Centre,SINGLE EUPHOTIC COMPOSITE,,,,
Far,03/15/2016 12:00 PM,,,,,,,,,,,0.01,,,,,,,,,,,,,,,NAMUR LAKE,NAMUR LAKE,,<,ng/L,3735,UNIVERSITY OF ALBERTA - BIOGEOCHEMICAL ANALYTICAL SERVICE LABORATORY,112645,,0.01,03/15/2016 11:00 AM,'---,,,,,
Far,07/19/2016 12:00 PM,,,,,,,,,,,0.012,,,,,,,,,,,,,,,NAMUR LAKE,NAMUR LAKE,,'---,ng/L,3735,UNIVERSITY OF ALBERTA - BIOGEOCHEMICAL ANALYTICAL SERVICE LABORATORY,112441,,0.01,07/19/2016 11:00 AM,'---,,,,,
Far,08/23/2016 10:30 AM,,,,,,,,,,,0.01,,,,,,,,,,,,,,,NAMUR LAKE,NAMUR LAKE,,'---,ng/L,3735,UNIVERSITY OF ALBERTA - BIOGEOCHEMICAL ANALYTICAL SERVICE LABORATORY,16SWE08202,16SWE08203,0.01,08/23/2016 9:30 AM,Centre,SINGLE EUPHOTIC COMPOSITE,,,,
Far,09/20/2016 12:00 PM,,,,,,,,,,,0.01,,,,,,,,,,,,,,,NAMUR LAKE,NAMUR LAKE,,<,ng/L,3735,UNIVERSITY OF ALBERTA - BIOGEOCHEMICAL ANALYTICAL SERVICE LABORATORY,112243,,0.01,09/20/2016 11:00 AM,'---,,,,,
Far,03/14/2017 12:00 PM,,,,,,,,,,,0.011,,,,,,,,,,,,,,,NAMUR LAKE,NAMUR LAKE,,'---,ng/L,3735,UNIVERSITY OF ALBERTA - BIOGEOCHEMICAL ANALYTICAL SERVICE LABORATORY,111676,,0.01,03/14/2017 11:00 AM,'---,,,,,
Far,08/23/2017 8:29 AM,,,,,,,,,,,0.01,,,,,,,,,,,,,,,NAMUR LAKE,NAMUR LAKE,,'---,ng/L,3735,UNIVERSITY OF ALBERTA - BIOGEOCHEMICAL ANALYTICAL SERVICE LABORATORY,17SWE12722,17SWE12723,0.01,08/23/2017 7:30 AM,Centre,SINGLE EUPHOTIC COMPOSITE,,,,
Far,08/19/2021 3:15 PM,,,,,,,,,,,0.01,,,,,,,,,,,,,,,NAMUR LAKE,NAMUR LAKE,,<,ng/L,3735,UNIVERSITY OF ALBERTA - BIOGEOCHEMICAL ANALYTICAL SERVICE LABORATORY,21SWE04629,21SWE04629-01,0.01,08/19/2021 2:15 PM,Centre,EUPHOTIC COMPOSITE,,,,
Far,08/28/2003 8:55 AM,,,,,,,,,,,,0.7,,,,,,,,,,,,,,NAMUR LAKE,NAMUR LAKE,,---,µg/l,2840,AITF-EAS (ENVIRONMENTAL ANALYTICAL SERVICES),03SWE01770,03SWE01770,,08/28/2003 7:55 AM,Centre,SINGLE EUPHOTIC COMPOSITE,,,,
Far,08/29/2004 8:45 AM,,,,,,,,,,,,0.56,,,,,,,,,,,,,,NAMUR LAKE,NAMUR LAKE,,---,µg/l,1849,AITF-EAS (ENVIRONMENTAL ANALYTICAL SERVICES),04SWE03018,04SWE02271,,08/29/2004 7:45 AM,Centre,SINGLE EUPHOTIC COMPOSITE,,,,
Far,08/27/2005 9:58 AM,,,,,,,,,,,,0.57,,,,,,,,,,,,,,NAMUR LAKE,NAMUR LAKE,,---,µg/l,1849,AITF-EAS (ENVIRONMENTAL ANALYTICAL SERVICES),05SWE02657,05SWE02658,,08/27/2005 8:58 AM,Centre,SINGLE EUPHOTIC COMPOSITE,,,,
Far,08/21/2007 9:40 AM,,,,,,,,,,,,0.562,,,,,,,,,,,,,,NAMUR LAKE,NAMUR LAKE,,---,µg/l,1849,AITF-EAS (ENVIRONMENTAL ANALYTICAL SERVICES),07SWE02684,07SWE02684,,08/21/2007 8:40 AM,Centre,SINGLE EUPHOTIC COMPOSITE,,,,
Far,08/27/2008 10:05 AM,,,,,,,,,,,,0.724,,,,,,,,,,,,,,NAMUR LAKE,NAMUR LAKE,,---,µg/l,1849,AITF-EAS (ENVIRONMENTAL ANALYTICAL SERVICES),08SWE03930,08SWE02145,,08/27/2008 9:05 AM,Centre,SINGLE EUPHOTIC COMPOSITE,,,,
Far,08/19/2009 10:30 AM,,,,,,,,,,,,0.574,,,,,,,,,,,,,,NAMUR LAKE,NAMUR LAKE,,---,µg/l,1849,AITF-EAS (ENVIRONMENTAL ANALYTICAL SERVICES),09SWE00827,09SWE00737,,08/19/2009 9:30 AM,Centre,SINGLE EUPHOTIC COMPOSITE,,,,
Far,09/03/2010 9:30 AM,,,,,,,,,,,,0.524,,,,,,,,,,,,,,NAMUR LAKE,NAMUR LAKE,,---,µg/l,1849,AITF-EAS (ENVIRONMENTAL ANALYTICAL SERVICES),10SWE01484,10SWE01485,0.1,09/03/2010 8:30 AM,Centre,SINGLE EUPHOTIC COMPOSITE,,,,
Far,08/30/2011 10:30 AM,,,,,,,,,,,,0.548,,,,,,,,,,,,,,NAMUR LAKE,NAMUR LAKE,,---,µg/l,1849,AITF-EAS (ENVIRONMENTAL ANALYTICAL SERVICES),11SWE06596,11SWE06597,0.1,08/30/2011 9:30 AM,Centre,SINGLE EUPHOTIC COMPOSITE,,,,
Far,08/30/2012 9:00 AM,,,,,,,,,,,,0.492,,,,,,,,,,,,,,NAMUR LAKE,NAMUR LAKE,,---,µg/l,1849,AITF-EAS (ENVIRONMENTAL ANALYTICAL SERVICES),12SWE02310,12SWE02311,0.1,08/30/2012 8:00 AM,Centre,SINGLE EUPHOTIC COMPOSITE,,,,
Far,08/26/2013 12:45 PM,,,,,,,,,,,,0.593,,,,,,,,,,,,,,NAMUR LAKE,NAMUR LAKE,,---,µg/l,1849,AITF-EAS (ENVIRONMENTAL ANALYTICAL SERVICES),13SWE02199,13SWE02200,0.1,08/26/2013 11:45 AM,Centre,SINGLE EUPHOTIC COMPOSITE,,,,
Far,07/10/2014 12:00 PM,,,,,,,,,,,,0.544,,,,,,,,,,,,,,NAMUR LAKE,NAMUR LAKE,,---,µg/l,1849,AITF-EAS (ENVIRONMENTAL ANALYTICAL SERVICES),107509,,0.000006,07/10/2014 11:00 AM,---,,,,,
Far,08/19/2014 2:30 PM,,,,,,,,,,,,0.43,,,,,,,,,,,,,,NAMUR LAKE,NAMUR LAKE,,---,µg/l,1849,AITF-EAS (ENVIRONMENTAL ANALYTICAL SERVICES),14SWE02262,14SWE02263,0.006,08/19/2014 1:30 PM,Centre,SINGLE EUPHOTIC COMPOSITE,,,,
Far,09/06/2014 12:00 PM,,,,,,,,,,,,0.558,,,,,,,,,,,,,,NAMUR LAKE,NAMUR LAKE,,---,µg/l,1849,AITF-EAS (ENVIRONMENTAL ANALYTICAL SERVICES),107506,,0.000006,09/06/2014 11:00 AM,---,,,,,
Far,03/03/2015 12:00 PM,,,,,,,,,,,,0.723,,,,,,,,,,,,,,NAMUR LAKE,NAMUR LAKE,,---,µg/l,1849,AITF-EAS (ENVIRONMENTAL ANALYTICAL SERVICES),107512,,0.000006,03/03/2015 12:00 PM,---,,,,,
Far,08/27/2015 4:30 PM,,,,,,,,,,,,0.496,,,,,,,,,,,,,,NAMUR LAKE,NAMUR LAKE,,---,µg/l,1849,AITF-EAS (ENVIRONMENTAL ANALYTICAL SERVICES),15SWE05478,15SWE05479,0.006,08/27/2015 3:30 PM,Centre,SINGLE EUPHOTIC COMPOSITE,,,,
Far,03/15/2016 12:00 PM,,,,,,,,,,,,0.777,,,,,,,,,,,,,,NAMUR LAKE,NAMUR LAKE,,---,µg/l,1849,AITF-EAS (ENVIRONMENTAL ANALYTICAL SERVICES),112645,,0.000006,03/15/2016 11:00 AM,---,,,,,
Far,07/19/2016 12:00 PM,,,,,,,,,,,,0.69,,,,,,,,,,,,,,NAMUR LAKE,NAMUR LAKE,,---,µg/l,1849,AITF-EAS (ENVIRONMENTAL ANALYTICAL SERVICES),112441,,0.000006,07/19/2016 11:00 AM,---,,,,,
Far,08/23/2016 10:30 AM,,,,,,,,,,,,0.625,,,,,,,,,,,,,,NAMUR LAKE,NAMUR LAKE,,---,µg/l,1849,AITF-EAS (ENVIRONMENTAL ANALYTICAL SERVICES),16SWE08202,16SWE08203,0.006,08/23/2016 9:30 AM,Centre,SINGLE EUPHOTIC COMPOSITE,,,,
Far,09/20/2016 12:00 PM,,,,,,,,,,,,0.493,,,,,,,,,,,,,,NAMUR LAKE,NAMUR LAKE,,---,µg/l,1849,AITF-EAS (ENVIRONMENTAL ANALYTICAL SERVICES),112243,,0.000006,09/20/2016 11:00 AM,---,,,,,
Far,03/14/2017 12:00 PM,,,,,,,,,,,,0.75,,,,,,,,,,,,,,NAMUR LAKE,NAMUR LAKE,,---,µg/l,1849,AITF-EAS (ENVIRONMENTAL ANALYTICAL SERVICES),111676,,0.000006,03/14/2017 11:00 AM,---,,,,,
Far,08/23/2017 8:29 AM,,,,,,,,,,,,0.62,,,,,,,,,,,,,,NAMUR LAKE,NAMUR LAKE,,---,µg/l,1849,AITF-EAS (ENVIRONMENTAL ANALYTICAL SERVICES),17SWE12722,17SWE12723,0.03,08/23/2017 7:30 AM,Centre,SINGLE EUPHOTIC COMPOSITE,,,,
Far,09/16/2020 8:00 AM,,,,,,,,,,,,0.58,,,,,,,,,,,,,,NAMUR LAKE,NAMUR LAKE,,---,µg/l,1849,AITF-EAS (ENVIRONMENTAL ANALYTICAL SERVICES),20SWE10884,20SWE10885,0.03,09/16/2020 7:00 AM,Centre,SINGLE EUPHOTIC COMPOSITE,,,,
Far,08/19/2021 3:15 PM,,,,,,,,,,,,0.61,,,,,,,,,,,,,,NAMUR LAKE,NAMUR LAKE,,---,µg/l,1849,AITF-EAS (ENVIRONMENTAL ANALYTICAL SERVICES),21SWE04629,21SWE04629-01,0.03,08/19/2021 2:15 PM,Centre,EUPHOTIC COMPOSITE,,,,
Far,09/14/2022 8:50 AM,,,,,,,,,,,,0.6,,,,,,,,,,,,,,NAMUR LAKE,NAMUR LAKE,,---,µg/l,1849,AITF-EAS (ENVIRONMENTAL ANALYTICAL SERVICES),22SWE04613,22SWE04613-01,0.03,09/14/2022 7:50 AM,Centre,SINGLE EUPHOTIC COMPOSITE,,,,
Far,09/13/2001 10:45 AM,,,,,,,,,,,,,0.6,,,,,,,,,,,,,NAMUR LAKE,NAMUR LAKE,,---,µg/l,2847,AITF-EAS (ENVIRONMENTAL ANALYTICAL SERVICES),01SWE03691,01SWE03122,,09/13/2001 11:00 AM,Centre,SINGLE EUPHOTIC COMPOSITE,,,,
Far,08/28/2003 8:55 AM,,,,,,,,,,,,,0.7,,,,,,,,,,,,,NAMUR LAKE,NAMUR LAKE,,---,µg/l,2847,AITF-EAS (ENVIRONMENTAL ANALYTICAL SERVICES),03SWE01770,03SWE01770,,08/28/2003 7:55 AM,Centre,SINGLE EUPHOTIC COMPOSITE,,,,
Far,08/29/2004 8:45 AM,,,,,,,,,,,,,0.62,,,,,,,,,,,,,NAMUR LAKE,NAMUR LAKE,,---,µg/l,1847,AITF-EAS (ENVIRONMENTAL ANALYTICAL SERVICES),04SWE03018,04SWE02271,,08/29/2004 7:45 AM,Centre,SINGLE EUPHOTIC COMPOSITE,,,,
Far,08/27/2005 9:58 AM,,,,,,,,,,,,,0.66,,,,,,,,,,,,,NAMUR LAKE,NAMUR LAKE,,---,µg/l,1847,AITF-EAS (ENVIRONMENTAL ANALYTICAL SERVICES),05SWE02657,05SWE02658,,08/27/2005 8:58 AM,Centre,SINGLE EUPHOTIC COMPOSITE,,,,
Far,08/21/2006 12:10 PM,,,,,,,,,,,,,0.575,,,,,,,,,,,,,NAMUR LAKE,NAMUR LAKE,,---,µg/l,1847,AITF-EAS (ENVIRONMENTAL ANALYTICAL SERVICES),06SWE03292,06SWE01886,,08/21/2006 11:10 AM,Centre,SINGLE EUPHOTIC COMPOSITE,,,,
Far,08/21/2007 9:40 AM,,,,,,,,,,,,,0.598,,,,,,,,,,,,,NAMUR LAKE,NAMUR LAKE,,---,µg/l,1847,AITF-EAS (ENVIRONMENTAL ANALYTICAL SERVICES),07SWE02684,07SWE02684,,08/21/2007 8:40 AM,Centre,SINGLE EUPHOTIC COMPOSITE,,,,
Far,08/27/2008 10:05 AM,,,,,,,,,,,,,0.762,,,,,,,,,,,,,NAMUR LAKE,NAMUR LAKE,,---,µg/l,1847,AITF-EAS (ENVIRONMENTAL ANALYTICAL SERVICES),08SWE03930,08SWE02145,,08/27/2008 9:05 AM,Centre,SINGLE EUPHOTIC COMPOSITE,,,,
Far,08/19/2009 10:30 AM,,,,,,,,,,,,,0.605,,,,,,,,,,,,,NAMUR LAKE,NAMUR LAKE,,---,µg/l,1847,AITF-EAS (ENVIRONMENTAL ANALYTICAL SERVICES),09SWE00827,09SWE00737,,08/19/2009 9:30 AM,Centre,SINGLE EUPHOTIC COMPOSITE,,,,
Far,09/03/2010 9:30 AM,,,,,,,,,,,,,0.561,,,,,,,,,,,,,NAMUR LAKE,NAMUR LAKE,,---,µg/l,1847,AITF-EAS (ENVIRONMENTAL ANALYTICAL SERVICES),10SWE01484,10SWE01485,0.1,09/03/2010 8:30 AM,Centre,SINGLE EUPHOTIC COMPOSITE,,,,
Far,08/30/2011 10:30 AM,,,,,,,,,,,,,0.639,,,,,,,,,,,,,NAMUR LAKE,NAMUR LAKE,,---,µg/l,1847,AITF-EAS (ENVIRONMENTAL ANALYTICAL SERVICES),11SWE06596,11SWE06597,0.1,08/30/2011 9:30 AM,Centre,SINGLE EUPHOTIC COMPOSITE,,,,
Far,08/30/2012 9:00 AM,,,,,,,,,,,,,0.594,,,,,,,,,,,,,NAMUR LAKE,NAMUR LAKE,,---,µg/l,1847,AITF-EAS (ENVIRONMENTAL ANALYTICAL SERVICES),12SWE02310,12SWE02311,0.1,08/30/2012 8:00 AM,Centre,SINGLE EUPHOTIC COMPOSITE,,,,
Far,08/26/2013 12:45 PM,,,,,,,,,,,,,0.667,,,,,,,,,,,,,NAMUR LAKE,NAMUR LAKE,,---,µg/l,1847,AITF-EAS (ENVIRONMENTAL ANALYTICAL SERVICES),13SWE02199,13SWE02200,0.1,08/26/2013 11:45 AM,Centre,SINGLE EUPHOTIC COMPOSITE,,,,
Far,07/10/2014 12:00 PM,,,,,,,,,,,,,0.629,,,,,,,,,,,,,NAMUR LAKE,NAMUR LAKE,,---,µg/l,1847,AITF-EAS (ENVIRONMENTAL ANALYTICAL SERVICES),107509,,0.000008,07/10/2014 11:00 AM,---,,,,,
Far,08/19/2014 2:30 PM,,,,,,,,,,,,,0.548,,,,,,,,,,,,,NAMUR LAKE,NAMUR LAKE,,---,µg/l,1847,AITF-EAS (ENVIRONMENTAL ANALYTICAL SERVICES),14SWE02262,14SWE02263,0.008,08/19/2014 1:30 PM,Centre,SINGLE EUPHOTIC COMPOSITE,,,,
Far,09/06/2014 12:00 PM,,,,,,,,,,,,,0.663,,,,,,,,,,,,,NAMUR LAKE,NAMUR LAKE,,---,µg/l,1847,AITF-EAS (ENVIRONMENTAL ANALYTICAL SERVICES),107506,,0.000008,09/06/2014 11:00 AM,---,,,,,
Far,03/03/2015 12:00 PM,,,,,,,,,,,,,0.826,,,,,,,,,,,,,NAMUR LAKE,NAMUR LAKE,,---,µg/l,1847,AITF-EAS (ENVIRONMENTAL ANALYTICAL SERVICES),107512,,0.000008,03/03/2015 12:00 PM,---,,,,,
Far,08/27/2015 4:30 PM,,,,,,,,,,,,,0.576,,,,,,,,,,,,,NAMUR LAKE,NAMUR LAKE,,---,µg/l,1847,AITF-EAS (ENVIRONMENTAL ANALYTICAL SERVICES),15SWE05478,15SWE05479,0.008,08/27/2015 3:30 PM,Centre,SINGLE EUPHOTIC COMPOSITE,,,,
Far,03/15/2016 12:00 PM,,,,,,,,,,,,,0.92,,,,,,,,,,,,,NAMUR LAKE,NAMUR LAKE,,---,µg/l,1847,AITF-EAS (ENVIRONMENTAL ANALYTICAL SERVICES),112645,,0.000008,03/15/2016 11:00 AM,---,,,,,
Far,07/19/2016 12:00 PM,,,,,,,,,,,,,0.694,,,,,,,,,,,,,NAMUR LAKE,NAMUR LAKE,,---,µg/l,1847,AITF-EAS (ENVIRONMENTAL ANALYTICAL SERVICES),112441,,0.000008,07/19/2016 11:00 AM,---,,,,,
Far,08/23/2016 10:30 AM,,,,,,,,,,,,,0.784,,,,,,,,,,,,,NAMUR LAKE,NAMUR LAKE,,---,µg/l,1847,AITF-EAS (ENVIRONMENTAL ANALYTICAL SERVICES),16SWE08202,16SWE08203,0.008,08/23/2016 9:30 AM,Centre,SINGLE EUPHOTIC COMPOSITE,,,,
Far,09/20/2016 12:00 PM,,,,,,,,,,,,,0.592,,,,,,,,,,,,,NAMUR LAKE,NAMUR LAKE,,---,µg/l,1847,AITF-EAS (ENVIRONMENTAL ANALYTICAL SERVICES),112243,,0.000008,09/20/2016 11:00 AM,---,,,,,
Far,03/14/2017 12:00 PM,,,,,,,,,,,,,0.911,,,,,,,,,,,,,NAMUR LAKE,NAMUR LAKE,,---,µg/l,1847,AITF-EAS (ENVIRONMENTAL ANALYTICAL SERVICES),111676,,0.000008,03/14/2017 11:00 AM,---,,,,,
Far,08/23/2017 8:29 AM,,,,,,,,,,,,,0.64,,,,,,,,,,,,,NAMUR LAKE,NAMUR LAKE,,---,µg/l,1847,AITF-EAS (ENVIRONMENTAL ANALYTICAL SERVICES),17SWE12722,17SWE12723,0.03,08/23/2017 7:30 AM,Centre,SINGLE EUPHOTIC COMPOSITE,,,,
Far,09/16/2020 8:00 AM,,,,,,,,,,,,,0.6,,,,,,,,,,,,,NAMUR LAKE,NAMUR LAKE,,---,µg/l,1847,AITF-EAS (ENVIRONMENTAL ANALYTICAL SERVICES),20SWE10884,20SWE10885,0.03,09/16/2020 7:00 AM,Centre,SINGLE EUPHOTIC COMPOSITE,,,,
Far,08/19/2021 3:15 PM,,,,,,,,,,,,,0.62,,,,,,,,,,,,,NAMUR LAKE,NAMUR LAKE,,---,µg/l,1847,AITF-EAS (ENVIRONMENTAL ANALYTICAL SERVICES),21SWE04629,21SWE04629-01,0.03,08/19/2021 2:15 PM,Centre,EUPHOTIC COMPOSITE,,,,
Far,09/14/2022 8:50 AM,,,,,,,,,,,,,0.6,,,,,,,,,,,,,NAMUR LAKE,NAMUR LAKE,,---,µg/l,1847,AITF-EAS (ENVIRONMENTAL ANALYTICAL SERVICES),22SWE04613,22SWE04613-01,0.03,09/14/2022 7:50 AM,Centre,SINGLE EUPHOTIC COMPOSITE,,,,
Far,03/15/2016 12:00 PM,,,,,,,,,,,,,,0.37,,,,,,,,,,,,NAMUR LAKE,NAMUR LAKE,,---,mg/l,442,"MAXXAM (CHEMEX) LABS ALBERTA INC., CALGARY, ALBERTA.",112645,,0.05,03/15/2016 11:00 AM,---,,,,,
Far,07/19/2016 12:00 PM,,,,,,,,,,,,,,0.3,,,,,,,,,,,,NAMUR LAKE,NAMUR LAKE,,---,mg/l,442,"MAXXAM (CHEMEX) LABS ALBERTA INC., CALGARY, ALBERTA.",112441,,0.05,07/19/2016 11:00 AM,---,,,,,
Far,09/20/2016 12:00 PM,,,,,,,,,,,,,,0.34,,,,,,,,,,,,NAMUR LAKE,NAMUR LAKE,,---,mg/l,442,"MAXXAM (CHEMEX) LABS ALBERTA INC., CALGARY, ALBERTA.",112243,,0.05,09/20/2016 11:00 AM,---,,,,,
Far,03/14/2017 12:00 PM,,,,,,,,,,,,,,0.46,,,,,,,,,,,,NAMUR LAKE,NAMUR LAKE,,---,mg/l,442,"MAXXAM (CHEMEX) LABS ALBERTA INC., CALGARY, ALBERTA.",111676,,0.05,03/14/2017 11:00 AM,---,,,,,
Far,09/16/2020 8:00 AM,,,,,,,,,,,,,,0.29,,,,,,,,,,,,NAMUR LAKE,NAMUR LAKE,,---,mg/l,442,"MAXXAM (CHEMEX) LABS ALBERTA INC., CALGARY, ALBERTA.",20SWE10884,20SWE10885,0.05,09/16/2020 7:00 AM,Centre,SINGLE EUPHOTIC COMPOSITE,,,,
Far,08/19/2021 3:15 PM,,,,,,,,,,,,,,0.24,,,,,,,,,,,,NAMUR LAKE,NAMUR LAKE,,---,mg/l,442,"MAXXAM (CHEMEX) LABS ALBERTA INC., CALGARY, ALBERTA.",21SWE04629,21SWE04629-01,0.05,08/19/2021 2:15 PM,Centre,EUPHOTIC COMPOSITE,,,,
Far,09/14/2022 8:50 AM,,,,,,,,,,,,,,0.27,,,,,,,,,,,,NAMUR LAKE,NAMUR LAKE,,---,mg/l,442,"MAXXAM (CHEMEX) LABS ALBERTA INC., CALGARY, ALBERTA.",22SWE04613,22SWE04613-01,0.05,09/14/2022 7:50 AM,Centre,SINGLE EUPHOTIC COMPOSITE,,,,
Far,08/10/1999 10:25 AM,,,,,,,,,,,,,,,0.35,,,,,,,,,,,NAMUR LAKE,NAMUR LAKE,,---,mg/l,2185,UNIVERSITY OF ALBERTA - BIOGEOCHEMICAL ANALYTICAL SERVICE LABORATORY,99SWE06000,99SWE06000,0.007,08/10/1999 9:25 AM,Centre,EUPHOTIC COMPOSITE,,,,
Far,08/31/2000 9:20 AM,,,,,,,,,,,,,,,0.43,,,,,,,,,,,NAMUR LAKE,NAMUR LAKE,,---,mg/l,2185,UNIVERSITY OF ALBERTA - BIOGEOCHEMICAL ANALYTICAL SERVICE LABORATORY,00SWE04000,00SWE04000,0.007,08/31/2000 8:20 AM,Centre,EUPHOTIC COMPOSITE,,,,
Far,09/13/2001 10:45 AM,,,,,,,,,,,,,,,0.28,,,,,,,,,,,NAMUR LAKE,NAMUR LAKE,,---,mg/l,2185,UNIVERSITY OF ALBERTA - BIOGEOCHEMICAL ANALYTICAL SERVICE LABORATORY,01SWE03691,01SWE03122,0.007,09/13/2001 11:00 AM,Centre,SINGLE EUPHOTIC COMPOSITE,,,,
Far,10/01/2002 12:00 PM,,,,,,,,,,,,,,,0.34,,,,,,,,,,,NAMUR LAKE,NAMUR LAKE,,---,mg/l,2185,UNIVERSITY OF ALBERTA - BIOGEOCHEMICAL ANALYTICAL SERVICE LABORATORY,02SWE03130,02SWE03130,0.007,10/01/2002 11:00 AM,Centre,SINGLE EUPHOTIC COMPOSITE,,,,
Far,08/28/2003 8:55 AM,,,,,,,,,,,,,,,0.31,,,,,,,,,,,NAMUR LAKE,NAMUR LAKE,,---,mg/l,2185,UNIVERSITY OF ALBERTA - BIOGEOCHEMICAL ANALYTICAL SERVICE LABORATORY,03SWE01770,03SWE01770,0.007,08/28/2003 7:55 AM,Centre,SINGLE EUPHOTIC COMPOSITE,,,,
Far,08/29/2004 8:45 AM,,,,,,,,,,,,,,,0.38,,,,,,,,,,,NAMUR LAKE,NAMUR LAKE,,---,mg/l,2185,UNIVERSITY OF ALBERTA - BIOGEOCHEMICAL ANALYTICAL SERVICE LABORATORY,04SWE03018,04SWE02271,0.007,08/29/2004 7:45 AM,Centre,SINGLE EUPHOTIC COMPOSITE,,,,
Far,08/27/2005 9:58 AM,,,,,,,,,,,,,,,0.32,,,,,,,,,,,NAMUR LAKE,NAMUR LAKE,,---,mg/l,2185,UNIVERSITY OF ALBERTA - BIOGEOCHEMICAL ANALYTICAL SERVICE LABORATORY,05SWE02657,05SWE02658,0.007,08/27/2005 8:58 AM,Centre,SINGLE EUPHOTIC COMPOSITE,,,,
Far,08/21/2007 9:40 AM,,,,,,,,,,,,,,,0.27,,,,,,,,,,,NAMUR LAKE,NAMUR LAKE,,---,mg/l,2185,UNIVERSITY OF ALBERTA - BIOGEOCHEMICAL ANALYTICAL SERVICE LABORATORY,07SWE02684,07SWE02684,0.007,08/21/2007 8:40 AM,Centre,SINGLE EUPHOTIC COMPOSITE,,,,
Far,08/27/2008 10:05 AM,,,,,,,,,,,,,,,0.32,,,,,,,,,,,NAMUR LAKE,NAMUR LAKE,,---,mg/l,2185,UNIVERSITY OF ALBERTA - BIOGEOCHEMICAL ANALYTICAL SERVICE LABORATORY,08SWE03930,08SWE02145,0.007,08/27/2008 9:05 AM,Centre,SINGLE EUPHOTIC COMPOSITE,,,,
Far,08/19/2009 10:30 AM,,,,,,,,,,,,,,,0.32,,,,,,,,,,,NAMUR LAKE,NAMUR LAKE,,---,mg/l,2185,UNIVERSITY OF ALBERTA - BIOGEOCHEMICAL ANALYTICAL SERVICE LABORATORY,09SWE00827,09SWE00737,0.007,08/19/2009 9:30 AM,Centre,SINGLE EUPHOTIC COMPOSITE,,,,
Far,09/03/2010 9:30 AM,,,,,,,,,,,,,,,0.37,,,,,,,,,,,NAMUR LAKE,NAMUR LAKE,,---,mg/l,2185,UNIVERSITY OF ALBERTA - BIOGEOCHEMICAL ANALYTICAL SERVICE LABORATORY,10SWE01484,10SWE01485,0.007,09/03/2010 8:30 AM,Centre,SINGLE EUPHOTIC COMPOSITE,,,,
Far,08/30/2011 10:30 AM,,,,,,,,,,,,,,,0.37,,,,,,,,,,,NAMUR LAKE,NAMUR LAKE,,---,mg/l,2185,UNIVERSITY OF ALBERTA - BIOGEOCHEMICAL ANALYTICAL SERVICE LABORATORY,11SWE06596,11SWE06597,0.005,08/30/2011 9:30 AM,Centre,SINGLE EUPHOTIC COMPOSITE,,,,
Far,08/30/2012 9:00 AM,,,,,,,,,,,,,,,0.36,,,,,,,,,,,NAMUR LAKE,NAMUR LAKE,,---,mg/l,2185,UNIVERSITY OF ALBERTA - BIOGEOCHEMICAL ANALYTICAL SERVICE LABORATORY,12SWE02310,12SWE02311,0.005,08/30/2012 8:00 AM,Centre,SINGLE EUPHOTIC COMPOSITE,,,,
Far,08/26/2013 12:45 PM,,,,,,,,,,,,,,,0.38,,,,,,,,,,,NAMUR LAKE,NAMUR LAKE,,---,mg/l,2185,UNIVERSITY OF ALBERTA - BIOGEOCHEMICAL ANALYTICAL SERVICE LABORATORY,13SWE02199,13SWE02200,0.005,08/26/2013 11:45 AM,Centre,SINGLE EUPHOTIC COMPOSITE,,,,
Far,08/19/2014 2:30 PM,,,,,,,,,,,,,,,0.28,,,,,,,,,,,NAMUR LAKE,NAMUR LAKE,,---,mg/l,2185,UNIVERSITY OF ALBERTA - BIOGEOCHEMICAL ANALYTICAL SERVICE LABORATORY,14SWE02262,14SWE02263,0.007,08/19/2014 1:30 PM,Centre,SINGLE EUPHOTIC COMPOSITE,,,,
Far,08/27/2015 4:30 PM,,,,,,,,,,,,,,,0.36,,,,,,,,,,,NAMUR LAKE,NAMUR LAKE,,---,mg/l,2185,UNIVERSITY OF ALBERTA - BIOGEOCHEMICAL ANALYTICAL SERVICE LABORATORY,15SWE05478,15SWE05479,0.007,08/27/2015 3:30 PM,Centre,SINGLE EUPHOTIC COMPOSITE,,,,
Far,08/23/2016 10:30 AM,,,,,,,,,,,,,,,0.37,,,,,,,,,,,NAMUR LAKE,NAMUR LAKE,,---,mg/l,2185,UNIVERSITY OF ALBERTA - BIOGEOCHEMICAL ANALYTICAL SERVICE LABORATORY,16SWE08202,16SWE08203,0.006,08/23/2016 9:30 AM,Centre,SINGLE EUPHOTIC COMPOSITE,,,,
Far,08/23/2017 8:29 AM,,,,,,,,,,,,,,,0.32,,,,,,,,,,,NAMUR LAKE,NAMUR LAKE,,---,mg/l,2185,UNIVERSITY OF ALBERTA - BIOGEOCHEMICAL ANALYTICAL SERVICE LABORATORY,17SWE12722,17SWE12723,0.006,08/23/2017 7:30 AM,Centre,SINGLE EUPHOTIC COMPOSITE,,,,
Far,05/26/2014 12:00 PM,,,,,,,,,,,,,,,0.22,,,,,,,,,,,NAMUR LAKE,NAMUR LAKE,,---,mg/l,235,"ALS (FORMERLY ENVIRO-TEST) LABORATORIES, EDMONTON, ALBERTA",106650,,0.2,05/26/2014 11:00 AM,---,,,,,
Far,07/10/2014 12:00 PM,,,,,,,,,,,,,,,0.26,,,,,,,,,,,NAMUR LAKE,NAMUR LAKE,,---,mg/l,235,"ALS (FORMERLY ENVIRO-TEST) LABORATORIES, EDMONTON, ALBERTA",107509,,0.2,07/10/2014 11:00 AM,---,,,,,
Far,09/06/2014 12:00 PM,,,,,,,,,,,,,,,0.27,,,,,,,,,,,NAMUR LAKE,NAMUR LAKE,,---,mg/l,235,"ALS (FORMERLY ENVIRO-TEST) LABORATORIES, EDMONTON, ALBERTA",107506,,0.2,09/06/2014 11:00 AM,---,,,,,
Far,03/03/2015 12:00 PM,,,,,,,,,,,,,,,0.38,,,,,,,,,,,NAMUR LAKE,NAMUR LAKE,,---,mg/l,235,"ALS (FORMERLY ENVIRO-TEST) LABORATORIES, EDMONTON, ALBERTA",107512,,0.2,03/03/2015 12:00 PM,---,,,,,
Far,03/15/2016 12:00 PM,,,,,,,,,,,,,,,0.32,,,,,,,,,,,NAMUR LAKE,NAMUR LAKE,,---,mg/l,442,"MAXXAM (CHEMEX) LABS ALBERTA INC., CALGARY, ALBERTA.",112645,,0.05,03/15/2016 11:00 AM,---,,,,,
Far,07/19/2016 12:00 PM,,,,,,,,,,,,,,,0.31,,,,,,,,,,,NAMUR LAKE,NAMUR LAKE,,---,mg/l,442,"MAXXAM (CHEMEX) LABS ALBERTA INC., CALGARY, ALBERTA.",112441,,0.05,07/19/2016 11:00 AM,---,,,,,
Far,09/20/2016 12:00 PM,,,,,,,,,,,,,,,0.33,,,,,,,,,,,NAMUR LAKE,NAMUR LAKE,,---,mg/l,442,"MAXXAM (CHEMEX) LABS ALBERTA INC., CALGARY, ALBERTA.",112243,,0.05,09/20/2016 11:00 AM,---,,,,,
Far,03/14/2017 12:00 PM,,,,,,,,,,,,,,,0.5,,,,,,,,,,,NAMUR LAKE,NAMUR LAKE,,---,mg/l,442,"MAXXAM (CHEMEX) LABS ALBERTA INC., CALGARY, ALBERTA.",111676,,0.05,03/14/2017 11:00 AM,---,,,,,
Far,09/16/2020 8:00 AM,,,,,,,,,,,,,,,0.33,,,,,,,,,,,NAMUR LAKE,NAMUR LAKE,,---,mg/l,442,"MAXXAM (CHEMEX) LABS ALBERTA INC., CALGARY, ALBERTA.",20SWE10884,20SWE10885,0.05,09/16/2020 7:00 AM,Centre,SINGLE EUPHOTIC COMPOSITE,,,,
Far,08/19/2021 3:15 PM,,,,,,,,,,,,,,,0.36,,,,,,,,,,,NAMUR LAKE,NAMUR LAKE,,---,mg/l,442,"MAXXAM (CHEMEX) LABS ALBERTA INC., CALGARY, ALBERTA.",21SWE04629,21SWE04629-01,0.05,08/19/2021 2:15 PM,Centre,EUPHOTIC COMPOSITE,,,,
Far,09/14/2022 8:50 AM,,,,,,,,,,,,,,,0.36,,,,,,,,,,,NAMUR LAKE,NAMUR LAKE,,---,mg/l,442,"MAXXAM (CHEMEX) LABS ALBERTA INC., CALGARY, ALBERTA.",22SWE04613,22SWE04613-01,0.05,09/14/2022 7:50 AM,Centre,SINGLE EUPHOTIC COMPOSITE,,,,
Far,08/10/1999 10:25 AM,,,,,,,,,,,,,,,,6.86,,,,,,,,,,NAMUR LAKE,NAMUR LAKE,,---,---,389,UNIVERSITY OF ALBERTA - BIOGEOCHEMICAL ANALYTICAL SERVICE LABORATORY,99SWE06000,99SWE06000,,08/10/1999 9:25 AM,Centre,EUPHOTIC COMPOSITE,,,,
Far,08/31/2000 9:20 AM,,,,,,,,,,,,,,,,7.09,,,,,,,,,,NAMUR LAKE,NAMUR LAKE,,---,---,389,UNIVERSITY OF ALBERTA - BIOGEOCHEMICAL ANALYTICAL SERVICE LABORATORY,00SWE04000,00SWE04000,,08/31/2000 8:20 AM,Centre,EUPHOTIC COMPOSITE,,,,
Far,09/13/2001 10:45 AM,,,,,,,,,,,,,,,,7.29,,,,,,,,,,NAMUR LAKE,NAMUR LAKE,,---,---,389,UNIVERSITY OF ALBERTA - BIOGEOCHEMICAL ANALYTICAL SERVICE LABORATORY,01SWE03691,01SWE03122,,09/13/2001 11:00 AM,Centre,SINGLE EUPHOTIC COMPOSITE,,,,
Far,10/01/2002 12:00 PM,,,,,,,,,,,,,,,,7.12,,,,,,,,,,NAMUR LAKE,NAMUR LAKE,,---,---,389,UNIVERSITY OF ALBERTA - BIOGEOCHEMICAL ANALYTICAL SERVICE LABORATORY,02SWE03130,02SWE03130,,10/01/2002 11:00 AM,Centre,SINGLE EUPHOTIC COMPOSITE,,,,
Far,08/28/2003 8:55 AM,,,,,,,,,,,,,,,,7.18,,,,,,,,,,NAMUR LAKE,NAMUR LAKE,,---,---,389,UNIVERSITY OF ALBERTA - BIOGEOCHEMICAL ANALYTICAL SERVICE LABORATORY,03SWE01770,03SWE01770,,08/28/2003 7:55 AM,Centre,SINGLE EUPHOTIC COMPOSITE,,,,
Far,08/29/2004 8:45 AM,,,,,,,,,,,,,,,,7.28,,,,,,,,,,NAMUR LAKE,NAMUR LAKE,,---,---,389,UNIVERSITY OF ALBERTA - BIOGEOCHEMICAL ANALYTICAL SERVICE LABORATORY,04SWE03018,04SWE02271,,08/29/2004 7:45 AM,Centre,SINGLE EUPHOTIC COMPOSITE,,,,
Far,08/27/2005 9:58 AM,,,,,,,,,,,,,,,,7.43,,,,,,,,,,NAMUR LAKE,NAMUR LAKE,,---,---,389,UNIVERSITY OF ALBERTA - BIOGEOCHEMICAL ANALYTICAL SERVICE LABORATORY,05SWE02657,05SWE02658,,08/27/2005 8:58 AM,Centre,SINGLE EUPHOTIC COMPOSITE,,,,
Far,08/21/2006 12:10 PM,,,,,,,,,,,,,,,,7.43,,,,,,,,,,NAMUR LAKE,NAMUR LAKE,,---,---,389,UNIVERSITY OF ALBERTA - BIOGEOCHEMICAL ANALYTICAL SERVICE LABORATORY,06SWE03292,06SWE01886,,08/21/2006 11:10 AM,Centre,SINGLE EUPHOTIC COMPOSITE,,,,
Far,08/21/2007 9:40 AM,,,,,,,,,,,,,,,,7.05,,,,,,,,,,NAMUR LAKE,NAMUR LAKE,,---,---,389,UNIVERSITY OF ALBERTA - BIOGEOCHEMICAL ANALYTICAL SERVICE LABORATORY,07SWE02684,07SWE02684,,08/21/2007 8:40 AM,Centre,SINGLE EUPHOTIC COMPOSITE,,,,
Far,08/27/2008 10:05 AM,,,,,,,,,,,,,,,,6.86,,,,,,,,,,NAMUR LAKE,NAMUR LAKE,,---,---,389,UNIVERSITY OF ALBERTA - BIOGEOCHEMICAL ANALYTICAL SERVICE LABORATORY,08SWE03930,08SWE02145,,08/27/2008 9:05 AM,Centre,SINGLE EUPHOTIC COMPOSITE,,,,
Far,08/19/2009 10:30 AM,,,,,,,,,,,,,,,,7.49,,,,,,,,,,NAMUR LAKE,NAMUR LAKE,,---,---,389,UNIVERSITY OF ALBERTA - BIOGEOCHEMICAL ANALYTICAL SERVICE LABORATORY,09SWE00827,09SWE00737,,08/19/2009 9:30 AM,Centre,SINGLE EUPHOTIC COMPOSITE,,,,
Far,09/03/2010 9:30 AM,,,,,,,,,,,,,,,,7.54,,,,,,,,,,NAMUR LAKE,NAMUR LAKE,,---,---,389,UNIVERSITY OF ALBERTA - BIOGEOCHEMICAL ANALYTICAL SERVICE LABORATORY,10SWE01484,10SWE01485,,09/03/2010 8:30 AM,Centre,SINGLE EUPHOTIC COMPOSITE,,,,
Far,08/30/2011 10:30 AM,,,,,,,,,,,,,,,,7.48,,,,,,,,,,NAMUR LAKE,NAMUR LAKE,,---,---,389,UNIVERSITY OF ALBERTA - BIOGEOCHEMICAL ANALYTICAL SERVICE LABORATORY,11SWE06596,11SWE06597,,08/30/2011 9:30 AM,Centre,SINGLE EUPHOTIC COMPOSITE,,,,
Far,08/30/2012 9:00 AM,,,,,,,,,,,,,,,,7.71,,,,,,,,,,NAMUR LAKE,NAMUR LAKE,,---,---,389,UNIVERSITY OF ALBERTA - BIOGEOCHEMICAL ANALYTICAL SERVICE LABORATORY,12SWE02310,12SWE02311,,08/30/2012 8:00 AM,Centre,SINGLE EUPHOTIC COMPOSITE,,,,
Far,08/26/2013 12:45 PM,,,,,,,,,,,,,,,,7.79,,,,,,,,,,NAMUR LAKE,NAMUR LAKE,,---,---,389,UNIVERSITY OF ALBERTA - BIOGEOCHEMICAL ANALYTICAL SERVICE LABORATORY,13SWE02199,13SWE02200,,08/26/2013 11:45 AM,Centre,SINGLE EUPHOTIC COMPOSITE,,,,
Far,05/26/2014 12:00 PM,,,,,,,,,,,,,,,,7.21,,,,,,,,,,NAMUR LAKE,NAMUR LAKE,,---,---,389,"ALS (FORMERLY ENVIRO-TEST) LABORATORIES, EDMONTON, ALBERTA",106650,,0.1,05/26/2014 11:00 AM,---,,,,,
Far,07/10/2014 12:00 PM,,,,,,,,,,,,,,,,7.46,,,,,,,,,,NAMUR LAKE,NAMUR LAKE,,---,---,389,"ALS (FORMERLY ENVIRO-TEST) LABORATORIES, EDMONTON, ALBERTA",107509,,0.1,07/10/2014 11:00 AM,---,,,,,
Far,08/19/2014 2:30 PM,,,,,,,,,,,,,,,,7.5,,,,,,,,,,NAMUR LAKE,NAMUR LAKE,,---,---,389,UNIVERSITY OF ALBERTA - BIOGEOCHEMICAL ANALYTICAL SERVICE LABORATORY,14SWE02262,14SWE02263,,08/19/2014 1:30 PM,Centre,SINGLE EUPHOTIC COMPOSITE,,,,
Far,09/06/2014 12:00 PM,,,,,,,,,,,,,,,,7.61,,,,,,,,,,NAMUR LAKE,NAMUR LAKE,,---,---,389,"ALS (FORMERLY ENVIRO-TEST) LABORATORIES, EDMONTON, ALBERTA",107506,,0.1,09/06/2014 11:00 AM,---,,,,,
Far,03/03/2015 12:00 PM,,,,,,,,,,,,,,,,7.06,,,,,,,,,,NAMUR LAKE,NAMUR LAKE,,---,---,389,"ALS (FORMERLY ENVIRO-TEST) LABORATORIES, EDMONTON, ALBERTA",107512,,0.1,03/03/2015 12:00 PM,---,,,,,
Far,08/27/2015 4:30 PM,,,,,,,,,,,,,,,,7.65,,,,,,,,,,NAMUR LAKE,NAMUR LAKE,,---,---,389,UNIVERSITY OF ALBERTA - BIOGEOCHEMICAL ANALYTICAL SERVICE LABORATORY,15SWE05478,15SWE05479,,08/27/2015 3:30 PM,Centre,SINGLE EUPHOTIC COMPOSITE,,,,
Far,03/15/2016 12:00 PM,,,,,,,,,,,,,,,,7.52,,,,,,,,,,NAMUR LAKE,NAMUR LAKE,,---,---,389,"MAXXAM (CHEMEX) LABS ALBERTA INC., CALGARY, ALBERTA.",112645,,,03/15/2016 11:00 AM,---,,,,,
Far,07/19/2016 12:00 PM,,,,,,,,,,,,,,,,7.48,,,,,,,,,,NAMUR LAKE,NAMUR LAKE,,---,---,389,"MAXXAM (CHEMEX) LABS ALBERTA INC., CALGARY, ALBERTA.",112441,,,07/19/2016 11:00 AM,---,,,,,
Far,08/23/2016 10:30 AM,,,,,,,,,,,,,,,,7.75,,,,,,,,,,NAMUR LAKE,NAMUR LAKE,,---,---,389,UNIVERSITY OF ALBERTA - BIOGEOCHEMICAL ANALYTICAL SERVICE LABORATORY,16SWE08202,16SWE08203,,08/23/2016 9:30 AM,Centre,SINGLE EUPHOTIC COMPOSITE,,,,
Far,09/20/2016 12:00 PM,,,,,,,,,,,,,,,,7.44,,,,,,,,,,NAMUR LAKE,NAMUR LAKE,,---,---,389,"MAXXAM (CHEMEX) LABS ALBERTA INC., CALGARY, ALBERTA.",112243,,,09/20/2016 11:00 AM,---,,,,,
Far,03/14/2017 12:00 PM,,,,,,,,,,,,,,,,7.37,,,,,,,,,,NAMUR LAKE,NAMUR LAKE,,---,---,389,"MAXXAM (CHEMEX) LABS ALBERTA INC., CALGARY, ALBERTA.",111676,,,03/14/2017 11:00 AM,---,,,,,
Far,08/23/2017 8:29 AM,,,,,,,,,,,,,,,,7.64,,,,,,,,,,NAMUR LAKE,NAMUR LAKE,,---,---,389,UNIVERSITY OF ALBERTA - BIOGEOCHEMICAL ANALYTICAL SERVICE LABORATORY,17SWE12722,17SWE12723,,08/23/2017 7:30 AM,Centre,SINGLE EUPHOTIC COMPOSITE,,,,
Far,09/16/2020 8:00 AM,,,,,,,,,,,,,,,,6.27,,,,,,,,,,NAMUR LAKE,NAMUR LAKE,,---,---,389,"MAXXAM (CHEMEX) LABS ALBERTA INC., CALGARY, ALBERTA.",20SWE10884,20SWE10885,N/A,09/16/2020 7:00 AM,Centre,SINGLE EUPHOTIC COMPOSITE,,,,
Far,08/19/2021 3:15 PM,,,,,,,,,,,,,,,,6.42,,,,,,,,,,NAMUR LAKE,NAMUR LAKE,,---,---,389,"MAXXAM (CHEMEX) LABS ALBERTA INC., CALGARY, ALBERTA.",21SWE04629,21SWE04629-01,N/A,08/19/2021 2:15 PM,Centre,EUPHOTIC COMPOSITE,,,,
Far,09/14/2022 8:50 AM,,,,,,,,,,,,,,,,6.41,,,,,,,,,,NAMUR LAKE,NAMUR LAKE,,---,---,389,"MAXXAM (CHEMEX) LABS ALBERTA INC., CALGARY, ALBERTA.",22SWE04613,22SWE04613-01,N/A,09/14/2022 7:50 AM,Centre,SINGLE EUPHOTIC COMPOSITE,,,,
Far,09/13/2001 10:45 AM,,,,,,,,,,,,,,,,,7.56,,,,,,,,,NAMUR LAKE,NAMUR LAKE,4,---,---,2731,FIELD,01SWE03691,01SWE03698,,09/13/2001 9:56 AM,Centre,DISCRETE SAMPLE (GRAB),,,,
Far,09/13/2001 10:45 AM,,,,,,,,,,,,,,,,,7.53,,,,,,,,,NAMUR LAKE,NAMUR LAKE,3,---,---,2731,FIELD,01SWE03691,01SWE03697,,09/13/2001 9:48 AM,Centre,DISCRETE SAMPLE (GRAB),,,,
Far,09/13/2001 10:45 AM,,,,,,,,,,,,,,,,,7.52,,,,,,,,,NAMUR LAKE,NAMUR LAKE,2,---,---,2731,FIELD,01SWE03691,01SWE03696,,09/13/2001 9:47 AM,Centre,DISCRETE SAMPLE (GRAB),,,,
Far,09/13/2001 10:45 AM,,,,,,,,,,,,,,,,,7.52,,,,,,,,,NAMUR LAKE,NAMUR LAKE,0.1,---,---,2731,FIELD,01SWE03691,01SWE03692,,09/13/2001 9:45 AM,Centre,DISCRETE SAMPLE (GRAB),,,,
Far,09/13/2001 10:45 AM,,,,,,,,,,,,,,,,,7.52,,,,,,,,,NAMUR LAKE,NAMUR LAKE,1,---,---,2731,FIELD,01SWE03691,01SWE03694,,09/13/2001 9:46 AM,Centre,DISCRETE SAMPLE (GRAB),,,,
Far,09/13/2001 10:45 AM,,,,,,,,,,,,,,,,,7.56,,,,,,,,,NAMUR LAKE,NAMUR LAKE,5,---,---,2731,FIELD,01SWE03691,01SWE03699,,09/13/2001 9:58 AM,Centre,DISCRETE SAMPLE (GRAB),,,,
Far,08/29/2004 8:45 AM,,,,,,,,,,,,,,,,,6.59,,,,,,,,,NAMUR LAKE,NAMUR LAKE,19,---,---,2731,FIELD,04SWE03018,04SWE03033,,08/29/2004 8:45 AM,Centre,DISCRETE SAMPLE (GRAB),,,,
Far,08/29/2004 8:45 AM,,,,,,,,,,,,,,,,,6.63,,,,,,,,,NAMUR LAKE,NAMUR LAKE,17,---,---,2731,FIELD,04SWE03018,04SWE03031,,08/29/2004 8:45 AM,Centre,DISCRETE SAMPLE (GRAB),,,,
Far,08/29/2004 8:45 AM,,,,,,,,,,,,,,,,,7.2,,,,,,,,,NAMUR LAKE,NAMUR LAKE,15,---,---,2731,FIELD,04SWE03018,04SWE03029,,08/29/2004 8:45 AM,Centre,DISCRETE SAMPLE (GRAB),,,,
Far,08/29/2004 8:45 AM,,,,,,,,,,,,,,,,,7.29,,,,,,,,,NAMUR LAKE,NAMUR LAKE,12.5,---,---,2731,FIELD,04SWE03018,04SWE03027,,08/29/2004 8:45 AM,Centre,DISCRETE SAMPLE (GRAB),,,,
Far,08/29/2004 8:45 AM,,,,,,,,,,,,,,,,,7.34,,,,,,,,,NAMUR LAKE,NAMUR LAKE,7.5,---,---,2731,FIELD,04SWE03018,04SWE03025,,08/29/2004 8:45 AM,Centre,DISCRETE SAMPLE (GRAB),,,,
Far,08/29/2004 8:45 AM,,,,,,,,,,,,,,,,,7.35,,,,,,,,,NAMUR LAKE,NAMUR LAKE,4,---,---,2731,FIELD,04SWE03018,04SWE03023,,08/29/2004 8:45 AM,Centre,DISCRETE SAMPLE (GRAB),,,,
Far,08/29/2004 8:45 AM,,,,,,,,,,,,,,,,,7.35,,,,,,,,,NAMUR LAKE,NAMUR LAKE,2,---,---,2731,FIELD,04SWE03018,04SWE03021,,08/29/2004 8:45 AM,Centre,DISCRETE SAMPLE (GRAB),,,,
Far,08/29/2004 8:45 AM,,,,,,,,,,,,,,,,,7.36,,,,,,,,,NAMUR LAKE,NAMUR LAKE,0.1,---,---,2731,FIELD,04SWE03018,04SWE03019,,08/29/2004 8:45 AM,Centre,DISCRETE SAMPLE (GRAB),,,,
Far,08/29/2004 8:45 AM,,,,,,,,,,,,,,,,,7.34,,,,,,,,,NAMUR LAKE,NAMUR LAKE,1,---,---,2731,FIELD,04SWE03018,04SWE03020,,08/29/2004 8:45 AM,Centre,DISCRETE SAMPLE (GRAB),,,,
Far,08/29/2004 8:45 AM,,,,,,,,,,,,,,,,,7.35,,,,,,,,,NAMUR LAKE,NAMUR LAKE,3,---,---,2731,FIELD,04SWE03018,04SWE03022,,08/29/2004 8:45 AM,Centre,DISCRETE SAMPLE (GRAB),,,,
Far,08/29/2004 8:45 AM,,,,,,,,,,,,,,,,,7.36,,,,,,,,,NAMUR LAKE,NAMUR LAKE,5,---,---,2731,FIELD,04SWE03018,04SWE03024,,08/29/2004 8:45 AM,Centre,DISCRETE SAMPLE (GRAB),,,,
Far,08/29/2004 8:45 AM,,,,,,,,,,,,,,,,,7.32,,,,,,,,,NAMUR LAKE,NAMUR LAKE,10,---,---,2731,FIELD,04SWE03018,04SWE03026,,08/29/2004 8:45 AM,Centre,DISCRETE SAMPLE (GRAB),,,,
Far,08/29/2004 8:45 AM,,,,,,,,,,,,,,,,,7.31,,,,,,,,,NAMUR LAKE,NAMUR LAKE,14,---,---,2731,FIELD,04SWE03018,04SWE03028,,08/29/2004 8:45 AM,Centre,DISCRETE SAMPLE (GRAB),,,,
Far,08/29/2004 8:45 AM,,,,,,,,,,,,,,,,,6.7,,,,,,,,,NAMUR LAKE,NAMUR LAKE,16,---,---,2731,FIELD,04SWE03018,04SWE03030,,08/29/2004 8:45 AM,Centre,DISCRETE SAMPLE (GRAB),,,,
Far,08/29/2004 8:45 AM,,,,,,,,,,,,,,,,,6.6,,,,,,,,,NAMUR LAKE,NAMUR LAKE,18,---,---,2731,FIELD,04SWE03018,04SWE03032,,08/29/2004 8:45 AM,Centre,DISCRETE SAMPLE (GRAB),,,,
Far,08/29/2004 8:45 AM,,,,,,,,,,,,,,,,,7.44,,,,,,,,,NAMUR LAKE,NAMUR LAKE,21,---,---,2731,FIELD,04SWE03018,04SWE03034,,08/29/2004 8:45 AM,Centre,DISCRETE SAMPLE (GRAB),,,,
Far,08/27/2005 9:58 AM,,,,,,,,,,,,,,,,,7.84,,,,,,,,,NAMUR LAKE,NAMUR LAKE,0.1,---,---,2731,FIELD,05SWE02657,05SWE02659,,08/27/2005 8:58 AM,Centre,DISCRETE SAMPLE (GRAB),,,,
Far,08/27/2005 9:58 AM,,,,,,,,,,,,,,,,,7.75,,,,,,,,,NAMUR LAKE,NAMUR LAKE,1,---,---,2731,FIELD,05SWE02657,05SWE02660,,08/27/2005 8:59 AM,Centre,DISCRETE SAMPLE (GRAB),,,,
Far,08/27/2005 9:58 AM,,,,,,,,,,,,,,,,,7.71,,,,,,,,,NAMUR LAKE,NAMUR LAKE,2,---,---,2731,FIELD,05SWE02657,05SWE02661,,08/27/2005 9:00 AM,Centre,DISCRETE SAMPLE (GRAB),,,,
Far,08/27/2005 9:58 AM,,,,,,,,,,,,,,,,,7.66,,,,,,,,,NAMUR LAKE,NAMUR LAKE,3,---,---,2731,FIELD,05SWE02657,05SWE02662,,08/27/2005 9:01 AM,Centre,DISCRETE SAMPLE (GRAB),,,,
Far,08/27/2005 9:58 AM,,,,,,,,,,,,,,,,,7.59,,,,,,,,,NAMUR LAKE,NAMUR LAKE,4,---,---,2731,FIELD,05SWE02657,05SWE02663,,08/27/2005 9:02 AM,Centre,DISCRETE SAMPLE (GRAB),,,,
Far,08/27/2005 9:58 AM,,,,,,,,,,,,,,,,,7.52,,,,,,,,,NAMUR LAKE,NAMUR LAKE,5,---,---,2731,FIELD,05SWE02657,05SWE02664,,08/27/2005 9:03 AM,Centre,DISCRETE SAMPLE (GRAB),,,,
Far,08/27/2005 9:58 AM,,,,,,,,,,,,,,,,,7.48,,,,,,,,,NAMUR LAKE,NAMUR LAKE,6,---,---,2731,FIELD,05SWE02657,05SWE02665,,08/27/2005 9:04 AM,Centre,DISCRETE SAMPLE (GRAB),,,,
Far,08/27/2005 9:58 AM,,,,,,,,,,,,,,,,,7.42,,,,,,,,,NAMUR LAKE,NAMUR LAKE,7,---,---,2731,FIELD,05SWE02657,05SWE02666,,08/27/2005 9:05 AM,Centre,DISCRETE SAMPLE (GRAB),,,,
Far,08/27/2005 9:58 AM,,,,,,,,,,,,,,,,,7.37,,,,,,,,,NAMUR LAKE,NAMUR LAKE,8,---,---,2731,FIELD,05SWE02657,05SWE02667,,08/27/2005 9:06 AM,Centre,DISCRETE SAMPLE (GRAB),,,,
Far,08/27/2005 9:58 AM,,,,,,,,,,,,,,,,,7.36,,,,,,,,,NAMUR LAKE,NAMUR LAKE,9,---,---,2731,FIELD,05SWE02657,05SWE02668,,08/27/2005 9:07 AM,Centre,DISCRETE SAMPLE (GRAB),,,,
Far,08/27/2005 9:58 AM,,,,,,,,,,,,,,,,,7.33,,,,,,,,,NAMUR LAKE,NAMUR LAKE,10,---,---,2731,FIELD,05SWE02657,05SWE02669,,08/27/2005 9:08 AM,Centre,DISCRETE SAMPLE (GRAB),,,,
Far,08/27/2005 9:58 AM,,,,,,,,,,,,,,,,,7.31,,,,,,,,,NAMUR LAKE,NAMUR LAKE,11,---,---,2731,FIELD,05SWE02657,05SWE02670,,08/27/2005 9:09 AM,Centre,DISCRETE SAMPLE (GRAB),,,,
Far,08/27/2005 9:58 AM,,,,,,,,,,,,,,,,,7.24,,,,,,,,,NAMUR LAKE,NAMUR LAKE,12,---,---,2731,FIELD,05SWE02657,05SWE02671,,08/27/2005 9:10 AM,Centre,DISCRETE SAMPLE (GRAB),,,,
Far,08/27/2005 9:58 AM,,,,,,,,,,,,,,,,,7.19,,,,,,,,,NAMUR LAKE,NAMUR LAKE,13,---,---,2731,FIELD,05SWE02657,05SWE02672,,08/27/2005 9:11 AM,Centre,DISCRETE SAMPLE (GRAB),,,,
Far,08/27/2005 9:58 AM,,,,,,,,,,,,,,,,,7.15,,,,,,,,,NAMUR LAKE,NAMUR LAKE,14,---,---,2731,FIELD,05SWE02657,05SWE02673,,08/27/2005 9:12 AM,Centre,DISCRETE SAMPLE (GRAB),,,,
Far,08/27/2005 9:58 AM,,,,,,,,,,,,,,,,,7.11,,,,,,,,,NAMUR LAKE,NAMUR LAKE,15,---,---,2731,FIELD,05SWE02657,05SWE02674,,08/27/2005 9:13 AM,Centre,DISCRETE SAMPLE (GRAB),,,,
Far,08/27/2005 9:58 AM,,,,,,,,,,,,,,,,,7.09,,,,,,,,,NAMUR LAKE,NAMUR LAKE,16,---,---,2731,FIELD,05SWE02657,05SWE02675,,08/27/2005 9:14 AM,Centre,DISCRETE SAMPLE (GRAB),,,,
Far,08/27/2005 9:58 AM,,,,,,,,,,,,,,,,,7.08,,,,,,,,,NAMUR LAKE,NAMUR LAKE,17,---,---,2731,FIELD,05SWE02657,05SWE02676,,08/27/2005 9:15 AM,Centre,DISCRETE SAMPLE (GRAB),,,,
Far,08/27/2005 9:58 AM,,,,,,,,,,,,,,,,,7.05,,,,,,,,,NAMUR LAKE,NAMUR LAKE,18,---,---,2731,FIELD,05SWE02657,05SWE02677,,08/27/2005 9:16 AM,Centre,DISCRETE SAMPLE (GRAB),,,,
Far,08/27/2005 9:58 AM,,,,,,,,,,,,,,,,,6.99,,,,,,,,,NAMUR LAKE,NAMUR LAKE,19,---,---,2731,FIELD,05SWE02657,05SWE02678,,08/27/2005 9:17 AM,Centre,DISCRETE SAMPLE (GRAB),,,,
Far,08/27/2005 9:58 AM,,,,,,,,,,,,,,,,,6.95,,,,,,,,,NAMUR LAKE,NAMUR LAKE,20,---,---,2731,FIELD,05SWE02657,05SWE02679,,08/27/2005 9:18 AM,Centre,DISCRETE SAMPLE (GRAB),,,,
Far,08/27/2005 9:58 AM,,,,,,,,,,,,,,,,,6.84,,,,,,,,,NAMUR LAKE,NAMUR LAKE,21,---,---,2731,FIELD,05SWE02657,05SWE02680,,08/27/2005 9:19 AM,Centre,DISCRETE SAMPLE (GRAB),,,,
Far,08/27/2005 9:58 AM,,,,,,,,,,,,,,,,,6.73,,,,,,,,,NAMUR LAKE,NAMUR LAKE,22,---,---,2731,FIELD,05SWE02657,05SWE02681,,08/27/2005 9:20 AM,Centre,DISCRETE SAMPLE (GRAB),,,,
Far,08/27/2005 9:58 AM,,,,,,,,,,,,,,,,,6.56,,,,,,,,,NAMUR LAKE,NAMUR LAKE,23,---,---,2731,FIELD,05SWE02657,05SWE02682,,08/27/2005 9:21 AM,Centre,DISCRETE SAMPLE (GRAB),,,,
Far,08/27/2005 9:58 AM,,,,,,,,,,,,,,,,,6.36,,,,,,,,,NAMUR LAKE,NAMUR LAKE,24,---,---,2731,FIELD,05SWE02657,05SWE02683,,08/27/2005 9:22 AM,Centre,DISCRETE SAMPLE (GRAB),,,,
Far,08/21/2006 12:10 PM,,,,,,,,,,,,,,,,,8.7,,,,,,,,,NAMUR LAKE,NAMUR LAKE,0.1,---,---,2731,FIELD,06SWE03292,06SWE03293,,08/21/2006 11:10 AM,Centre,DISCRETE SAMPLE (GRAB),,,,
Far,08/21/2006 12:10 PM,,,,,,,,,,,,,,,,,8.28,,,,,,,,,NAMUR LAKE,NAMUR LAKE,0.5,---,---,2731,FIELD,06SWE03292,06SWE03294,,08/21/2006 11:11 AM,Centre,DISCRETE SAMPLE (GRAB),,,,
Far,08/21/2006 12:10 PM,,,,,,,,,,,,,,,,,8.3,,,,,,,,,NAMUR LAKE,NAMUR LAKE,1,---,---,2731,FIELD,06SWE03292,06SWE03295,,08/21/2006 11:11 AM,Centre,DISCRETE SAMPLE (GRAB),,,,
Far,08/21/2006 12:10 PM,,,,,,,,,,,,,,,,,8.31,,,,,,,,,NAMUR LAKE,NAMUR LAKE,1.5,---,---,2731,FIELD,06SWE03292,06SWE03296,,08/21/2006 11:12 AM,Centre,DISCRETE SAMPLE (GRAB),,,,
Far,08/21/2006 12:10 PM,,,,,,,,,,,,,,,,,8.32,,,,,,,,,NAMUR LAKE,NAMUR LAKE,2,---,---,2731,FIELD,06SWE03292,06SWE03297,,08/21/2006 11:13 AM,Centre,DISCRETE SAMPLE (GRAB),,,,
Far,08/21/2006 12:10 PM,,,,,,,,,,,,,,,,,8.32,,,,,,,,,NAMUR LAKE,NAMUR LAKE,3,---,---,2731,FIELD,06SWE03292,06SWE03298,,08/21/2006 11:14 AM,Centre,DISCRETE SAMPLE (GRAB),,,,
Far,08/21/2006 12:10 PM,,,,,,,,,,,,,,,,,8.29,,,,,,,,,NAMUR LAKE,NAMUR LAKE,4,---,---,2731,FIELD,06SWE03292,06SWE03299,,08/21/2006 11:15 AM,Centre,DISCRETE SAMPLE (GRAB),,,,
Far,08/21/2006 12:10 PM,,,,,,,,,,,,,,,,,8.24,,,,,,,,,NAMUR LAKE,NAMUR LAKE,5,---,---,2731,FIELD,06SWE03292,06SWE03300,,08/21/2006 11:16 AM,Centre,DISCRETE SAMPLE (GRAB),,,,
Far,08/21/2006 12:10 PM,,,,,,,,,,,,,,,,,8.15,,,,,,,,,NAMUR LAKE,NAMUR LAKE,6,---,---,2731,FIELD,06SWE03292,06SWE03301,,08/21/2006 11:17 AM,Centre,DISCRETE SAMPLE (GRAB),,,,
Far,08/21/2006 12:10 PM,,,,,,,,,,,,,,,,,8.11,,,,,,,,,NAMUR LAKE,NAMUR LAKE,7,---,---,2731,FIELD,06SWE03292,06SWE03302,,08/21/2006 11:18 AM,Centre,DISCRETE SAMPLE (GRAB),,,,
Far,08/21/2006 12:10 PM,,,,,,,,,,,,,,,,,8.08,,,,,,,,,NAMUR LAKE,NAMUR LAKE,8,---,---,2731,FIELD,06SWE03292,06SWE03303,,08/21/2006 11:19 AM,Centre,DISCRETE SAMPLE (GRAB),,,,
Far,08/21/2006 12:10 PM,,,,,,,,,,,,,,,,,8.02,,,,,,,,,NAMUR LAKE,NAMUR LAKE,9,---,---,2731,FIELD,06SWE03292,06SWE03304,,08/21/2006 11:20 AM,Centre,DISCRETE SAMPLE (GRAB),,,,
Far,08/21/2006 12:10 PM,,,,,,,,,,,,,,,,,7.96,,,,,,,,,NAMUR LAKE,NAMUR LAKE,10,---,---,2731,FIELD,06SWE03292,06SWE03305,,08/21/2006 11:21 AM,Centre,DISCRETE SAMPLE (GRAB),,,,
Far,08/21/2006 12:10 PM,,,,,,,,,,,,,,,,,7.94,,,,,,,,,NAMUR LAKE,NAMUR LAKE,11,---,---,2731,FIELD,06SWE03292,06SWE03306,,08/21/2006 11:22 AM,Centre,DISCRETE SAMPLE (GRAB),,,,
Far,08/21/2006 12:10 PM,,,,,,,,,,,,,,,,,7.94,,,,,,,,,NAMUR LAKE,NAMUR LAKE,12,---,---,2731,FIELD,06SWE03292,06SWE03307,,08/21/2006 11:23 AM,Centre,DISCRETE SAMPLE (GRAB),,,,
Far,08/21/2006 12:10 PM,,,,,,,,,,,,,,,,,7.78,,,,,,,,,NAMUR LAKE,NAMUR LAKE,13,---,---,2731,FIELD,06SWE03292,06SWE03308,,08/21/2006 11:24 AM,Centre,DISCRETE SAMPLE (GRAB),,,,
Far,08/21/2006 12:10 PM,,,,,,,,,,,,,,,,,7.71,,,,,,,,,NAMUR LAKE,NAMUR LAKE,14,---,---,2731,FIELD,06SWE03292,06SWE03309,,08/21/2006 11:25 AM,Centre,DISCRETE SAMPLE (GRAB),,,,
Far,08/21/2006 12:10 PM,,,,,,,,,,,,,,,,,7.64,,,,,,,,,NAMUR LAKE,NAMUR LAKE,15,---,---,2731,FIELD,06SWE03292,06SWE03310,,08/21/2006 11:26 AM,Centre,DISCRETE SAMPLE (GRAB),,,,
Far,08/21/2006 12:10 PM,,,,,,,,,,,,,,,,,7.59,,,,,,,,,NAMUR LAKE,NAMUR LAKE,16,---,---,2731,FIELD,06SWE03292,06SWE03311,,08/21/2006 11:27 AM,Centre,DISCRETE SAMPLE (GRAB),,,,
Far,08/21/2006 12:10 PM,,,,,,,,,,,,,,,,,7.57,,,,,,,,,NAMUR LAKE,NAMUR LAKE,17,---,---,2731,FIELD,06SWE03292,06SWE03312,,08/21/2006 11:28 AM,Centre,DISCRETE SAMPLE (GRAB),,,,
Far,08/21/2006 12:10 PM,,,,,,,,,,,,,,,,,7.55,,,,,,,,,NAMUR LAKE,NAMUR LAKE,18,---,---,2731,FIELD,06SWE03292,06SWE03313,,08/21/2006 11:29 AM,Centre,DISCRETE SAMPLE (GRAB),,,,
Far,08/21/2006 12:10 PM,,,,,,,,,,,,,,,,,7.51,,,,,,,,,NAMUR LAKE,NAMUR LAKE,19,---,---,2731,FIELD,06SWE03292,06SWE03314,,08/21/2006 11:30 AM,Centre,DISCRETE SAMPLE (GRAB),,,,
Far,08/21/2006 12:10 PM,,,,,,,,,,,,,,,,,7.41,,,,,,,,,NAMUR LAKE,NAMUR LAKE,22,---,---,2731,FIELD,06SWE03292,06SWE03315,,08/21/2006 11:31 AM,Centre,DISCRETE SAMPLE (GRAB),,,,
Far,08/27/2008 10:05 AM,,,,,,,,,,,,,,,,,7.56,,,,,,,,,NAMUR LAKE,NAMUR LAKE,0.1,---,---,2731,FIELD,08SWE03930,08SWE03931,,08/27/2008 9:05 AM,Centre,DISCRETE SAMPLE (GRAB),,,,
Far,08/19/2009 10:30 AM,,,,,,,,,,,,,,,,,6.85,,,,,,,,,NAMUR LAKE,NAMUR LAKE,16,---,---,2731,FIELD,09SWE00827,09SWE00846,,08/19/2009 9:47 AM,Centre,DISCRETE SAMPLE (GRAB),,,,
Far,08/19/2009 10:30 AM,,,,,,,,,,,,,,,,,6.92,,,,,,,,,NAMUR LAKE,NAMUR LAKE,14,---,---,2731,FIELD,09SWE00827,09SWE00844,,08/19/2009 9:45 AM,Centre,DISCRETE SAMPLE (GRAB),,,,
Far,08/19/2009 10:30 AM,,,,,,,,,,,,,,,,,7.07,,,,,,,,,NAMUR LAKE,NAMUR LAKE,12,---,---,2731,FIELD,09SWE00827,09SWE00842,,08/19/2009 9:43 AM,Centre,DISCRETE SAMPLE (GRAB),,,,
Far,08/19/2009 10:30 AM,,,,,,,,,,,,,,,,,7.82,,,,,,,,,NAMUR LAKE,NAMUR LAKE,10,---,---,2731,FIELD,09SWE00827,09SWE00840,,08/19/2009 9:41 AM,Centre,DISCRETE SAMPLE (GRAB),,,,
Far,08/19/2009 10:30 AM,,,,,,,,,,,,,,,,,7.86,,,,,,,,,NAMUR LAKE,NAMUR LAKE,8,---,---,2731,FIELD,09SWE00827,09SWE00838,,08/19/2009 9:39 AM,Centre,DISCRETE SAMPLE (GRAB),,,,
Far,08/19/2009 10:30 AM,,,,,,,,,,,,,,,,,7.88,,,,,,,,,NAMUR LAKE,NAMUR LAKE,6,---,---,2731,FIELD,09SWE00827,09SWE00836,,08/19/2009 9:37 AM,Centre,DISCRETE SAMPLE (GRAB),,,,
Far,08/19/2009 10:30 AM,,,,,,,,,,,,,,,,,7.96,,,,,,,,,NAMUR LAKE,NAMUR LAKE,4,---,---,2731,FIELD,09SWE00827,09SWE00834,,08/19/2009 9:35 AM,Centre,DISCRETE SAMPLE (GRAB),,,,
Far,08/19/2009 10:30 AM,,,,,,,,,,,,,,,,,7.87,,,,,,,,,NAMUR LAKE,NAMUR LAKE,2,---,---,2731,FIELD,09SWE00827,09SWE00832,,08/19/2009 9:33 AM,Centre,DISCRETE SAMPLE (GRAB),,,,
Far,08/19/2009 10:30 AM,,,,,,,,,,,,,,,,,7.24,,,,,,,,,NAMUR LAKE,NAMUR LAKE,0.5,---,---,2731,FIELD,09SWE00827,09SWE00830,,08/19/2009 9:31 AM,Centre,DISCRETE SAMPLE (GRAB),,,,
Far,08/19/2009 10:30 AM,,,,,,,,,,,,,,,,,7.86,,,,,,,,,NAMUR LAKE,NAMUR LAKE,0.1,---,---,2731,FIELD,09SWE00827,09SWE00829,,08/19/2009 9:30 AM,Centre,DISCRETE SAMPLE (GRAB),,,,
Far,08/19/2009 10:30 AM,,,,,,,,,,,,,,,,,7.82,,,,,,,,,NAMUR LAKE,NAMUR LAKE,1,---,---,2731,FIELD,09SWE00827,09SWE00831,,08/19/2009 9:32 AM,Centre,DISCRETE SAMPLE (GRAB),,,,
Far,08/19/2009 10:30 AM,,,,,,,,,,,,,,,,,7.91,,,,,,,,,NAMUR LAKE,NAMUR LAKE,3,---,---,2731,FIELD,09SWE00827,09SWE00833,,08/19/2009 9:34 AM,Centre,DISCRETE SAMPLE (GRAB),,,,
Far,08/19/2009 10:30 AM,,,,,,,,,,,,,,,,,7.92,,,,,,,,,NAMUR LAKE,NAMUR LAKE,5,---,---,2731,FIELD,09SWE00827,09SWE00835,,08/19/2009 9:36 AM,Centre,DISCRETE SAMPLE (GRAB),,,,
Far,08/19/2009 10:30 AM,,,,,,,,,,,,,,,,,7.87,,,,,,,,,NAMUR LAKE,NAMUR LAKE,7,---,---,2731,FIELD,09SWE00827,09SWE00837,,08/19/2009 9:38 AM,Centre,DISCRETE SAMPLE (GRAB),,,,
Far,08/19/2009 10:30 AM,,,,,,,,,,,,,,,,,7.85,,,,,,,,,NAMUR LAKE,NAMUR LAKE,9,---,---,2731,FIELD,09SWE00827,09SWE00839,,08/19/2009 9:40 AM,Centre,DISCRETE SAMPLE (GRAB),,,,
Far,08/19/2009 10:30 AM,,,,,,,,,,,,,,,,,7.71,,,,,,,,,NAMUR LAKE,NAMUR LAKE,11,---,---,2731,FIELD,09SWE00827,09SWE00841,,08/19/2009 9:42 AM,Centre,DISCRETE SAMPLE (GRAB),,,,
Far,08/19/2009 10:30 AM,,,,,,,,,,,,,,,,,6.98,,,,,,,,,NAMUR LAKE,NAMUR LAKE,13,---,---,2731,FIELD,09SWE00827,09SWE00843,,08/19/2009 9:44 AM,Centre,DISCRETE SAMPLE (GRAB),,,,
Far,08/19/2009 10:30 AM,,,,,,,,,,,,,,,,,6.88,,,,,,,,,NAMUR LAKE,NAMUR LAKE,15,---,---,2731,FIELD,09SWE00827,09SWE00845,,08/19/2009 9:46 AM,Centre,DISCRETE SAMPLE (GRAB),,,,
Far,08/19/2009 10:30 AM,,,,,,,,,,,,,,,,,6.81,,,,,,,,,NAMUR LAKE,NAMUR LAKE,17,---,---,2731,FIELD,09SWE00827,09SWE00847,,08/19/2009 9:48 AM,Centre,DISCRETE SAMPLE (GRAB),,,,
Far,09/03/2010 9:30 AM,,,,,,,,,,,,,,,,,7.19,,,,,,,,,NAMUR LAKE,NAMUR LAKE,14,---,---,2731,FIELD,10SWE01484,10SWE01501,,09/03/2010 9:41 AM,Centre,DISCRETE SAMPLE (GRAB),,,,
Far,09/03/2010 9:30 AM,,,,,,,,,,,,,,,,,7.19,,,,,,,,,NAMUR LAKE,NAMUR LAKE,12,---,---,2731,FIELD,10SWE01484,10SWE01499,,09/03/2010 9:39 AM,Centre,DISCRETE SAMPLE (GRAB),,,,
Far,09/03/2010 9:30 AM,,,,,,,,,,,,,,,,,7.21,,,,,,,,,NAMUR LAKE,NAMUR LAKE,10,---,---,2731,FIELD,10SWE01484,10SWE01497,,09/03/2010 9:37 AM,Centre,DISCRETE SAMPLE (GRAB),,,,
Far,09/03/2010 9:30 AM,,,,,,,,,,,,,,,,,7.35,,,,,,,,,NAMUR LAKE,NAMUR LAKE,8,---,---,2731,FIELD,10SWE01484,10SWE01495,,09/03/2010 9:35 AM,Centre,DISCRETE SAMPLE (GRAB),,,,
Far,09/03/2010 9:30 AM,,,,,,,,,,,,,,,,,7.38,,,,,,,,,NAMUR LAKE,NAMUR LAKE,6,---,---,2731,FIELD,10SWE01484,10SWE01493,,09/03/2010 9:33 AM,Centre,DISCRETE SAMPLE (GRAB),,,,
Far,09/03/2010 9:30 AM,,,,,,,,,,,,,,,,,7.48,,,,,,,,,NAMUR LAKE,NAMUR LAKE,4,---,---,2731,FIELD,10SWE01484,10SWE01491,,09/03/2010 9:30 AM,Centre,DISCRETE SAMPLE (GRAB),,,,
Far,09/03/2010 9:30 AM,,,,,,,,,,,,,,,,,7.47,,,,,,,,,NAMUR LAKE,NAMUR LAKE,2,---,---,2731,FIELD,10SWE01484,10SWE01489,,09/03/2010 9:28 AM,Centre,DISCRETE SAMPLE (GRAB),,,,
Far,09/03/2010 9:30 AM,,,,,,,,,,,,,,,,,7.44,,,,,,,,,NAMUR LAKE,NAMUR LAKE,0.5,---,---,2731,FIELD,10SWE01484,10SWE01487,,09/03/2010 9:27 AM,Centre,DISCRETE SAMPLE (GRAB),,,,
Far,09/03/2010 9:30 AM,,,,,,,,,,,,,,,,,7.44,,,,,,,,,NAMUR LAKE,NAMUR LAKE,0.1,---,---,2731,FIELD,10SWE01484,10SWE01486,,09/03/2010 9:26 AM,Centre,DISCRETE SAMPLE (GRAB),,,,
Far,09/03/2010 9:30 AM,,,,,,,,,,,,,,,,,7.45,,,,,,,,,NAMUR LAKE,NAMUR LAKE,1,---,---,2731,FIELD,10SWE01484,10SWE01488,,09/03/2010 9:28 AM,Centre,DISCRETE SAMPLE (GRAB),,,,
Far,09/03/2010 9:30 AM,,,,,,,,,,,,,,,,,7.48,,,,,,,,,NAMUR LAKE,NAMUR LAKE,3,---,---,2731,FIELD,10SWE01484,10SWE01490,,09/03/2010 9:29 AM,Centre,DISCRETE SAMPLE (GRAB),,,,
Far,09/03/2010 9:30 AM,,,,,,,,,,,,,,,,,7.42,,,,,,,,,NAMUR LAKE,NAMUR LAKE,5,---,---,2731,FIELD,10SWE01484,10SWE01492,,09/03/2010 9:31 AM,Centre,DISCRETE SAMPLE (GRAB),,,,
Far,09/03/2010 9:30 AM,,,,,,,,,,,,,,,,,7.37,,,,,,,,,NAMUR LAKE,NAMUR LAKE,7,---,---,2731,FIELD,10SWE01484,10SWE01494,,09/03/2010 9:34 AM,Centre,DISCRETE SAMPLE (GRAB),,,,
Far,09/03/2010 9:30 AM,,,,,,,,,,,,,,,,,7.31,,,,,,,,,NAMUR LAKE,NAMUR LAKE,9,---,---,2731,FIELD,10SWE01484,10SWE01496,,09/03/2010 9:36 AM,Centre,DISCRETE SAMPLE (GRAB),,,,
Far,09/03/2010 9:30 AM,,,,,,,,,,,,,,,,,7.19,,,,,,,,,NAMUR LAKE,NAMUR LAKE,11,---,---,2731,FIELD,10SWE01484,10SWE01498,,09/03/2010 9:38 AM,Centre,DISCRETE SAMPLE (GRAB),,,,
Far,09/03/2010 9:30 AM,,,,,,,,,,,,,,,,,7.2,,,,,,,,,NAMUR LAKE,NAMUR LAKE,13,---,---,2731,FIELD,10SWE01484,10SWE01500,,09/03/2010 9:40 AM,Centre,DISCRETE SAMPLE (GRAB),,,,
Far,08/30/2011 10:30 AM,,,,,,,,,,,,,,,,,7.31,,,,,,,,,NAMUR LAKE,NAMUR LAKE,8,---,---,2731,FIELD,11SWE06596,11SWE06605,,08/30/2011 9:38 AM,Centre,DISCRETE SAMPLE (GRAB),,,,
Far,08/30/2011 10:30 AM,,,,,,,,,,,,,,,,,7.32,,,,,,,,,NAMUR LAKE,NAMUR LAKE,6,---,---,2731,FIELD,11SWE06596,11SWE06603,,08/30/2011 9:36 AM,Centre,DISCRETE SAMPLE (GRAB),,,,
Far,08/30/2011 10:30 AM,,,,,,,,,,,,,,,,,7.32,,,,,,,,,NAMUR LAKE,NAMUR LAKE,4,---,---,2731,FIELD,11SWE06596,11SWE06601,,08/30/2011 9:34 AM,Centre,DISCRETE SAMPLE (GRAB),,,,
Far,08/30/2011 10:30 AM,,,,,,,,,,,,,,,,,7.3,,,,,,,,,NAMUR LAKE,NAMUR LAKE,2,---,---,2731,FIELD,11SWE06596,11SWE06599,,08/30/2011 9:32 AM,Centre,DISCRETE SAMPLE (GRAB),,,,
Far,08/30/2011 10:30 AM,,,,,,,,,,,,,,,,,7.25,,,,,,,,,NAMUR LAKE,NAMUR LAKE,1,---,---,2731,FIELD,11SWE06596,11SWE06598,,08/30/2011 9:31 AM,Centre,DISCRETE SAMPLE (GRAB),,,,
Far,08/30/2011 10:30 AM,,,,,,,,,,,,,,,,,7.34,,,,,,,,,NAMUR LAKE,NAMUR LAKE,3,---,---,2731,FIELD,11SWE06596,11SWE06600,,08/30/2011 9:33 AM,Centre,DISCRETE SAMPLE (GRAB),,,,
Far,08/30/2011 10:30 AM,,,,,,,,,,,,,,,,,7.3,,,,,,,,,NAMUR LAKE,NAMUR LAKE,5,---,---,2731,FIELD,11SWE06596,11SWE06602,,08/30/2011 9:35 AM,Centre,DISCRETE SAMPLE (GRAB),,,,
Far,08/30/2011 10:30 AM,,,,,,,,,,,,,,,,,7.32,,,,,,,,,NAMUR LAKE,NAMUR LAKE,7,---,---,2731,FIELD,11SWE06596,11SWE06604,,08/30/2011 9:37 AM,Centre,DISCRETE SAMPLE (GRAB),,,,
Far,08/30/2012 9:00 AM,,,,,,,,,,,,,,,,,6.6,,,,,,,,,NAMUR LAKE,NAMUR LAKE,14,---,---,2731,FIELD,12SWE02310,12SWE02333,,08/30/2012 8:42 AM,Centre,DISCRETE SAMPLE (GRAB),,,,
Far,08/30/2012 9:00 AM,,,,,,,,,,,,,,,,,7.26,,,,,,,,,NAMUR LAKE,NAMUR LAKE,12,---,---,2731,FIELD,12SWE02310,12SWE02331,,08/30/2012 8:41 AM,Centre,DISCRETE SAMPLE (GRAB),,,,
Far,08/30/2012 9:00 AM,,,,,,,,,,,,,,,,,7.29,,,,,,,,,NAMUR LAKE,NAMUR LAKE,10,---,---,2731,FIELD,12SWE02310,12SWE02329,,08/30/2012 8:38 AM,Centre,DISCRETE SAMPLE (GRAB),,,,
Far,08/30/2012 9:00 AM,,,,,,,,,,,,,,,,,7.32,,,,,,,,,NAMUR LAKE,NAMUR LAKE,8,---,---,2731,FIELD,12SWE02310,12SWE02327,,08/30/2012 8:35 AM,Centre,DISCRETE SAMPLE (GRAB),,,,
Far,08/30/2012 9:00 AM,,,,,,,,,,,,,,,,,7.33,,,,,,,,,NAMUR LAKE,NAMUR LAKE,7,---,---,2731,FIELD,12SWE02310,12SWE02325,,08/30/2012 8:32 AM,Centre,DISCRETE SAMPLE (GRAB),,,,
Far,08/30/2012 9:00 AM,,,,,,,,,,,,,,,,,7.37,,,,,,,,,NAMUR LAKE,NAMUR LAKE,6,---,---,2731,FIELD,12SWE02310,12SWE02323,,08/30/2012 8:28 AM,Centre,DISCRETE SAMPLE (GRAB),,,,
Far,08/30/2012 9:00 AM,,,,,,,,,,,,,,,,,7.29,,,,,,,,,NAMUR LAKE,NAMUR LAKE,5,---,---,2731,FIELD,12SWE02310,12SWE02321,,08/30/2012 8:23 AM,Centre,DISCRETE SAMPLE (GRAB),,,,
Far,08/30/2012 9:00 AM,,,,,,,,,,,,,,,,,7.26,,,,,,,,,NAMUR LAKE,NAMUR LAKE,4,---,---,2731,FIELD,12SWE02310,12SWE02319,,08/30/2012 8:19 AM,Centre,DISCRETE SAMPLE (GRAB),,,,
Far,08/30/2012 9:00 AM,,,,,,,,,,,,,,,,,7.28,,,,,,,,,NAMUR LAKE,NAMUR LAKE,3,---,---,2731,FIELD,12SWE02310,12SWE02317,,08/30/2012 8:17 AM,Centre,DISCRETE SAMPLE (GRAB),,,,
Far,08/30/2012 9:00 AM,,,,,,,,,,,,,,,,,7.28,,,,,,,,,NAMUR LAKE,NAMUR LAKE,2,---,---,2731,FIELD,12SWE02310,12SWE02315,,08/30/2012 8:16 AM,Centre,DISCRETE SAMPLE (GRAB),,,,
Far,08/30/2012 9:00 AM,,,,,,,,,,,,,,,,,7.31,,,,,,,,,NAMUR LAKE,NAMUR LAKE,1,---,---,2731,FIELD,12SWE02310,12SWE02313,,08/30/2012 8:15 AM,Centre,DISCRETE SAMPLE (GRAB),,,,
Far,08/30/2012 9:00 AM,,,,,,,,,,,,,,,,,7.26,,,,,,,,,NAMUR LAKE,NAMUR LAKE,0.5,---,---,2731,FIELD,12SWE02310,12SWE02312,,08/30/2012 8:14 AM,Centre,DISCRETE SAMPLE (GRAB),,,,
Far,08/30/2012 9:00 AM,,,,,,,,,,,,,,,,,7.28,,,,,,,,,NAMUR LAKE,NAMUR LAKE,1.5,---,---,2731,FIELD,12SWE02310,12SWE02314,,08/30/2012 8:15 AM,Centre,DISCRETE SAMPLE (GRAB),,,,
Far,08/30/2012 9:00 AM,,,,,,,,,,,,,,,,,7.28,,,,,,,,,NAMUR LAKE,NAMUR LAKE,2.5,---,---,2731,FIELD,12SWE02310,12SWE02316,,08/30/2012 8:17 AM,Centre,DISCRETE SAMPLE (GRAB),,,,
Far,08/30/2012 9:00 AM,,,,,,,,,,,,,,,,,7.28,,,,,,,,,NAMUR LAKE,NAMUR LAKE,3.5,---,---,2731,FIELD,12SWE02310,12SWE02318,,08/30/2012 8:18 AM,Centre,DISCRETE SAMPLE (GRAB),,,,
Far,08/30/2012 9:00 AM,,,,,,,,,,,,,,,,,7.33,,,,,,,,,NAMUR LAKE,NAMUR LAKE,4.5,---,---,2731,FIELD,12SWE02310,12SWE02320,,08/30/2012 8:20 AM,Centre,DISCRETE SAMPLE (GRAB),,,,
Far,08/30/2012 9:00 AM,,,,,,,,,,,,,,,,,7.33,,,,,,,,,NAMUR LAKE,NAMUR LAKE,5.5,---,---,2731,FIELD,12SWE02310,12SWE02322,,08/30/2012 8:25 AM,Centre,DISCRETE SAMPLE (GRAB),,,,
Far,08/30/2012 9:00 AM,,,,,,,,,,,,,,,,,7.35,,,,,,,,,NAMUR LAKE,NAMUR LAKE,6.5,---,---,2731,FIELD,12SWE02310,12SWE02324,,08/30/2012 8:30 AM,Centre,DISCRETE SAMPLE (GRAB),,,,
Far,08/30/2012 9:00 AM,,,,,,,,,,,,,,,,,7.33,,,,,,,,,NAMUR LAKE,NAMUR LAKE,7.5,---,---,2731,FIELD,12SWE02310,12SWE02326,,08/30/2012 8:34 AM,Centre,DISCRETE SAMPLE (GRAB),,,,
Far,08/30/2012 9:00 AM,,,,,,,,,,,,,,,,,7.3,,,,,,,,,NAMUR LAKE,NAMUR LAKE,9,---,---,2731,FIELD,12SWE02310,12SWE02328,,08/30/2012 8:37 AM,Centre,DISCRETE SAMPLE (GRAB),,,,
Far,08/30/2012 9:00 AM,,,,,,,,,,,,,,,,,7.29,,,,,,,,,NAMUR LAKE,NAMUR LAKE,11,---,---,2731,FIELD,12SWE02310,12SWE02330,,08/30/2012 8:40 AM,Centre,DISCRETE SAMPLE (GRAB),,,,
Far,08/30/2012 9:00 AM,,,,,,,,,,,,,,,,,7.16,,,,,,,,,NAMUR LAKE,NAMUR LAKE,13,---,---,2731,FIELD,12SWE02310,12SWE02332,,08/30/2012 8:42 AM,Centre,DISCRETE SAMPLE (GRAB),,,,
Far,08/26/2013 12:45 PM,,,,,,,,,,,,,,,,,5.68,,,,,,,,,NAMUR LAKE,NAMUR LAKE,24,---,---,2731,FIELD,13SWE02199,13SWE02225,,08/26/2013 1:27 PM,Centre,DISCRETE SAMPLE (GRAB),,,,
Far,08/26/2013 12:45 PM,,,,,,,,,,,,,,,,,5.81,,,,,,,,,NAMUR LAKE,NAMUR LAKE,22,---,---,2731,FIELD,13SWE02199,13SWE02223,,08/26/2013 1:25 PM,Centre,DISCRETE SAMPLE (GRAB),,,,
Far,08/26/2013 12:45 PM,,,,,,,,,,,,,,,,,5.99,,,,,,,,,NAMUR LAKE,NAMUR LAKE,20,---,---,2731,FIELD,13SWE02199,13SWE02221,,08/26/2013 1:24 PM,Centre,DISCRETE SAMPLE (GRAB),,,,
Far,08/26/2013 12:45 PM,,,,,,,,,,,,,,,,,6.08,,,,,,,,,NAMUR LAKE,NAMUR LAKE,18,---,---,2731,FIELD,13SWE02199,13SWE02219,,08/26/2013 1:22 PM,Centre,DISCRETE SAMPLE (GRAB),,,,
Far,08/26/2013 12:45 PM,,,,,,,,,,,,,,,,,6.2,,,,,,,,,NAMUR LAKE,NAMUR LAKE,16,---,---,2731,FIELD,13SWE02199,13SWE02217,,08/26/2013 1:19 PM,Centre,DISCRETE SAMPLE (GRAB),,,,
Far,08/26/2013 12:45 PM,,,,,,,,,,,,,,,,,6.34,,,,,,,,,NAMUR LAKE,NAMUR LAKE,14,---,---,2731,FIELD,13SWE02199,13SWE02215,,08/26/2013 1:16 PM,Centre,DISCRETE SAMPLE (GRAB),,,,
Far,08/26/2013 12:45 PM,,,,,,,,,,,,,,,,,6.5,,,,,,,,,NAMUR LAKE,NAMUR LAKE,12,---,---,2731,FIELD,13SWE02199,13SWE02213,,08/26/2013 1:15 PM,Centre,DISCRETE SAMPLE (GRAB),,,,
Far,08/26/2013 12:45 PM,,,,,,,,,,,,,,,,,6.77,,,,,,,,,NAMUR LAKE,NAMUR LAKE,10,---,---,2731,FIELD,13SWE02199,13SWE02211,,08/26/2013 1:13 PM,Centre,DISCRETE SAMPLE (GRAB),,,,
Far,08/26/2013 12:45 PM,,,,,,,,,,,,,,,,,7.35,,,,,,,,,NAMUR LAKE,NAMUR LAKE,8,---,---,2731,FIELD,13SWE02199,13SWE02209,,08/26/2013 1:11 PM,Centre,DISCRETE SAMPLE (GRAB),,,,
Far,08/26/2013 12:45 PM,,,,,,,,,,,,,,,,,7.52,,,,,,,,,NAMUR LAKE,NAMUR LAKE,6,---,---,2731,FIELD,13SWE02199,13SWE02207,,08/26/2013 1:09 PM,Centre,DISCRETE SAMPLE (GRAB),,,,
Far,08/26/2013 12:45 PM,,,,,,,,,,,,,,,,,7.59,,,,,,,,,NAMUR LAKE,NAMUR LAKE,4,---,---,2731,FIELD,13SWE02199,13SWE02205,,08/26/2013 1:04 PM,Centre,DISCRETE SAMPLE (GRAB),,,,
Far,08/26/2013 12:45 PM,,,,,,,,,,,,,,,,,7.75,,,,,,,,,NAMUR LAKE,NAMUR LAKE,2,---,---,2731,FIELD,13SWE02199,13SWE02203,,08/26/2013 1:01 PM,Centre,DISCRETE SAMPLE (GRAB),,,,
Far,08/26/2013 12:45 PM,,,,,,,,,,,,,,,,,7.61,,,,,,,,,NAMUR LAKE,NAMUR LAKE,0.5,---,---,2731,FIELD,13SWE02199,13SWE02201,,08/26/2013 12:58 PM,Centre,DISCRETE SAMPLE (GRAB),,,,
Far,08/26/2013 12:45 PM,,,,,,,,,,,,,,,,,7.72,,,,,,,,,NAMUR LAKE,NAMUR LAKE,1,---,---,2731,FIELD,13SWE02199,13SWE02202,,08/26/2013 12:59 PM,Centre,DISCRETE SAMPLE (GRAB),,,,
Far,08/26/2013 12:45 PM,,,,,,,,,,,,,,,,,7.72,,,,,,,,,NAMUR LAKE,NAMUR LAKE,3,---,---,2731,FIELD,13SWE02199,13SWE02204,,08/26/2013 1:02 PM,Centre,DISCRETE SAMPLE (GRAB),,,,
Far,08/26/2013 12:45 PM,,,,,,,,,,,,,,,,,7.53,,,,,,,,,NAMUR LAKE,NAMUR LAKE,5,---,---,2731,FIELD,13SWE02199,13SWE02206,,08/26/2013 1:05 PM,Centre,DISCRETE SAMPLE (GRAB),,,,
Far,08/26/2013 12:45 PM,,,,,,,,,,,,,,,,,7.49,,,,,,,,,NAMUR LAKE,NAMUR LAKE,7,---,---,2731,FIELD,13SWE02199,13SWE02208,,08/26/2013 1:10 PM,Centre,DISCRETE SAMPLE (GRAB),,,,
Far,08/26/2013 12:45 PM,,,,,,,,,,,,,,,,,6.97,,,,,,,,,NAMUR LAKE,NAMUR LAKE,9,---,---,2731,FIELD,13SWE02199,13SWE02210,,08/26/2013 1:12 PM,Centre,DISCRETE SAMPLE (GRAB),,,,
Far,08/26/2013 12:45 PM,,,,,,,,,,,,,,,,,6.64,,,,,,,,,NAMUR LAKE,NAMUR LAKE,11,---,---,2731,FIELD,13SWE02199,13SWE02212,,08/26/2013 1:13 PM,Centre,DISCRETE SAMPLE (GRAB),,,,
Far,08/26/2013 12:45 PM,,,,,,,,,,,,,,,,,6.41,,,,,,,,,NAMUR LAKE,NAMUR LAKE,13,---,---,2731,FIELD,13SWE02199,13SWE02214,,08/26/2013 1:15 PM,Centre,DISCRETE SAMPLE (GRAB),,,,
Far,08/26/2013 12:45 PM,,,,,,,,,,,,,,,,,6.22,,,,,,,,,NAMUR LAKE,NAMUR LAKE,15,---,---,2731,FIELD,13SWE02199,13SWE02216,,08/26/2013 1:18 PM,Centre,DISCRETE SAMPLE (GRAB),,,,
Far,08/26/2013 12:45 PM,,,,,,,,,,,,,,,,,6.1,,,,,,,,,NAMUR LAKE,NAMUR LAKE,17,---,---,2731,FIELD,13SWE02199,13SWE02218,,08/26/2013 1:21 PM,Centre,DISCRETE SAMPLE (GRAB),,,,
Far,08/26/2013 12:45 PM,,,,,,,,,,,,,,,,,6.04,,,,,,,,,NAMUR LAKE,NAMUR LAKE,19,---,---,2731,FIELD,13SWE02199,13SWE02220,,08/26/2013 1:23 PM,Centre,DISCRETE SAMPLE (GRAB),,,,
Far,08/26/2013 12:45 PM,,,,,,,,,,,,,,,,,5.91,,,,,,,,,NAMUR LAKE,NAMUR LAKE,21,---,---,2731,FIELD,13SWE02199,13SWE02222,,08/26/2013 1:25 PM,Centre,DISCRETE SAMPLE (GRAB),,,,
Far,08/26/2013 12:45 PM,,,,,,,,,,,,,,,,,5.75,,,,,,,,,NAMUR LAKE,NAMUR LAKE,23,---,---,2731,FIELD,13SWE02199,13SWE02224,,08/26/2013 1:26 PM,Centre,DISCRETE SAMPLE (GRAB),,,,
Far,08/19/2014 2:30 PM,,,,,,,,,,,,,,,,,7.16,,,,,,,,,NAMUR LAKE,NAMUR LAKE,15.5,---,---,2731,FIELD,14SWE02262,14SWE02293,,08/19/2014 2:52 PM,Centre,DISCRETE SAMPLE (GRAB),,,,
Far,08/19/2014 2:30 PM,,,,,,,,,,,,,,,,,7.18,,,,,,,,,NAMUR LAKE,NAMUR LAKE,14,---,---,2731,FIELD,14SWE02262,14SWE02291,,08/19/2014 2:51 PM,Centre,DISCRETE SAMPLE (GRAB),,,,
Far,08/19/2014 2:30 PM,,,,,,,,,,,,,,,,,7.2,,,,,,,,,NAMUR LAKE,NAMUR LAKE,12.5,---,---,2731,FIELD,14SWE02262,14SWE02289,,08/19/2014 2:50 PM,Centre,DISCRETE SAMPLE (GRAB),,,,
Far,08/19/2014 2:30 PM,,,,,,,,,,,,,,,,,7.25,,,,,,,,,NAMUR LAKE,NAMUR LAKE,11.5,---,---,2731,FIELD,14SWE02262,14SWE02287,,08/19/2014 2:48 PM,Centre,DISCRETE SAMPLE (GRAB),,,,
Far,08/19/2014 2:30 PM,,,,,,,,,,,,,,,,,7.3,,,,,,,,,NAMUR LAKE,NAMUR LAKE,10.5,---,---,2731,FIELD,14SWE02262,14SWE02285,,08/19/2014 2:46 PM,Centre,DISCRETE SAMPLE (GRAB),,,,
Far,08/19/2014 2:30 PM,,,,,,,,,,,,,,,,,7.36,,,,,,,,,NAMUR LAKE,NAMUR LAKE,9.5,---,---,2731,FIELD,14SWE02262,14SWE02283,,08/19/2014 2:45 PM,Centre,DISCRETE SAMPLE (GRAB),,,,
Far,08/19/2014 2:30 PM,,,,,,,,,,,,,,,,,7.47,,,,,,,,,NAMUR LAKE,NAMUR LAKE,8.5,---,---,2731,FIELD,14SWE02262,14SWE02281,,08/19/2014 2:43 PM,Centre,DISCRETE SAMPLE (GRAB),,,,
Far,08/19/2014 2:30 PM,,,,,,,,,,,,,,,,,7.66,,,,,,,,,NAMUR LAKE,NAMUR LAKE,7.5,---,---,2731,FIELD,14SWE02262,14SWE02279,,08/19/2014 2:41 PM,Centre,DISCRETE SAMPLE (GRAB),,,,
Far,08/19/2014 2:30 PM,,,,,,,,,,,,,,,,,8.13,,,,,,,,,NAMUR LAKE,NAMUR LAKE,6.5,---,---,2731,FIELD,14SWE02262,14SWE02277,,08/19/2014 2:39 PM,Centre,DISCRETE SAMPLE (GRAB),,,,
Far,08/19/2014 2:30 PM,,,,,,,,,,,,,,,,,8.11,,,,,,,,,NAMUR LAKE,NAMUR LAKE,5.5,---,---,2731,FIELD,14SWE02262,14SWE02275,,08/19/2014 2:38 PM,Centre,DISCRETE SAMPLE (GRAB),,,,
Far,08/19/2014 2:30 PM,,,,,,,,,,,,,,,,,8.09,,,,,,,,,NAMUR LAKE,NAMUR LAKE,4.5,---,---,2731,FIELD,14SWE02262,14SWE02273,,08/19/2014 2:36 PM,Centre,DISCRETE SAMPLE (GRAB),,,,
Far,08/19/2014 2:30 PM,,,,,,,,,,,,,,,,,8.08,,,,,,,,,NAMUR LAKE,NAMUR LAKE,3.5,---,---,2731,FIELD,14SWE02262,14SWE02271,,08/19/2014 2:35 PM,Centre,DISCRETE SAMPLE (GRAB),,,,
Far,08/19/2014 2:30 PM,,,,,,,,,,,,,,,,,8.01,,,,,,,,,NAMUR LAKE,NAMUR LAKE,2.5,---,---,2731,FIELD,14SWE02262,14SWE02269,,08/19/2014 2:34 PM,Centre,DISCRETE SAMPLE (GRAB),,,,
Far,08/19/2014 2:30 PM,,,,,,,,,,,,,,,,,7.9,,,,,,,,,NAMUR LAKE,NAMUR LAKE,1.5,---,---,2731,FIELD,14SWE02262,14SWE02267,,08/19/2014 2:32 PM,Centre,DISCRETE SAMPLE (GRAB),,,,
Far,08/19/2014 2:30 PM,,,,,,,,,,,,,,,,,7.92,,,,,,,,,NAMUR LAKE,NAMUR LAKE,0.5,---,---,2731,FIELD,14SWE02262,14SWE02265,,08/19/2014 2:31 PM,Centre,DISCRETE SAMPLE (GRAB),,,,
Far,08/19/2014 2:30 PM,,,,,,,,,,,,,,,,,7.9,,,,,,,,,NAMUR LAKE,NAMUR LAKE,0.1,---,---,2731,FIELD,14SWE02262,14SWE02264,,08/19/2014 2:31 PM,Centre,DISCRETE SAMPLE (GRAB),,,,
Far,08/19/2014 2:30 PM,,,,,,,,,,,,,,,,,7.87,,,,,,,,,NAMUR LAKE,NAMUR LAKE,1,---,---,2731,FIELD,14SWE02262,14SWE02266,,08/19/2014 2:32 PM,Centre,DISCRETE SAMPLE (GRAB),,,,
Far,08/19/2014 2:30 PM,,,,,,,,,,,,,,,,,7.96,,,,,,,,,NAMUR LAKE,NAMUR LAKE,2,---,---,2731,FIELD,14SWE02262,14SWE02268,,08/19/2014 2:33 PM,Centre,DISCRETE SAMPLE (GRAB),,,,
Far,08/19/2014 2:30 PM,,,,,,,,,,,,,,,,,8.06,,,,,,,,,NAMUR LAKE,NAMUR LAKE,3,---,---,2731,FIELD,14SWE02262,14SWE02270,,08/19/2014 2:34 PM,Centre,DISCRETE SAMPLE (GRAB),,,,
Far,08/19/2014 2:30 PM,,,,,,,,,,,,,,,,,8.09,,,,,,,,,NAMUR LAKE,NAMUR LAKE,4,---,---,2731,FIELD,14SWE02262,14SWE02272,,08/19/2014 2:36 PM,Centre,DISCRETE SAMPLE (GRAB),,,,
Far,08/19/2014 2:30 PM,,,,,,,,,,,,,,,,,8.1,,,,,,,,,NAMUR LAKE,NAMUR LAKE,5,---,---,2731,FIELD,14SWE02262,14SWE02274,,08/19/2014 2:37 PM,Centre,DISCRETE SAMPLE (GRAB),,,,
Far,08/19/2014 2:30 PM,,,,,,,,,,,,,,,,,8.12,,,,,,,,,NAMUR LAKE,NAMUR LAKE,6,---,---,2731,FIELD,14SWE02262,14SWE02276,,08/19/2014 2:38 PM,Centre,DISCRETE SAMPLE (GRAB),,,,
Far,08/19/2014 2:30 PM,,,,,,,,,,,,,,,,,7.78,,,,,,,,,NAMUR LAKE,NAMUR LAKE,7,---,---,2731,FIELD,14SWE02262,14SWE02278,,08/19/2014 2:40 PM,Centre,DISCRETE SAMPLE (GRAB),,,,
Far,08/19/2014 2:30 PM,,,,,,,,,,,,,,,,,7.53,,,,,,,,,NAMUR LAKE,NAMUR LAKE,8,---,---,2731,FIELD,14SWE02262,14SWE02280,,08/19/2014 2:42 PM,Centre,DISCRETE SAMPLE (GRAB),,,,
Far,08/19/2014 2:30 PM,,,,,,,,,,,,,,,,,7.41,,,,,,,,,NAMUR LAKE,NAMUR LAKE,9,---,---,2731,FIELD,14SWE02262,14SWE02282,,08/19/2014 2:44 PM,Centre,DISCRETE SAMPLE (GRAB),,,,
Far,08/19/2014 2:30 PM,,,,,,,,,,,,,,,,,7.32,,,,,,,,,NAMUR LAKE,NAMUR LAKE,10,---,---,2731,FIELD,14SWE02262,14SWE02284,,08/19/2014 2:46 PM,Centre,DISCRETE SAMPLE (GRAB),,,,
Far,08/19/2014 2:30 PM,,,,,,,,,,,,,,,,,7.29,,,,,,,,,NAMUR LAKE,NAMUR LAKE,11,---,---,2731,FIELD,14SWE02262,14SWE02286,,08/19/2014 2:47 PM,Centre,DISCRETE SAMPLE (GRAB),,,,
Far,08/19/2014 2:30 PM,,,,,,,,,,,,,,,,,7.22,,,,,,,,,NAMUR LAKE,NAMUR LAKE,12,---,---,2731,FIELD,14SWE02262,14SWE02288,,08/19/2014 2:49 PM,Centre,DISCRETE SAMPLE (GRAB),,,,
Far,08/19/2014 2:30 PM,,,,,,,,,,,,,,,,,7.19,,,,,,,,,NAMUR LAKE,NAMUR LAKE,13,---,---,2731,FIELD,14SWE02262,14SWE02290,,08/19/2014 2:50 PM,Centre,DISCRETE SAMPLE (GRAB),,,,
Far,08/19/2014 2:30 PM,,,,,,,,,,,,,,,,,7.17,,,,,,,,,NAMUR LAKE,NAMUR LAKE,15,---,---,2731,FIELD,14SWE02262,14SWE02292,,08/19/2014 2:52 PM,Centre,DISCRETE SAMPLE (GRAB),,,,
Far,08/27/2015 4:30 PM,,,,,,,,,,,,,,,,,7.37,,,,,,,,,NAMUR LAKE,NAMUR LAKE,9.5,---,---,2731,FIELD,15SWE05478,15SWE05681,,08/27/2015 4:08 PM,Centre,DISCRETE SAMPLE (GRAB),,,,
Far,08/27/2015 4:30 PM,,,,,,,,,,,,,,,,,7.38,,,,,,,,,NAMUR LAKE,NAMUR LAKE,8.5,---,---,2731,FIELD,15SWE05478,15SWE05679,,08/27/2015 4:04 PM,Centre,DISCRETE SAMPLE (GRAB),,,,
Far,08/27/2015 4:30 PM,,,,,,,,,,,,,,,,,7.39,,,,,,,,,NAMUR LAKE,NAMUR LAKE,7.5,---,---,2731,FIELD,15SWE05478,15SWE05677,,08/27/2015 4:00 PM,Centre,DISCRETE SAMPLE (GRAB),,,,
Far,08/27/2015 4:30 PM,,,,,,,,,,,,,,,,,7.39,,,,,,,,,NAMUR LAKE,NAMUR LAKE,6.5,---,---,2731,FIELD,15SWE05478,15SWE05675,,08/27/2015 3:56 PM,Centre,DISCRETE SAMPLE (GRAB),,,,
Far,08/27/2015 4:30 PM,,,,,,,,,,,,,,,,,7.41,,,,,,,,,NAMUR LAKE,NAMUR LAKE,5.5,---,---,2731,FIELD,15SWE05478,15SWE05673,,08/27/2015 3:52 PM,Centre,DISCRETE SAMPLE (GRAB),,,,
Far,08/27/2015 4:30 PM,,,,,,,,,,,,,,,,,7.43,,,,,,,,,NAMUR LAKE,NAMUR LAKE,4.5,---,---,2731,FIELD,15SWE05478,15SWE05671,,08/27/2015 3:48 PM,Centre,DISCRETE SAMPLE (GRAB),,,,
Far,08/27/2015 4:30 PM,,,,,,,,,,,,,,,,,7.46,,,,,,,,,NAMUR LAKE,NAMUR LAKE,3.5,---,---,2731,FIELD,15SWE05478,15SWE05669,,08/27/2015 3:44 PM,Centre,DISCRETE SAMPLE (GRAB),,,,
Far,08/27/2015 4:30 PM,,,,,,,,,,,,,,,,,7.45,,,,,,,,,NAMUR LAKE,NAMUR LAKE,2.5,---,---,2731,FIELD,15SWE05478,15SWE05667,,08/27/2015 3:40 PM,Centre,DISCRETE SAMPLE (GRAB),,,,
Far,08/27/2015 4:30 PM,,,,,,,,,,,,,,,,,7.42,,,,,,,,,NAMUR LAKE,NAMUR LAKE,1.5,---,---,2731,FIELD,15SWE05478,15SWE05665,,08/27/2015 3:36 PM,Centre,DISCRETE SAMPLE (GRAB),,,,
Far,08/27/2015 4:30 PM,,,,,,,,,,,,,,,,,7.46,,,,,,,,,NAMUR LAKE,NAMUR LAKE,0.5,---,---,2731,FIELD,15SWE05478,15SWE05663,,08/27/2015 3:32 PM,Centre,DISCRETE SAMPLE (GRAB),,,,
Far,08/27/2015 4:30 PM,,,,,,,,,,,,,,,,,7.42,,,,,,,,,NAMUR LAKE,NAMUR LAKE,0.1,---,---,2731,FIELD,15SWE05478,15SWE05662,,08/27/2015 3:30 PM,Centre,DISCRETE SAMPLE (GRAB),,,,
Far,08/27/2015 4:30 PM,,,,,,,,,,,,,,,,,7.43,,,,,,,,,NAMUR LAKE,NAMUR LAKE,1,---,---,2731,FIELD,15SWE05478,15SWE05664,,08/27/2015 3:34 PM,Centre,DISCRETE SAMPLE (GRAB),,,,
Far,08/27/2015 4:30 PM,,,,,,,,,,,,,,,,,7.44,,,,,,,,,NAMUR LAKE,NAMUR LAKE,2,---,---,2731,FIELD,15SWE05478,15SWE05666,,08/27/2015 3:38 PM,Centre,DISCRETE SAMPLE (GRAB),,,,
Far,08/27/2015 4:30 PM,,,,,,,,,,,,,,,,,7.45,,,,,,,,,NAMUR LAKE,NAMUR LAKE,3,---,---,2731,FIELD,15SWE05478,15SWE05668,,08/27/2015 3:42 PM,Centre,DISCRETE SAMPLE (GRAB),,,,
Far,08/27/2015 4:30 PM,,,,,,,,,,,,,,,,,7.46,,,,,,,,,NAMUR LAKE,NAMUR LAKE,4,---,---,2731,FIELD,15SWE05478,15SWE05670,,08/27/2015 3:46 PM,Centre,DISCRETE SAMPLE (GRAB),,,,
Far,08/27/2015 4:30 PM,,,,,,,,,,,,,,,,,7.43,,,,,,,,,NAMUR LAKE,NAMUR LAKE,5,---,---,2731,FIELD,15SWE05478,15SWE05672,,08/27/2015 3:50 PM,Centre,DISCRETE SAMPLE (GRAB),,,,
Far,08/27/2015 4:30 PM,,,,,,,,,,,,,,,,,7.41,,,,,,,,,NAMUR LAKE,NAMUR LAKE,6,---,---,2731,FIELD,15SWE05478,15SWE05674,,08/27/2015 3:54 PM,Centre,DISCRETE SAMPLE (GRAB),,,,
Far,08/27/2015 4:30 PM,,,,,,,,,,,,,,,,,7.4,,,,,,,,,NAMUR LAKE,NAMUR LAKE,7,---,---,2731,FIELD,15SWE05478,15SWE05676,,08/27/2015 3:58 PM,Centre,DISCRETE SAMPLE (GRAB),,,,
Far,08/27/2015 4:30 PM,,,,,,,,,,,,,,,,,7.39,,,,,,,,,NAMUR LAKE,NAMUR LAKE,8,---,---,2731,FIELD,15SWE05478,15SWE05678,,08/27/2015 4:02 PM,Centre,DISCRETE SAMPLE (GRAB),,,,
Far,08/27/2015 4:30 PM,,,,,,,,,,,,,,,,,7.38,,,,,,,,,NAMUR LAKE,NAMUR LAKE,9,---,---,2731,FIELD,15SWE05478,15SWE05680,,08/27/2015 4:06 PM,Centre,DISCRETE SAMPLE (GRAB),,,,
Far,08/23/2016 10:30 AM,,,,,,,,,,,,,,,,,7.58,,,,,,,,,NAMUR LAKE,NAMUR LAKE,6,---,---,2731,FIELD,16SWE08202,16SWE08333,,08/23/2016 9:43 AM,Centre,DISCRETE SAMPLE (GRAB),,,,
Far,08/23/2016 10:30 AM,,,,,,,,,,,,,,,,,7.78,,,,,,,,,NAMUR LAKE,NAMUR LAKE,4,---,---,2731,FIELD,16SWE08202,16SWE08331,,08/23/2016 9:38 AM,Centre,DISCRETE SAMPLE (GRAB),,,,
Far,08/23/2016 10:30 AM,,,,,,,,,,,,,,,,,7.82,,,,,,,,,NAMUR LAKE,NAMUR LAKE,2,---,---,2731,FIELD,16SWE08202,16SWE08329,,08/23/2016 9:35 AM,Centre,DISCRETE SAMPLE (GRAB),,,,
Far,08/23/2016 10:30 AM,,,,,,,,,,,,,,,,,7.78,,,,,,,,,NAMUR LAKE,NAMUR LAKE,0.1,---,---,2731,FIELD,16SWE08202,16SWE08327,,08/23/2016 9:31 AM,Centre,DISCRETE SAMPLE (GRAB),,,,
Far,08/23/2016 10:30 AM,,,,,,,,,,,,,,,,,7.8,,,,,,,,,NAMUR LAKE,NAMUR LAKE,1,---,---,2731,FIELD,16SWE08202,16SWE08328,,08/23/2016 9:32 AM,Centre,DISCRETE SAMPLE (GRAB),,,,
Far,08/23/2016 10:30 AM,,,,,,,,,,,,,,,,,7.81,,,,,,,,,NAMUR LAKE,NAMUR LAKE,3,---,---,2731,FIELD,16SWE08202,16SWE08330,,08/23/2016 9:36 AM,Centre,DISCRETE SAMPLE (GRAB),,,,
Far,08/23/2016 10:30 AM,,,,,,,,,,,,,,,,,7.78,,,,,,,,,NAMUR LAKE,NAMUR LAKE,5,---,---,2731,FIELD,16SWE08202,16SWE08332,,08/23/2016 9:40 AM,Centre,DISCRETE SAMPLE (GRAB),,,,
Far,08/23/2017 8:29 AM,,,,,,,,,,,,,,,,,6.55,,,,,,,,,NAMUR LAKE,NAMUR LAKE,20,---,---,2731,FIELD,17SWE12722,17SWE12919,,08/23/2017 7:55 AM,Centre,DISCRETE SAMPLE (GRAB),,,,
Far,08/23/2017 8:29 AM,,,,,,,,,,,,,,,,,6.65,,,,,,,,,NAMUR LAKE,NAMUR LAKE,18,---,---,2731,FIELD,17SWE12722,17SWE12917,,08/23/2017 7:50 AM,Centre,DISCRETE SAMPLE (GRAB),,,,
Far,08/23/2017 8:29 AM,,,,,,,,,,,,,,,,,6.74,,,,,,,,,NAMUR LAKE,NAMUR LAKE,16,---,---,2731,FIELD,17SWE12722,17SWE12915,,08/23/2017 7:48 AM,Centre,DISCRETE SAMPLE (GRAB),,,,
Far,08/23/2017 8:29 AM,,,,,,,,,,,,,,,,,6.9,,,,,,,,,NAMUR LAKE,NAMUR LAKE,14,---,---,2731,FIELD,17SWE12722,17SWE12913,,08/23/2017 7:45 AM,Centre,DISCRETE SAMPLE (GRAB),,,,
Far,08/23/2017 8:29 AM,,,,,,,,,,,,,,,,,7.26,,,,,,,,,NAMUR LAKE,NAMUR LAKE,12,---,---,2731,FIELD,17SWE12722,17SWE12911,,08/23/2017 7:42 AM,Centre,DISCRETE SAMPLE (GRAB),,,,
Far,08/23/2017 8:29 AM,,,,,,,,,,,,,,,,,7.38,,,,,,,,,NAMUR LAKE,NAMUR LAKE,10,---,---,2731,FIELD,17SWE12722,17SWE12909,,08/23/2017 7:40 AM,Centre,DISCRETE SAMPLE (GRAB),,,,
Far,08/23/2017 8:29 AM,,,,,,,,,,,,,,,,,7.46,,,,,,,,,NAMUR LAKE,NAMUR LAKE,8,---,---,2731,FIELD,17SWE12722,17SWE12907,,08/23/2017 7:39 AM,Centre,DISCRETE SAMPLE (GRAB),,,,
Far,08/23/2017 8:29 AM,,,,,,,,,,,,,,,,,7.47,,,,,,,,,NAMUR LAKE,NAMUR LAKE,6,---,---,2731,FIELD,17SWE12722,17SWE12905,,08/23/2017 7:36 AM,Centre,DISCRETE SAMPLE (GRAB),,,,
Far,08/23/2017 8:29 AM,,,,,,,,,,,,,,,,,7.46,,,,,,,,,NAMUR LAKE,NAMUR LAKE,4,---,---,2731,FIELD,17SWE12722,17SWE12903,,08/23/2017 7:35 AM,Centre,DISCRETE SAMPLE (GRAB),,,,
Far,08/23/2017 8:29 AM,,,,,,,,,,,,,,,,,7.43,,,,,,,,,NAMUR LAKE,NAMUR LAKE,2,---,---,2731,FIELD,17SWE12722,17SWE12901,,08/23/2017 7:32 AM,Centre,DISCRETE SAMPLE (GRAB),,,,
Far,08/23/2017 8:29 AM,,,,,,,,,,,,,,,,,7.54,,,,,,,,,NAMUR LAKE,NAMUR LAKE,0.1,---,---,2731,FIELD,17SWE12722,17SWE12899,,08/23/2017 7:29 AM,Centre,DISCRETE SAMPLE (GRAB),,,,
Far,08/23/2017 8:29 AM,,,,,,,,,,,,,,,,,7.47,,,,,,,,,NAMUR LAKE,NAMUR LAKE,1,---,---,2731,FIELD,17SWE12722,17SWE12900,,08/23/2017 7:31 AM,Centre,DISCRETE SAMPLE (GRAB),,,,
Far,08/23/2017 8:29 AM,,,,,,,,,,,,,,,,,7.44,,,,,,,,,NAMUR LAKE,NAMUR LAKE,3,---,---,2731,FIELD,17SWE12722,17SWE12902,,08/23/2017 7:33 AM,Centre,DISCRETE SAMPLE (GRAB),,,,
Far,08/23/2017 8:29 AM,,,,,,,,,,,,,,,,,7.43,,,,,,,,,NAMUR LAKE,NAMUR LAKE,5,---,---,2731,FIELD,17SWE12722,17SWE12904,,08/23/2017 7:36 AM,Centre,DISCRETE SAMPLE (GRAB),,,,
Far,08/23/2017 8:29 AM,,,,,,,,,,,,,,,,,7.42,,,,,,,,,NAMUR LAKE,NAMUR LAKE,7,---,---,2731,FIELD,17SWE12722,17SWE12906,,08/23/2017 7:37 AM,Centre,DISCRETE SAMPLE (GRAB),,,,
Far,08/23/2017 8:29 AM,,,,,,,,,,,,,,,,,7.4,,,,,,,,,NAMUR LAKE,NAMUR LAKE,9,---,---,2731,FIELD,17SWE12722,17SWE12908,,08/23/2017 7:39 AM,Centre,DISCRETE SAMPLE (GRAB),,,,
Far,08/23/2017 8:29 AM,,,,,,,,,,,,,,,,,7.33,,,,,,,,,NAMUR LAKE,NAMUR LAKE,11,---,---,2731,FIELD,17SWE12722,17SWE12910,,08/23/2017 7:41 AM,Centre,DISCRETE SAMPLE (GRAB),,,,
Far,08/23/2017 8:29 AM,,,,,,,,,,,,,,,,,7.06,,,,,,,,,NAMUR LAKE,NAMUR LAKE,13,---,---,2731,FIELD,17SWE12722,17SWE12912,,08/23/2017 7:43 AM,Centre,DISCRETE SAMPLE (GRAB),,,,
Far,08/23/2017 8:29 AM,,,,,,,,,,,,,,,,,6.81,,,,,,,,,NAMUR LAKE,NAMUR LAKE,15,---,---,2731,FIELD,17SWE12722,17SWE12914,,08/23/2017 7:46 AM,Centre,DISCRETE SAMPLE (GRAB),,,,
Far,08/23/2017 8:29 AM,,,,,,,,,,,,,,,,,6.69,,,,,,,,,NAMUR LAKE,NAMUR LAKE,17,---,---,2731,FIELD,17SWE12722,17SWE12916,,08/23/2017 7:49 AM,Centre,DISCRETE SAMPLE (GRAB),,,,
Far,08/23/2017 8:29 AM,,,,,,,,,,,,,,,,,6.61,,,,,,,,,NAMUR LAKE,NAMUR LAKE,19,---,---,2731,FIELD,17SWE12722,17SWE12918,,08/23/2017 7:54 AM,Centre,DISCRETE SAMPLE (GRAB),,,,
Far,09/16/2020 8:00 AM,,,,,,,,,,,,,,,,,7.05,,,,,,,,,NAMUR LAKE,NAMUR LAKE,12,---,---,2731,FIELD,20SWE10884,20SWE10903,,09/16/2020 7:00 AM,Centre,DISCRETE SAMPLE (GRAB),,,,
Far,09/16/2020 8:00 AM,,,,,,,,,,,,,,,,,7.05,,,,,,,,,NAMUR LAKE,NAMUR LAKE,11,---,---,2731,FIELD,20SWE10884,20SWE10902,,09/16/2020 7:00 AM,Centre,DISCRETE SAMPLE (GRAB),,,,
Far,09/16/2020 8:00 AM,,,,,,,,,,,,,,,,,7.04,,,,,,,,,NAMUR LAKE,NAMUR LAKE,10,---,---,2731,FIELD,20SWE10884,20SWE10901,,09/16/2020 7:00 AM,Centre,DISCRETE SAMPLE (GRAB),,,,
Far,09/16/2020 8:00 AM,,,,,,,,,,,,,,,,,7.04,,,,,,,,,NAMUR LAKE,NAMUR LAKE,9,---,---,2731,FIELD,20SWE10884,20SWE10900,,09/16/2020 7:00 AM,Centre,DISCRETE SAMPLE (GRAB),,,,
Far,09/16/2020 8:00 AM,,,,,,,,,,,,,,,,,7.05,,,,,,,,,NAMUR LAKE,NAMUR LAKE,8,---,---,2731,FIELD,20SWE10884,20SWE10899,,09/16/2020 7:00 AM,Centre,DISCRETE SAMPLE (GRAB),,,,
Far,09/16/2020 8:00 AM,,,,,,,,,,,,,,,,,7.05,,,,,,,,,NAMUR LAKE,NAMUR LAKE,7,---,---,2731,FIELD,20SWE10884,20SWE10898,,09/16/2020 7:00 AM,Centre,DISCRETE SAMPLE (GRAB),,,,
Far,09/16/2020 8:00 AM,,,,,,,,,,,,,,,,,7.06,,,,,,,,,NAMUR LAKE,NAMUR LAKE,6,---,---,2731,FIELD,20SWE10884,20SWE10897,,09/16/2020 7:00 AM,Centre,DISCRETE SAMPLE (GRAB),,,,
Far,09/16/2020 8:00 AM,,,,,,,,,,,,,,,,,7.02,,,,,,,,,NAMUR LAKE,NAMUR LAKE,5,---,---,2731,FIELD,20SWE10884,20SWE10896,,09/16/2020 7:00 AM,Centre,DISCRETE SAMPLE (GRAB),,,,
Far,09/16/2020 8:00 AM,,,,,,,,,,,,,,,,,7.05,,,,,,,,,NAMUR LAKE,NAMUR LAKE,4.5,---,---,2731,FIELD,20SWE10884,20SWE10895,,09/16/2020 7:00 AM,Centre,DISCRETE SAMPLE (GRAB),,,,
Far,09/16/2020 8:00 AM,,,,,,,,,,,,,,,,,7.06,,,,,,,,,NAMUR LAKE,NAMUR LAKE,4,---,---,2731,FIELD,20SWE10884,20SWE10894,,09/16/2020 7:00 AM,Centre,DISCRETE SAMPLE (GRAB),,,,
Far,09/16/2020 8:00 AM,,,,,,,,,,,,,,,,,7.07,,,,,,,,,NAMUR LAKE,NAMUR LAKE,3.5,---,---,2731,FIELD,20SWE10884,20SWE10893,,09/16/2020 7:00 AM,Centre,DISCRETE SAMPLE (GRAB),,,,
Far,09/16/2020 8:00 AM,,,,,,,,,,,,,,,,,7.08,,,,,,,,,NAMUR LAKE,NAMUR LAKE,3,---,---,2731,FIELD,20SWE10884,20SWE10892,,09/16/2020 7:00 AM,Centre,DISCRETE SAMPLE (GRAB),,,,
Far,09/16/2020 8:00 AM,,,,,,,,,,,,,,,,,7.08,,,,,,,,,NAMUR LAKE,NAMUR LAKE,2.5,---,---,2731,FIELD,20SWE10884,20SWE10891,,09/16/2020 7:00 AM,Centre,DISCRETE SAMPLE (GRAB),,,,
Far,09/16/2020 8:00 AM,,,,,,,,,,,,,,,,,7.11,,,,,,,,,NAMUR LAKE,NAMUR LAKE,2,---,---,2731,FIELD,20SWE10884,20SWE10890,,09/16/2020 7:00 AM,Centre,DISCRETE SAMPLE (GRAB),,,,
Far,09/16/2020 8:00 AM,,,,,,,,,,,,,,,,,7.15,,,,,,,,,NAMUR LAKE,NAMUR LAKE,1.5,---,---,2731,FIELD,20SWE10884,20SWE10889,,09/16/2020 7:00 AM,Centre,DISCRETE SAMPLE (GRAB),,,,
Far,09/16/2020 8:00 AM,,,,,,,,,,,,,,,,,7.19,,,,,,,,,NAMUR LAKE,NAMUR LAKE,1,---,---,2731,FIELD,20SWE10884,20SWE10888,,09/16/2020 7:00 AM,Centre,DISCRETE SAMPLE (GRAB),,,,
Far,09/16/2020 8:00 AM,,,,,,,,,,,,,,,,,7.21,,,,,,,,,NAMUR LAKE,NAMUR LAKE,0.5,---,---,2731,FIELD,20SWE10884,20SWE10887,,09/16/2020 7:00 AM,Centre,DISCRETE SAMPLE (GRAB),,,,
Far,09/16/2020 8:00 AM,,,,,,,,,,,,,,,,,7.25,,,,,,,,,NAMUR LAKE,NAMUR LAKE,0.1,---,---,2731,FIELD,20SWE10884,20SWE10886,,09/16/2020 7:00 AM,Centre,DISCRETE SAMPLE (GRAB),,,,
Far,09/16/2020 8:00 AM,,,,,,,,,,,,,,,,,,,,,,,,,,NAMUR LAKE,NAMUR LAKE,,---,---,2731,FIELD,20SWE10884,20SWE10885,,09/16/2020 7:00 AM,Centre,SINGLE EUPHOTIC COMPOSITE,,,,
Far,08/19/2021 3:15 PM,,,,,,,,,,,,,,,,,7.59,,,,,,,,,NAMUR LAKE,NAMUR LAKE,0.1,---,---,2731,FIELD,21SWE04629,21SWE04629-02,08/19/2021 2:15 PM,Profile,EUPHOTIC COMPOSITE,,,,,
Far,08/19/2021 3:15 PM,,,,,,,,,,,,,,,,,7.58,,,,,,,,,NAMUR LAKE,NAMUR LAKE,0.5,---,---,2731,FIELD,21SWE04629,21SWE04629-03,08/19/2021 2:15 PM,Profile,EUPHOTIC COMPOSITE,,,,,
Far,08/19/2021 3:15 PM,,,,,,,,,,,,,,,,,7.59,,,,,,,,,NAMUR LAKE,NAMUR LAKE,1,---,---,2731,FIELD,21SWE04629,21SWE04629-04,08/19/2021 2:15 PM,Profile,EUPHOTIC COMPOSITE,,,,,
Far,08/19/2021 3:15 PM,,,,,,,,,,,,,,,,,7.6,,,,,,,,,NAMUR LAKE,NAMUR LAKE,1.5,---,---,2731,FIELD,21SWE04629,21SWE04629-05,08/19/2021 2:15 PM,Profile,EUPHOTIC COMPOSITE,,,,,
Far,08/19/2021 3:15 PM,,,,,,,,,,,,,,,,,7.61,,,,,,,,,NAMUR LAKE,NAMUR LAKE,2,---,---,2731,FIELD,21SWE04629,21SWE04629-06,08/19/2021 2:15 PM,Profile,EUPHOTIC COMPOSITE,,,,,
Far,08/19/2021 3:15 PM,,,,,,,,,,,,,,,,,7.61,,,,,,,,,NAMUR LAKE,NAMUR LAKE,2.5,---,---,2731,FIELD,21SWE04629,21SWE04629-07,08/19/2021 2:15 PM,Profile,EUPHOTIC COMPOSITE,,,,,
Far,08/19/2021 3:15 PM,,,,,,,,,,,,,,,,,7.6,,,,,,,,,NAMUR LAKE,NAMUR LAKE,3,---,---,2731,FIELD,21SWE04629,21SWE04629-08,08/19/2021 2:15 PM,Profile,EUPHOTIC COMPOSITE,,,,,
Far,08/19/2021 3:15 PM,,,,,,,,,,,,,,,,,7.6,,,,,,,,,NAMUR LAKE,NAMUR LAKE,3.5,---,---,2731,FIELD,21SWE04629,21SWE04629-09,08/19/2021 2:15 PM,Profile,EUPHOTIC COMPOSITE,,,,,
Far,08/19/2021 3:15 PM,,,,,,,,,,,,,,,,,7.59,,,,,,,,,NAMUR LAKE,NAMUR LAKE,4,---,---,2731,FIELD,21SWE04629,21SWE04629-10,08/19/2021 2:15 PM,Profile,EUPHOTIC COMPOSITE,,,,,
Far,08/19/2021 3:15 PM,,,,,,,,,,,,,,,,,7.58,,,,,,,,,NAMUR LAKE,NAMUR LAKE,4.5,---,---,2731,FIELD,21SWE04629,21SWE04629-11,08/19/2021 2:15 PM,Profile,EUPHOTIC COMPOSITE,,,,,
Far,08/19/2021 3:15 PM,,,,,,,,,,,,,,,,,7.58,,,,,,,,,NAMUR LAKE,NAMUR LAKE,5,---,---,2731,FIELD,21SWE04629,21SWE04629-12,08/19/2021 2:15 PM,Profile,EUPHOTIC COMPOSITE,,,,,
Far,08/19/2021 3:15 PM,,,,,,,,,,,,,,,,,7.59,,,,,,,,,NAMUR LAKE,NAMUR LAKE,5.5,---,---,2731,FIELD,21SWE04629,21SWE04629-13,08/19/2021 2:15 PM,Profile,EUPHOTIC COMPOSITE,,,,,
Far,08/19/2021 3:15 PM,,,,,,,,,,,,,,,,,7.58,,,,,,,,,NAMUR LAKE,NAMUR LAKE,6,---,---,2731,FIELD,21SWE04629,21SWE04629-14,08/19/2021 2:15 PM,Profile,EUPHOTIC COMPOSITE,,,,,
Far,08/19/2021 3:15 PM,,,,,,,,,,,,,,,,,7.54,,,,,,,,,NAMUR LAKE,NAMUR LAKE,6.5,---,---,2731,FIELD,21SWE04629,21SWE04629-15,08/19/2021 2:15 PM,Profile,EUPHOTIC COMPOSITE,,,,,
Far,08/19/2021 3:15 PM,,,,,,,,,,,,,,,,,7.42,,,,,,,,,NAMUR LAKE,NAMUR LAKE,7,---,---,2731,FIELD,21SWE04629,21SWE04629-16,08/19/2021 2:15 PM,Profile,EUPHOTIC COMPOSITE,,,,,
Far,08/19/2021 3:15 PM,,,,,,,,,,,,,,,,,7.4,,,,,,,,,NAMUR LAKE,NAMUR LAKE,8,---,---,2731,FIELD,21SWE04629,21SWE04629-17,08/19/2021 2:15 PM,Profile,EUPHOTIC COMPOSITE,,,,,
Far,08/19/2021 3:15 PM,,,,,,,,,,,,,,,,,7.38,,,,,,,,,NAMUR LAKE,NAMUR LAKE,9,---,---,2731,FIELD,21SWE04629,21SWE04629-18,08/19/2021 2:15 PM,Profile,EUPHOTIC COMPOSITE,,,,,
Far,08/19/2021 3:15 PM,,,,,,,,,,,,,,,,,7.39,,,,,,,,,NAMUR LAKE,NAMUR LAKE,10,---,---,2731,FIELD,21SWE04629,21SWE04629-19,08/19/2021 2:15 PM,Profile,EUPHOTIC COMPOSITE,,,,,
Far,08/19/2021 3:15 PM,,,,,,,,,,,,,,,,,7.22,,,,,,,,,NAMUR LAKE,NAMUR LAKE,11,---,---,2731,FIELD,21SWE04629,21SWE04629-20,08/19/2021 2:15 PM,Profile,EUPHOTIC COMPOSITE,,,,,
Far,08/19/2021 3:15 PM,,,,,,,,,,,,,,,,,7.14,,,,,,,,,NAMUR LAKE,NAMUR LAKE,12,---,---,2731,FIELD,21SWE04629,21SWE04629-21,08/19/2021 2:15 PM,Profile,EUPHOTIC COMPOSITE,,,,,
Far,08/19/2021 3:15 PM,,,,,,,,,,,,,,,,,6.9,,,,,,,,,NAMUR LAKE,NAMUR LAKE,13,---,---,2731,FIELD,21SWE04629,21SWE04629-22,08/19/2021 2:15 PM,Profile,EUPHOTIC COMPOSITE,,,,,
Far,08/19/2021 3:15 PM,,,,,,,,,,,,,,,,,,,,,,,,,,NAMUR LAKE,NAMUR LAKE,,---,---,2731,FIELD,21SWE04629,21SWE04629-01,08/19/2021 2:15 PM,Centre,EUPHOTIC COMPOSITE,,,,,
Far,08/19/2021 3:15 PM,,,,,,,,,,,,,,,,,7.59,,,,,,,,,NAMUR LAKE,NAMUR LAKE,0.1,---,---,2731,FIELD,21SWE04629,21SWE04629-02,08/19/2021 2:15 PM,Centre,EUPHOTIC COMPOSITE,,,,,
Far,08/19/2021 3:15 PM,,,,,,,,,,,,,,,,,7.58,,,,,,,,,NAMUR LAKE,NAMUR LAKE,0.5,---,---,2731,FIELD,21SWE04629,21SWE04629-03,08/19/2021 2:15 PM,Centre,EUPHOTIC COMPOSITE,,,,,
Far,08/19/2021 3:15 PM,,,,,,,,,,,,,,,,,7.59,,,,,,,,,NAMUR LAKE,NAMUR LAKE,1,---,---,2731,FIELD,21SWE04629,21SWE04629-04,08/19/2021 2:15 PM,Centre,EUPHOTIC COMPOSITE,,,,,
Far,08/19/2021 3:15 PM,,,,,,,,,,,,,,,,,7.6,,,,,,,,,NAMUR LAKE,NAMUR LAKE,1.5,---,---,2731,FIELD,21SWE04629,21SWE04629-05,08/19/2021 2:15 PM,Centre,EUPHOTIC COMPOSITE,,,,,
Far,08/19/2021 3:15 PM,,,,,,,,,,,,,,,,,7.61,,,,,,,,,NAMUR LAKE,NAMUR LAKE,2,---,---,2731,FIELD,21SWE04629,21SWE04629-06,08/19/2021 2:15 PM,Centre,EUPHOTIC COMPOSITE,,,,,
Far,08/19/2021 3:15 PM,,,,,,,,,,,,,,,,,7.61,,,,,,,,,NAMUR LAKE,NAMUR LAKE,2.5,---,---,2731,FIELD,21SWE04629,21SWE04629-07,08/19/2021 2:15 PM,Centre,EUPHOTIC COMPOSITE,,,,,
Far,08/19/2021 3:15 PM,,,,,,,,,,,,,,,,,7.6,,,,,,,,,NAMUR LAKE,NAMUR LAKE,3,---,---,2731,FIELD,21SWE04629,21SWE04629-08,08/19/2021 2:15 PM,Centre,EUPHOTIC COMPOSITE,,,,,
Far,08/19/2021 3:15 PM,,,,,,,,,,,,,,,,,7.6,,,,,,,,,NAMUR LAKE,NAMUR LAKE,3.5,---,---,2731,FIELD,21SWE04629,21SWE04629-09,08/19/2021 2:15 PM,Centre,EUPHOTIC COMPOSITE,,,,,
Far,08/19/2021 3:15 PM,,,,,,,,,,,,,,,,,7.59,,,,,,,,,NAMUR LAKE,NAMUR LAKE,4,---,---,2731,FIELD,21SWE04629,21SWE04629-10,08/19/2021 2:15 PM,Centre,EUPHOTIC COMPOSITE,,,,,
Far,08/19/2021 3:15 PM,,,,,,,,,,,,,,,,,7.58,,,,,,,,,NAMUR LAKE,NAMUR LAKE,4.5,---,---,2731,FIELD,21SWE04629,21SWE04629-11,08/19/2021 2:15 PM,Centre,EUPHOTIC COMPOSITE,,,,,
Far,08/19/2021 3:15 PM,,,,,,,,,,,,,,,,,7.58,,,,,,,,,NAMUR LAKE,NAMUR LAKE,5,---,---,2731,FIELD,21SWE04629,21SWE04629-12,08/19/2021 2:15 PM,Centre,EUPHOTIC COMPOSITE,,,,,
Far,08/19/2021 3:15 PM,,,,,,,,,,,,,,,,,7.59,,,,,,,,,NAMUR LAKE,NAMUR LAKE,5.5,---,---,2731,FIELD,21SWE04629,21SWE04629-13,08/19/2021 2:15 PM,Centre,EUPHOTIC COMPOSITE,,,,,
Far,08/19/2021 3:15 PM,,,,,,,,,,,,,,,,,7.58,,,,,,,,,NAMUR LAKE,NAMUR LAKE,6,---,---,2731,FIELD,21SWE04629,21SWE04629-14,08/19/2021 2:15 PM,Centre,EUPHOTIC COMPOSITE,,,,,
Far,08/19/2021 3:15 PM,,,,,,,,,,,,,,,,,7.54,,,,,,,,,NAMUR LAKE,NAMUR LAKE,6.5,---,---,2731,FIELD,21SWE04629,21SWE04629-15,08/19/2021 2:15 PM,Centre,EUPHOTIC COMPOSITE,,,,,
Far,08/19/2021 3:15 PM,,,,,,,,,,,,,,,,,7.42,,,,,,,,,NAMUR LAKE,NAMUR LAKE,7,---,---,2731,FIELD,21SWE04629,21SWE04629-16,08/19/2021 2:15 PM,Centre,EUPHOTIC COMPOSITE,,,,,
Far,08/19/2021 3:15 PM,,,,,,,,,,,,,,,,,7.4,,,,,,,,,NAMUR LAKE,NAMUR LAKE,8,---,---,2731,FIELD,21SWE04629,21SWE04629-17,08/19/2021 2:15 PM,Centre,EUPHOTIC COMPOSITE,,,,,
Far,08/19/2021 3:15 PM,,,,,,,,,,,,,,,,,7.38,,,,,,,,,NAMUR LAKE,NAMUR LAKE,9,---,---,2731,FIELD,21SWE04629,21SWE04629-18,08/19/2021 2:15 PM,Centre,EUPHOTIC COMPOSITE,,,,,
Far,08/19/2021 3:15 PM,,,,,,,,,,,,,,,,,7.39,,,,,,,,,NAMUR LAKE,NAMUR LAKE,10,---,---,2731,FIELD,21SWE04629,21SWE04629-19,08/19/2021 2:15 PM,Centre,EUPHOTIC COMPOSITE,,,,,
Far,08/19/2021 3:15 PM,,,,,,,,,,,,,,,,,7.22,,,,,,,,,NAMUR LAKE,NAMUR LAKE,11,---,---,2731,FIELD,21SWE04629,21SWE04629-20,08/19/2021 2:15 PM,Centre,EUPHOTIC COMPOSITE,,,,,
Far,08/19/2021 3:15 PM,,,,,,,,,,,,,,,,,7.14,,,,,,,,,NAMUR LAKE,NAMUR LAKE,12,---,---,2731,FIELD,21SWE04629,21SWE04629-21,08/19/2021 2:15 PM,Centre,EUPHOTIC COMPOSITE,,,,,
Far,08/19/2021 3:15 PM,,,,,,,,,,,,,,,,,6.9,,,,,,,,,NAMUR LAKE,NAMUR LAKE,13,---,---,2731,FIELD,21SWE04629,21SWE04629-22,08/19/2021 2:15 PM,Centre,EUPHOTIC COMPOSITE,,,,,
Far,09/14/2022 8:50 AM,,,,,,,,,,,,,,,,,,,,,,,,,,NAMUR LAKE,NAMUR LAKE,,---,---,2731,FIELD,22SWE04613,22SWE04613-01,09/14/2022 7:50 AM,Centre,SINGLE EUPHOTIC COMPOSITE,09/14/2022 8:50 AM,,,,
Far,09/14/2022 8:50 AM,,,,,,,,,,,,,,,,,7.47,,,,,,,,,NAMUR LAKE,NAMUR LAKE,0.1,---,---,2731,FIELD,22SWE04613,22SWE04613-02,09/14/2022 7:50 AM,Centre,DISCRETE SAMPLE (GRAB),,,,,
Far,09/14/2022 8:50 AM,,,,,,,,,,,,,,,,,7.48,,,,,,,,,NAMUR LAKE,NAMUR LAKE,0.5,---,---,2731,FIELD,22SWE04613,22SWE04613-03,09/14/2022 7:50 AM,Centre,DISCRETE SAMPLE (GRAB),,,,,
Far,09/14/2022 8:50 AM,,,,,,,,,,,,,,,,,7.48,,,,,,,,,NAMUR LAKE,NAMUR LAKE,1,---,---,2731,FIELD,22SWE04613,22SWE04613-04,09/14/2022 7:50 AM,Centre,DISCRETE SAMPLE (GRAB),,,,,
Far,09/14/2022 8:50 AM,,,,,,,,,,,,,,,,,7.46,,,,,,,,,NAMUR LAKE,NAMUR LAKE,1.5,---,---,2731,FIELD,22SWE04613,22SWE04613-05,09/14/2022 7:50 AM,Centre,DISCRETE SAMPLE (GRAB),,,,,
Far,09/14/2022 8:50 AM,,,,,,,,,,,,,,,,,7.46,,,,,,,,,NAMUR LAKE,NAMUR LAKE,2,---,---,2731,FIELD,22SWE04613,22SWE04613-06,09/14/2022 7:50 AM,Centre,DISCRETE SAMPLE (GRAB),,,,,
Far,09/14/2022 8:50 AM,,,,,,,,,,,,,,,,,7.47,,,,,,,,,NAMUR LAKE,NAMUR LAKE,2.5,---,---,2731,FIELD,22SWE04613,22SWE04613-07,09/14/2022 7:50 AM,Centre,DISCRETE SAMPLE (GRAB),,,,,
Far,09/14/2022 8:50 AM,,,,,,,,,,,,,,,,,7.48,,,,,,,,,NAMUR LAKE,NAMUR LAKE,3,---,---,2731,FIELD,22SWE04613,22SWE04613-08,09/14/2022 7:50 AM,Centre,DISCRETE SAMPLE (GRAB),,,,,
Far,09/14/2022 8:50 AM,,,,,,,,,,,,,,,,,7.48,,,,,,,,,NAMUR LAKE,NAMUR LAKE,3.5,---,---,2731,FIELD,22SWE04613,22SWE04613-09,09/14/2022 7:50 AM,Centre,DISCRETE SAMPLE (GRAB),,,,,
Far,09/14/2022 8:50 AM,,,,,,,,,,,,,,,,,7.47,,,,,,,,,NAMUR LAKE,NAMUR LAKE,4,---,---,2731,FIELD,22SWE04613,22SWE04613-10,09/14/2022 7:50 AM,Centre,DISCRETE SAMPLE (GRAB),,,,,
Far,09/14/2022 8:50 AM,,,,,,,,,,,,,,,,,7.47,,,,,,,,,NAMUR LAKE,NAMUR LAKE,4.5,---,---,2731,FIELD,22SWE04613,22SWE04613-11,09/14/2022 7:50 AM,Centre,DISCRETE SAMPLE (GRAB),,,,,
Far,09/14/2022 8:50 AM,,,,,,,,,,,,,,,,,7.48,,,,,,,,,NAMUR LAKE,NAMUR LAKE,5,---,---,2731,FIELD,22SWE04613,22SWE04613-12,09/14/2022 7:50 AM,Centre,DISCRETE SAMPLE (GRAB),,,,,
Far,09/14/2022 8:50 AM,,,,,,,,,,,,,,,,,7.47,,,,,,,,,NAMUR LAKE,NAMUR LAKE,5.5,---,---,2731,FIELD,22SWE04613,22SWE04613-13,09/14/2022 7:50 AM,Centre,DISCRETE SAMPLE (GRAB),,,,,
Far,09/14/2022 8:50 AM,,,,,,,,,,,,,,,,,7.42,,,,,,,,,NAMUR LAKE,NAMUR LAKE,6,---,---,2731,FIELD,22SWE04613,22SWE04613-14,09/14/2022 7:50 AM,Centre,DISCRETE SAMPLE (GRAB),,,,,
Far,09/14/2022 8:50 AM,,,,,,,,,,,,,,,,,7.39,,,,,,,,,NAMUR LAKE,NAMUR LAKE,6.5,---,---,2731,FIELD,22SWE04613,22SWE04613-15,09/14/2022 7:50 AM,Centre,DISCRETE SAMPLE (GRAB),,,,,
Far,09/14/2022 8:50 AM,,,,,,,,,,,,,,,,,7.36,,,,,,,,,NAMUR LAKE,NAMUR LAKE,7,---,---,2731,FIELD,22SWE04613,22SWE04613-16,09/14/2022 7:50 AM,Centre,DISCRETE SAMPLE (GRAB),,,,,
Far,09/14/2022 8:50 AM,,,,,,,,,,,,,,,,,7.33,,,,,,,,,NAMUR LAKE,NAMUR LAKE,7.5,---,---,2731,FIELD,22SWE04613,22SWE04613-17,09/14/2022 7:50 AM,Centre,DISCRETE SAMPLE (GRAB),,,,,
Far,09/14/2022 8:50 AM,,,,,,,,,,,,,,,,,7.31,,,,,,,,,NAMUR LAKE,NAMUR LAKE,8,---,---,2731,FIELD,22SWE04613,22SWE04613-18,09/14/2022 7:50 AM,Centre,DISCRETE SAMPLE (GRAB),,,,,
Far,09/14/2022 8:50 AM,,,,,,,,,,,,,,,,,7.29,,,,,,,,,NAMUR LAKE,NAMUR LAKE,8.5,---,---,2731,FIELD,22SWE04613,22SWE04613-19,09/14/2022 7:50 AM,Centre,DISCRETE SAMPLE (GRAB),,,,,
Far,09/14/2022 8:50 AM,,,,,,,,,,,,,,,,,7.27,,,,,,,,,NAMUR LAKE,NAMUR LAKE,9,---,---,2731,FIELD,22SWE04613,22SWE04613-20,09/14/2022 7:50 AM,Centre,DISCRETE SAMPLE (GRAB),,,,,
Far,09/14/2022 8:50 AM,,,,,,,,,,,,,,,,,7.26,,,,,,,,,NAMUR LAKE,NAMUR LAKE,9.5,---,---,2731,FIELD,22SWE04613,22SWE04613-21,09/14/2022 7:50 AM,Centre,DISCRETE SAMPLE (GRAB),,,,,
Far,09/14/2022 8:50 AM,,,,,,,,,,,,,,,,,7.26,,,,,,,,,NAMUR LAKE,NAMUR LAKE,10,---,---,2731,FIELD,22SWE04613,22SWE04613-22,09/14/2022 7:50 AM,Centre,DISCRETE SAMPLE (GRAB),,,,,
Far,09/14/2022 8:50 AM,,,,,,,,,,,,,,,,,7.24,,,,,,,,,NAMUR LAKE,NAMUR LAKE,11,---,---,2731,FIELD,22SWE04613,22SWE04613-23,09/14/2022 7:50 AM,Centre,DISCRETE SAMPLE (GRAB),,,,,
Far,09/14/2022 8:50 AM,,,,,,,,,,,,,,,,,7.21,,,,,,,,,NAMUR LAKE,NAMUR LAKE,12,---,---,2731,FIELD,22SWE04613,22SWE04613-24,09/14/2022 7:50 AM,Centre,DISCRETE SAMPLE (GRAB),,,,,
Far,09/14/2022 8:50 AM,,,,,,,,,,,,,,,,,7.2,,,,,,,,,NAMUR LAKE,NAMUR LAKE,13,---,---,2731,FIELD,22SWE04613,22SWE04613-25,09/14/2022 7:50 AM,Centre,DISCRETE SAMPLE (GRAB),,,,,
Far,09/14/2022 8:50 AM,,,,,,,,,,,,,,,,,7.16,,,,,,,,,NAMUR LAKE,NAMUR LAKE,14,---,---,2731,FIELD,22SWE04613,22SWE04613-26,09/14/2022 7:50 AM,Centre,DISCRETE SAMPLE (GRAB),,,,,
Far,09/14/2022 8:50 AM,,,,,,,,,,,,,,,,,7.14,,,,,,,,,NAMUR LAKE,NAMUR LAKE,15,---,---,2731,FIELD,22SWE04613,22SWE04613-27,09/14/2022 7:50 AM,Centre,DISCRETE SAMPLE (GRAB),,,,,
Far,09/14/2022 8:50 AM,,,,,,,,,,,,,,,,,7.09,,,,,,,,,NAMUR LAKE,NAMUR LAKE,16,---,---,2731,FIELD,22SWE04613,22SWE04613-28,09/14/2022 7:50 AM,Centre,DISCRETE SAMPLE (GRAB),,,,,
Far,09/14/2022 8:50 AM,,,,,,,,,,,,,,,,,6.88,,,,,,,,,NAMUR LAKE,NAMUR LAKE,17,---,---,2731,FIELD,22SWE04613,22SWE04613-29,09/14/2022 7:50 AM,Centre,DISCRETE SAMPLE (GRAB),,,,,
Far,09/14/2022 8:50 AM,,,,,,,,,,,,,,,,,6.53,,,,,,,,,NAMUR LAKE,NAMUR LAKE,18,---,---,2731,FIELD,22SWE04613,22SWE04613-30,09/14/2022 7:50 AM,Centre,DISCRETE SAMPLE (GRAB),,,,,
Far,08/10/1999 10:25 AM,,,,,,,,,,,,,,,,,,0.02,,,,,,,,NAMUR LAKE,NAMUR LAKE,,---,mg/l,3627,UNIVERSITY OF ALBERTA - BIOGEOCHEMICAL ANALYTICAL SERVICE LABORATORY,99SWE06000,99SWE06000,0.001,08/10/1999 9:25 AM,Centre,EUPHOTIC COMPOSITE,,,,
Far,08/31/2000 9:20 AM,,,,,,,,,,,,,,,,,,0.021,,,,,,,,NAMUR LAKE,NAMUR LAKE,,---,mg/l,3627,UNIVERSITY OF ALBERTA - BIOGEOCHEMICAL ANALYTICAL SERVICE LABORATORY,00SWE04000,00SWE04000,0.001,08/31/2000 8:20 AM,Centre,EUPHOTIC COMPOSITE,,,,
Far,09/13/2001 10:45 AM,,,,,,,,,,,,,,,,,,0.017,,,,,,,,NAMUR LAKE,NAMUR LAKE,,---,mg/l,3627,UNIVERSITY OF ALBERTA - BIOGEOCHEMICAL ANALYTICAL SERVICE LABORATORY,01SWE03691,01SWE03122,0.001,09/13/2001 11:00 AM,Centre,SINGLE EUPHOTIC COMPOSITE,,,,
Far,10/01/2002 12:00 PM,,,,,,,,,,,,,,,,,,0.03,,,,,,,,NAMUR LAKE,NAMUR LAKE,,---,mg/l,3627,UNIVERSITY OF ALBERTA - BIOGEOCHEMICAL ANALYTICAL SERVICE LABORATORY,02SWE03130,02SWE03130,0.001,10/01/2002 11:00 AM,Centre,SINGLE EUPHOTIC COMPOSITE,,,,
Far,08/28/2003 8:55 AM,,,,,,,,,,,,,,,,,,0.018,,,,,,,,NAMUR LAKE,NAMUR LAKE,,---,mg/l,3627,UNIVERSITY OF ALBERTA - BIOGEOCHEMICAL ANALYTICAL SERVICE LABORATORY,03SWE01770,03SWE01770,0.001,08/28/2003 7:55 AM,Centre,SINGLE EUPHOTIC COMPOSITE,,,,
Far,08/29/2004 8:45 AM,,,,,,,,,,,,,,,,,,0.017,,,,,,,,NAMUR LAKE,NAMUR LAKE,,---,mg/l,3627,UNIVERSITY OF ALBERTA - BIOGEOCHEMICAL ANALYTICAL SERVICE LABORATORY,04SWE03018,04SWE02271,0.001,08/29/2004 7:45 AM,Centre,SINGLE EUPHOTIC COMPOSITE,,,,
Far,08/27/2005 9:58 AM,,,,,,,,,,,,,,,,,,0.016,,,,,,,,NAMUR LAKE,NAMUR LAKE,,---,mg/l,3627,UNIVERSITY OF ALBERTA - BIOGEOCHEMICAL ANALYTICAL SERVICE LABORATORY,05SWE02657,05SWE02658,0.001,08/27/2005 8:58 AM,Centre,SINGLE EUPHOTIC COMPOSITE,,,,
Far,08/21/2006 12:10 PM,,,,,,,,,,,,,,,,,,0.024,,,,,,,,NAMUR LAKE,NAMUR LAKE,,---,mg/l,3627,UNIVERSITY OF ALBERTA - BIOGEOCHEMICAL ANALYTICAL SERVICE LABORATORY,06SWE03292,06SWE01886,0.001,08/21/2006 11:10 AM,Centre,SINGLE EUPHOTIC COMPOSITE,,,,
Far,08/21/2007 9:40 AM,,,,,,,,,,,,,,,,,,0.016,,,,,,,,NAMUR LAKE,NAMUR LAKE,,---,mg/l,3627,UNIVERSITY OF ALBERTA - BIOGEOCHEMICAL ANALYTICAL SERVICE LABORATORY,07SWE02684,07SWE02684,0.001,08/21/2007 8:40 AM,Centre,SINGLE EUPHOTIC COMPOSITE,,,,
Far,08/27/2008 10:05 AM,,,,,,,,,,,,,,,,,,0.012,,,,,,,,NAMUR LAKE,NAMUR LAKE,,---,mg/l,3627,UNIVERSITY OF ALBERTA - BIOGEOCHEMICAL ANALYTICAL SERVICE LABORATORY,08SWE03930,08SWE02145,0.001,08/27/2008 9:05 AM,Centre,SINGLE EUPHOTIC COMPOSITE,,,,
Far,08/19/2009 10:30 AM,,,,,,,,,,,,,,,,,,0.013,,,,,,,,NAMUR LAKE,NAMUR LAKE,,---,mg/l,3627,UNIVERSITY OF ALBERTA - BIOGEOCHEMICAL ANALYTICAL SERVICE LABORATORY,09SWE00827,09SWE00737,0.001,08/19/2009 9:30 AM,Centre,SINGLE EUPHOTIC COMPOSITE,,,,
Far,09/03/2010 9:30 AM,,,,,,,,,,,,,,,,,,0.014,,,,,,,,NAMUR LAKE,NAMUR LAKE,,---,mg/l,3627,UNIVERSITY OF ALBERTA - BIOGEOCHEMICAL ANALYTICAL SERVICE LABORATORY,10SWE01484,10SWE01485,0.001,09/03/2010 8:30 AM,Centre,SINGLE EUPHOTIC COMPOSITE,,,,
Far,08/30/2011 10:30 AM,,,,,,,,,,,,,,,,,,0.01,,,,,,,,NAMUR LAKE,NAMUR LAKE,,---,mg/l,3627,UNIVERSITY OF ALBERTA - BIOGEOCHEMICAL ANALYTICAL SERVICE LABORATORY,11SWE06596,11SWE06597,0.001,08/30/2011 9:30 AM,Centre,SINGLE EUPHOTIC COMPOSITE,,,,
Far,08/30/2012 9:00 AM,,,,,,,,,,,,,,,,,,0.012,,,,,,,,NAMUR LAKE,NAMUR LAKE,,---,mg/l,3627,UNIVERSITY OF ALBERTA - BIOGEOCHEMICAL ANALYTICAL SERVICE LABORATORY,12SWE02310,12SWE02311,0.002,08/30/2012 8:00 AM,Centre,SINGLE EUPHOTIC COMPOSITE,,,,
Far,08/26/2013 12:45 PM,,,,,,,,,,,,,,,,,,0.014,,,,,,,,NAMUR LAKE,NAMUR LAKE,,---,mg/l,3627,UNIVERSITY OF ALBERTA - BIOGEOCHEMICAL ANALYTICAL SERVICE LABORATORY,13SWE02199,13SWE02200,0.002,08/26/2013 11:45 AM,Centre,SINGLE EUPHOTIC COMPOSITE,,,,
Far,08/19/2014 2:30 PM,,,,,,,,,,,,,,,,,,0.014,,,,,,,,NAMUR LAKE,NAMUR LAKE,,---,mg/l,3627,UNIVERSITY OF ALBERTA - BIOGEOCHEMICAL ANALYTICAL SERVICE LABORATORY,14SWE02262,14SWE02263,0.001,08/19/2014 1:30 PM,Centre,SINGLE EUPHOTIC COMPOSITE,,,,
Far,08/27/2015 4:30 PM,,,,,,,,,,,,,,,,,,0.012,,,,,,,,NAMUR LAKE,NAMUR LAKE,,---,mg/l,3627,UNIVERSITY OF ALBERTA - BIOGEOCHEMICAL ANALYTICAL SERVICE LABORATORY,15SWE05478,15SWE05479,0.001,08/27/2015 3:30 PM,Centre,SINGLE EUPHOTIC COMPOSITE,,,,
Far,08/23/2016 10:30 AM,,,,,,,,,,,,,,,,,,0.011,,,,,,,,NAMUR LAKE,NAMUR LAKE,,---,mg/l,3627,UNIVERSITY OF ALBERTA - BIOGEOCHEMICAL ANALYTICAL SERVICE LABORATORY,16SWE08202,16SWE08203,0.001,08/23/2016 9:30 AM,Centre,SINGLE EUPHOTIC COMPOSITE,,,,
Far,08/23/2017 8:29 AM,,,,,,,,,,,,,,,,,,0.014,,,,,,,,NAMUR LAKE,NAMUR LAKE,,---,mg/l,3627,UNIVERSITY OF ALBERTA - BIOGEOCHEMICAL ANALYTICAL SERVICE LABORATORY,17SWE12722,17SWE12723,0.001,08/23/2017 7:30 AM,Centre,SINGLE EUPHOTIC COMPOSITE,,,,
Far,05/26/2014 12:00 PM,,,,,,,,,,,,,,,,,,0.0188,,,,,,,,NAMUR LAKE,NAMUR LAKE,,---,mg/l,567,"ALS (FORMERLY ENVIRO-TEST) LABORATORIES, EDMONTON, ALBERTA",106650,,0.001,05/26/2014 11:00 AM,---,,,,,
Far,07/10/2014 12:00 PM,,,,,,,,,,,,,,,,,,0.0103,,,,,,,,NAMUR LAKE,NAMUR LAKE,---,mg/l,567,"ALS (FORMERLY ENVIRO-TEST) LABORATORIES, EDMONTON, ALBERTA",107509,,0.001,07/10/2014 11:00 AM,---,,,,,,
Far,09/06/2014 12:00 PM,,,,,,,,,,,,,,,,,,0.0214,,,,,,,,NAMUR LAKE,NAMUR LAKE,---,mg/l,567,"ALS (FORMERLY ENVIRO-TEST) LABORATORIES, EDMONTON, ALBERTA",107506,,0.001,09/06/2014 11:00 AM,---,,,,,,
Far,03/03/2015 12:00 PM,,,,,,,,,,,,,,,,,,0.021,,,,,,,,NAMUR LAKE,NAMUR LAKE,---,mg/l,567,"ALS (FORMERLY ENVIRO-TEST) LABORATORIES, EDMONTON, ALBERTA",107512,,0.001,03/03/2015 12:00 PM,---,,,,,,
Far,03/15/2016 12:00 PM,,,,,,,,,,,,,,,,,,0.016,,,,,,,,NAMUR LAKE,NAMUR LAKE,---,mg/l,443,"MAXXAM (CHEMEX) LABS ALBERTA INC., CALGARY, ALBERTA.",112645,,0.003,03/15/2016 11:00 AM,---,,,,,,
Far,07/19/2016 12:00 PM,,,,,,,,,,,,,,,,,,0.011,,,,,,,,NAMUR LAKE,NAMUR LAKE,---,mg/l,443,"MAXXAM (CHEMEX) LABS ALBERTA INC., CALGARY, ALBERTA.",112441,,0.003,07/19/2016 11:00 AM,---,,,,,,
Far,09/20/2016 12:00 PM,,,,,,,,,,,,,,,,,,0.019,,,,,,,,NAMUR LAKE,NAMUR LAKE,---,mg/l,443,"MAXXAM (CHEMEX) LABS ALBERTA INC., CALGARY, ALBERTA.",112243,,0.003,09/20/2016 11:00 AM,---,,,,,,
Far,03/14/2017 12:00 PM,,,,,,,,,,,,,,,,,,0.028,,,,,,,,NAMUR LAKE,NAMUR LAKE,---,mg/l,443,"MAXXAM (CHEMEX) LABS ALBERTA INC., CALGARY, ALBERTA.",111676,,0.003,03/14/2017 11:00 AM,---,,,,,,
Far,09/16/2020 8:00 AM,,,,,,,,,,,,,,,,,,0.011,,,,,,,,NAMUR LAKE,NAMUR LAKE,---,mg/l,443,"MAXXAM (CHEMEX) LABS ALBERTA INC., CALGARY, ALBERTA.",20SWE10884,20SWE10885,0.003,09/16/2020 7:00 AM,Centre,SINGLE EUPHOTIC COMPOSITE,09/16/2020 8:00 AM,,,,
Far,08/19/2021 3:15 PM,,,,,,,,,,,,,,,,,,0.012,,,,,,,,NAMUR LAKE,NAMUR LAKE,,---,mg/l,443,"MAXXAM (CHEMEX) LABS ALBERTA INC., CALGARY, ALBERTA.",21SWE04629,21SWE04629-01,0.003,08/19/2021 2:15 PM,Centre,EUPHOTIC COMPOSITE,,,,
Far,09/14/2022 8:50 AM,,,,,,,,,,,,,,,,,,0.012,,,,,,,,NAMUR LAKE,NAMUR LAKE,,---,mg/l,443,"MAXXAM (CHEMEX) LABS ALBERTA INC., CALGARY, ALBERTA.",22SWE04613,22SWE04613-01,0.003,09/14/2022 7:50 AM,Centre,SINGLE EUPHOTIC COMPOSITE,,,,
Far,08/10/1999 10:25 AM,,,,,,,,,,,,,,,,,,,0.008,,,,,,,NAMUR LAKE,NAMUR LAKE,,---,mg/l,3626,UNIVERSITY OF ALBERTA - BIOGEOCHEMICAL ANALYTICAL SERVICE LABORATORY,99SWE06000,99SWE06000,0.001,08/10/1999 9:25 AM,Centre,EUPHOTIC COMPOSITE,,,,
Far,08/31/2000 9:20 AM,,,,,,,,,,,,,,,,,,,0.01,,,,,,,NAMUR LAKE,NAMUR LAKE,,---,mg/l,3626,UNIVERSITY OF ALBERTA - BIOGEOCHEMICAL ANALYTICAL SERVICE LABORATORY,00SWE04000,00SWE04000,0.001,08/31/2000 8:20 AM,Centre,EUPHOTIC COMPOSITE,,,,
Far,09/13/2001 10:45 AM,,,,,,,,,,,,,,,,,,,0.011,,,,,,,NAMUR LAKE,NAMUR LAKE,,---,mg/l,3626,UNIVERSITY OF ALBERTA - BIOGEOCHEMICAL ANALYTICAL SERVICE LABORATORY,01SWE03691,01SWE03122,0.001,09/13/2001 11:00 AM,Centre,SINGLE EUPHOTIC COMPOSITE,,,,
Far,10/01/2002 12:00 PM,,,,,,,,,,,,,,,,,,,0.012,,,,,,,NAMUR LAKE,NAMUR LAKE,,---,mg/l,3626,UNIVERSITY OF ALBERTA - BIOGEOCHEMICAL ANALYTICAL SERVICE LABORATORY,02SWE03130,02SWE03130,0.001,10/01/2002 11:00 AM,Centre,SINGLE EUPHOTIC COMPOSITE,,,,
Far,08/28/2003 8:55 AM,,,,,,,,,,,,,,,,,,,0.008,,,,,,,NAMUR LAKE,NAMUR LAKE,,---,mg/l,3626,UNIVERSITY OF ALBERTA - BIOGEOCHEMICAL ANALYTICAL SERVICE LABORATORY,03SWE01770,03SWE01770,0.001,08/28/2003 7:55 AM,Centre,SINGLE EUPHOTIC COMPOSITE,,,,
Far,08/29/2004 8:45 AM,,,,,,,,,,,,,,,,,,,0.008,,,,,,,NAMUR LAKE,NAMUR LAKE,,---,mg/l,3626,UNIVERSITY OF ALBERTA - BIOGEOCHEMICAL ANALYTICAL SERVICE LABORATORY,04SWE03018,04SWE02271,0.001,08/29/2004 7:45 AM,Centre,SINGLE EUPHOTIC COMPOSITE,,,,
Far,08/27/2005 9:58 AM,,,,,,,,,,,,,,,,,,,0.011,,,,,,,NAMUR LAKE,NAMUR LAKE,,---,mg/l,3626,UNIVERSITY OF ALBERTA - BIOGEOCHEMICAL ANALYTICAL SERVICE LABORATORY,05SWE02657,05SWE02658,0.001,08/27/2005 8:58 AM,Centre,SINGLE EUPHOTIC COMPOSITE,,,,
Far,08/21/2006 12:10 PM,,,,,,,,,,,,,,,,,,,0.006,,,,,,,NAMUR LAKE,NAMUR LAKE,,---,mg/l,3626,UNIVERSITY OF ALBERTA - BIOGEOCHEMICAL ANALYTICAL SERVICE LABORATORY,06SWE03292,06SWE01886,0.001,08/21/2006 11:10 AM,Centre,SINGLE EUPHOTIC COMPOSITE,,,,
Far,08/21/2007 9:40 AM,,,,,,,,,,,,,,,,,,,0.004,,,,,,,NAMUR LAKE,NAMUR LAKE,,---,mg/l,3626,UNIVERSITY OF ALBERTA - BIOGEOCHEMICAL ANALYTICAL SERVICE LABORATORY,07SWE02684,07SWE02684,0.001,08/21/2007 8:40 AM,Centre,SINGLE EUPHOTIC COMPOSITE,,,,
Far,08/27/2008 10:05 AM,,,,,,,,,,,,,,,,,,,0.004,,,,,,,NAMUR LAKE,NAMUR LAKE,,---,mg/l,3626,UNIVERSITY OF ALBERTA - BIOGEOCHEMICAL ANALYTICAL SERVICE LABORATORY,08SWE03930,08SWE02145,0.001,08/27/2008 9:05 AM,Centre,SINGLE EUPHOTIC COMPOSITE,,,,
Far,08/19/2009 10:30 AM,,,,,,,,,,,,,,,,,,,0.004,,,,,,,NAMUR LAKE,NAMUR LAKE,,---,mg/l,3626,UNIVERSITY OF ALBERTA - BIOGEOCHEMICAL ANALYTICAL SERVICE LABORATORY,09SWE00827,09SWE00737,0.001,08/19/2009 9:30 AM,Centre,SINGLE EUPHOTIC COMPOSITE,,,,
Far,09/03/2010 9:30 AM,,,,,,,,,,,,,,,,,,,0.006,,,,,,,NAMUR LAKE,NAMUR LAKE,,---,mg/l,3626,UNIVERSITY OF ALBERTA - BIOGEOCHEMICAL ANALYTICAL SERVICE LABORATORY,10SWE01484,10SWE01485,0.001,09/03/2010 8:30 AM,Centre,SINGLE EUPHOTIC COMPOSITE,,,,
Far,08/30/2011 10:30 AM,,,,,,,,,,,,,,,,,,,0.006,,,,,,,NAMUR LAKE,NAMUR LAKE,,---,mg/l,3626,UNIVERSITY OF ALBERTA - BIOGEOCHEMICAL ANALYTICAL SERVICE LABORATORY,11SWE06596,11SWE06597,0.001,08/30/2011 9:30 AM,Centre,SINGLE EUPHOTIC COMPOSITE,,,,
Far,08/30/2012 9:00 AM,,,,,,,,,,,,,,,,,,,0.004,,,,,,,NAMUR LAKE,NAMUR LAKE,,---,mg/l,3626,UNIVERSITY OF ALBERTA - BIOGEOCHEMICAL ANALYTICAL SERVICE LABORATORY,12SWE02310,12SWE02311,0.004,08/30/2012 8:00 AM,Centre,SINGLE EUPHOTIC COMPOSITE,,,,
Far,08/26/2013 12:45 PM,,,,,,,,,,,,,,,,,,,0.006,,,,,,,NAMUR LAKE,NAMUR LAKE,,---,mg/l,3626,UNIVERSITY OF ALBERTA - BIOGEOCHEMICAL ANALYTICAL SERVICE LABORATORY,13SWE02199,13SWE02200,0.004,08/26/2013 11:45 AM,Centre,SINGLE EUPHOTIC COMPOSITE,,,,
Far,08/19/2014 2:30 PM,,,,,,,,,,,,,,,,,,,0.007,,,,,,,NAMUR LAKE,NAMUR LAKE,,---,mg/l,3626,UNIVERSITY OF ALBERTA - BIOGEOCHEMICAL ANALYTICAL SERVICE LABORATORY,14SWE02262,14SWE02263,0.002,08/19/2014 1:30 PM,Centre,SINGLE EUPHOTIC COMPOSITE,,,,
Far,08/27/2015 4:30 PM,,,,,,,,,,,,,,,,,,,0.005,,,,,,,NAMUR LAKE,NAMUR LAKE,,---,mg/l,3626,UNIVERSITY OF ALBERTA - BIOGEOCHEMICAL ANALYTICAL SERVICE LABORATORY,15SWE05478,15SWE05479,0.002,08/27/2015 3:30 PM,Centre,SINGLE EUPHOTIC COMPOSITE,,,,
Far,08/23/2016 10:30 AM,,,,,,,,,,,,,,,,,,,0.006,,,,,,,NAMUR LAKE,NAMUR LAKE,,---,mg/l,3626,UNIVERSITY OF ALBERTA - BIOGEOCHEMICAL ANALYTICAL SERVICE LABORATORY,16SWE08202,16SWE08203,0.002,08/23/2016 9:30 AM,Centre,SINGLE EUPHOTIC COMPOSITE,,,,
Far,08/23/2017 8:29 AM,,,,,,,,,,,,,,,,,,,0.009,,,,,,,NAMUR LAKE,NAMUR LAKE,,---,mg/l,3626,UNIVERSITY OF ALBERTA - BIOGEOCHEMICAL ANALYTICAL SERVICE LABORATORY,17SWE12722,17SWE12723,0.002,08/23/2017 7:30 AM,Centre,SINGLE EUPHOTIC COMPOSITE,,,,
Far,05/26/2014 12:00 PM,,,,,,,,,,,,,,,,,,,0.0096,,,,,,,NAMUR LAKE,NAMUR LAKE,,---,mg/l,567,"ALS (FORMERLY ENVIRO-TEST) LABORATORIES, EDMONTON, ALBERTA",106650,,0.001,05/26/2014 11:00 AM,---,,,,,
Far,07/10/2014 12:00 PM,,,,,,,,,,,,,,,,,,,0.0065,,,,,,,NAMUR LAKE,NAMUR LAKE,---,mg/l,567,"ALS (FORMERLY ENVIRO-TEST) LABORATORIES, EDMONTON, ALBERTA",107509,,0.001,07/10/2014 11:00 AM,---,,,,,,
Far,09/06/2014 12:00 PM,,,,,,,,,,,,,,,,,,,0.0345,,,,,,,NAMUR LAKE,NAMUR LAKE,---,mg/l,567,"ALS (FORMERLY ENVIRO-TEST) LABORATORIES, EDMONTON, ALBERTA",107506,,0.001,09/06/2014 11:00 AM,---,,,,,,
Far,03/03/2015 12:00 PM,,,,,,,,,,,,,,,,,,,0.0213,,,,,,,NAMUR LAKE,NAMUR LAKE,---,mg/l,567,"ALS (FORMERLY ENVIRO-TEST) LABORATORIES, EDMONTON, ALBERTA",107512,,0.001,03/03/2015 12:00 PM,---,,,,,,
Far,03/15/2016 12:00 PM,,,,,,,,,,,,,,,,,,,0.01,,,,,,,NAMUR LAKE,NAMUR LAKE,---,mg/l,443,"MAXXAM (CHEMEX) LABS ALBERTA INC., CALGARY, ALBERTA.",112645,,0.003,03/15/2016 11:00 AM,---,,,,,,
Far,07/19/2016 12:00 PM,,,,,,,,,,,,,,,,,,,0.005,,,,,,,NAMUR LAKE,NAMUR LAKE,---,mg/l,443,"MAXXAM (CHEMEX) LABS ALBERTA INC., CALGARY, ALBERTA.",112441,,0.003,07/19/2016 11:00 AM,---,,,,,,
Far,09/20/2016 12:00 PM,,,,,,,,,,,,,,,,,,,0.011,,,,,,,NAMUR LAKE,NAMUR LAKE,---,mg/l,443,"MAXXAM (CHEMEX) LABS ALBERTA INC., CALGARY, ALBERTA.",112243,,0.003,09/20/2016 11:00 AM,---,,,,,,
Far,03/14/2017 12:00 PM,,,,,,,,,,,,,,,,,,,0.014,,,,,,,NAMUR LAKE,NAMUR LAKE,---,mg/l,443,"MAXXAM (CHEMEX) LABS ALBERTA INC., CALGARY, ALBERTA.",111676,,0.003,03/14/2017 11:00 AM,---,,,,,,
Far,09/16/2020 8:00 AM,,,,,,,,,,,,,,,,,,,0.005,,,,,,,NAMUR LAKE,NAMUR LAKE,---,mg/l,443,"MAXXAM (CHEMEX) LABS ALBERTA INC., CALGARY, ALBERTA.",20SWE10884,20SWE10885,0.003,09/16/2020 7:00 AM,Centre,SINGLE EUPHOTIC COMPOSITE,09/16/2020 8:00 AM,,,,
Far,08/19/2021 3:15 PM,,,,,,,,,,,,,,,,,,,0.003,,,,,,,NAMUR LAKE,NAMUR LAKE,,<,mg/l,443,"MAXXAM (CHEMEX) LABS ALBERTA INC., CALGARY, ALBERTA.",21SWE04629,21SWE04629-01,0.003,08/19/2021 2:15 PM,Centre,EUPHOTIC COMPOSITE,,,,
Far,09/14/2022 8:50 AM,,,,,,,,,,,,,,,,,,,0.0072,,,,,,,NAMUR LAKE,NAMUR LAKE,,---,mg/l,443,"MAXXAM (CHEMEX) LABS ALBERTA INC., CALGARY, ALBERTA.",22SWE04613,22SWE04613-01,0.003,09/14/2022 7:50 AM,Centre,SINGLE EUPHOTIC COMPOSITE,,,,
Far,08/10/1999 10:25 AM,,,,,,,,,,,,,,,,,,,,0.5,,,,,,NAMUR LAKE,NAMUR LAKE,,---,NTU,47,UNIVERSITY OF ALBERTA - BIOGEOCHEMICAL ANALYTICAL SERVICE LABORATORY,99SWE06000,99SWE06000,,08/10/1999 9:25 AM,Centre,EUPHOTIC COMPOSITE,,,,
Far,08/31/2000 9:20 AM,,,,,,,,,,,,,,,,,,,,0.8,,,,,,NAMUR LAKE,NAMUR LAKE,,---,NTU,47,UNIVERSITY OF ALBERTA - BIOGEOCHEMICAL ANALYTICAL SERVICE LABORATORY,00SWE04000,00SWE04000,,08/31/2000 8:20 AM,Centre,EUPHOTIC COMPOSITE,,,,
Far,09/13/2001 10:45 AM,,,,,,,,,,,,,,,,,,,,0.68,,,,,,NAMUR LAKE,NAMUR LAKE,,---,NTU,47,UNIVERSITY OF ALBERTA - BIOGEOCHEMICAL ANALYTICAL SERVICE LABORATORY,01SWE03691,01SWE03122,,09/13/2001 11:00 AM,Centre,SINGLE EUPHOTIC COMPOSITE,,,,
Far,10/01/2002 12:00 PM,,,,,,,,,,,,,,,,,,,,0.87,,,,,,NAMUR LAKE,NAMUR LAKE,,---,NTU,47,UNIVERSITY OF ALBERTA - BIOGEOCHEMICAL ANALYTICAL SERVICE LABORATORY,02SWE03130,02SWE03130,,10/01/2002 11:00 AM,Centre,SINGLE EUPHOTIC COMPOSITE,,,,
Far,08/28/2003 8:55 AM,,,,,,,,,,,,,,,,,,,,0.65,,,,,,NAMUR LAKE,NAMUR LAKE,,---,NTU,47,UNIVERSITY OF ALBERTA - BIOGEOCHEMICAL ANALYTICAL SERVICE LABORATORY,03SWE01770,03SWE01770,,08/28/2003 7:55 AM,Centre,SINGLE EUPHOTIC COMPOSITE,,,,
Far,08/27/2005 9:58 AM,,,,,,,,,,,,,,,,,,,,0.51,,,,,,NAMUR LAKE,NAMUR LAKE,,---,NTU,47,UNIVERSITY OF ALBERTA - BIOGEOCHEMICAL ANALYTICAL SERVICE LABORATORY,05SWE02657,05SWE02658,,08/27/2005 8:58 AM,Centre,SINGLE EUPHOTIC COMPOSITE,,,,
Far,08/21/2007 9:40 AM,,,,,,,,,,,,,,,,,,,,0.51,,,,,,NAMUR LAKE,NAMUR LAKE,,---,NTU,47,UNIVERSITY OF ALBERTA - BIOGEOCHEMICAL ANALYTICAL SERVICE LABORATORY,07SWE02684,07SWE02684,,08/21/2007 8:40 AM,Centre,SINGLE EUPHOTIC COMPOSITE,,,,
Far,08/27/2008 10:05 AM,,,,,,,,,,,,,,,,,,,,0.32,,,,,,NAMUR LAKE,NAMUR LAKE,,---,NTU,47,UNIVERSITY OF ALBERTA - BIOGEOCHEMICAL ANALYTICAL SERVICE LABORATORY,08SWE03930,08SWE02145,,08/27/2008 9:05 AM,Centre,SINGLE EUPHOTIC COMPOSITE,,,,
Far,08/19/2009 10:30 AM,,,,,,,,,,,,,,,,,,,,0.48,,,,,,NAMUR LAKE,NAMUR LAKE,,---,NTU,47,UNIVERSITY OF ALBERTA - BIOGEOCHEMICAL ANALYTICAL SERVICE LABORATORY,09SWE00827,09SWE00737,,08/19/2009 9:30 AM,Centre,SINGLE EUPHOTIC COMPOSITE,,,,
Far,08/30/2011 10:30 AM,,,,,,,,,,,,,,,,,,,,0.69,,,,,,NAMUR LAKE,NAMUR LAKE,,---,NTU,47,UNIVERSITY OF ALBERTA - BIOGEOCHEMICAL ANALYTICAL SERVICE LABORATORY,11SWE06596,11SWE06597,,08/30/2011 9:30 AM,Centre,SINGLE EUPHOTIC COMPOSITE,,,,
Far,08/30/2012 9:00 AM,,,,,,,,,,,,,,,,,,,,0.64,,,,,,NAMUR LAKE,NAMUR LAKE,,---,NTU,47,UNIVERSITY OF ALBERTA - BIOGEOCHEMICAL ANALYTICAL SERVICE LABORATORY,12SWE02310,12SWE02311,,08/30/2012 8:00 AM,Centre,SINGLE EUPHOTIC COMPOSITE,,,,
Far,08/26/2013 12:45 PM,,,,,,,,,,,,,,,,,,,,1.53,,,,,,NAMUR LAKE,NAMUR LAKE,,---,NTU,47,UNIVERSITY OF ALBERTA - BIOGEOCHEMICAL ANALYTICAL SERVICE LABORATORY,13SWE02199,13SWE02200,,08/26/2013 11:45 AM,Centre,SINGLE EUPHOTIC COMPOSITE,,,,
Far,08/19/2014 2:30 PM,,,,,,,,,,,,,,,,,,,,0.71,,,,,,NAMUR LAKE,NAMUR LAKE,,---,NTU,47,UNIVERSITY OF ALBERTA - BIOGEOCHEMICAL ANALYTICAL SERVICE LABORATORY,14SWE02262,14SWE02263,,08/19/2014 1:30 PM,Centre,SINGLE EUPHOTIC COMPOSITE,,,,
Far,08/27/2015 4:30 PM,,,,,,,,,,,,,,,,,,,,0.58,,,,,,NAMUR LAKE,NAMUR LAKE,,---,NTU,47,UNIVERSITY OF ALBERTA - BIOGEOCHEMICAL ANALYTICAL SERVICE LABORATORY,15SWE05478,15SWE05479,,08/27/2015 3:30 PM,Centre,SINGLE EUPHOTIC COMPOSITE,,,,
Far,08/23/2016 10:30 AM,,,,,,,,,,,,,,,,,,,,0.88,,,,,,NAMUR LAKE,NAMUR LAKE,,---,NTU,47,UNIVERSITY OF ALBERTA - BIOGEOCHEMICAL ANALYTICAL SERVICE LABORATORY,16SWE08202,16SWE08203,,08/23/2016 9:30 AM,Centre,SINGLE EUPHOTIC COMPOSITE,,,,
Far,08/23/2017 8:29 AM,,,,,,,,,,,,,,,,,,,,0.315,,,,,,NAMUR LAKE,NAMUR LAKE,,---,NTU,47,UNIVERSITY OF ALBERTA - BIOGEOCHEMICAL ANALYTICAL SERVICE LABORATORY,17SWE12722,17SWE12723,,08/23/2017 7:30 AM,Centre,SINGLE EUPHOTIC COMPOSITE,,,,
Far,03/15/2016 12:00 PM,,,,,,,,,,,,,,,,,,,,0.39,,,,,,NAMUR LAKE,NAMUR LAKE,,---,NTU,409,"MAXXAM (CHEMEX) LABS ALBERTA INC., CALGARY, ALBERTA.",112645,,0.1,03/15/2016 11:00 AM,---,,,,,
Far,07/19/2016 12:00 PM,,,,,,,,,,,,,,,,,,,,0.4,,,,,,NAMUR LAKE,NAMUR LAKE,---,NTU,409,"MAXXAM (CHEMEX) LABS ALBERTA INC., CALGARY, ALBERTA.",112441,,0.1,07/19/2016 11:00 AM,---,,,,,,
Far,09/20/2016 12:00 PM,,,,,,,,,,,,,,,,,,,,1.3,,,,,,NAMUR LAKE,NAMUR LAKE,---,NTU,409,"MAXXAM (CHEMEX) LABS ALBERTA INC., CALGARY, ALBERTA.",112243,,0.1,09/20/2016 11:00 AM,---,,,,,,
Far,03/14/2017 12:00 PM,,,,,,,,,,,,,,,,,,,,0.93,,,,,,NAMUR LAKE,NAMUR LAKE,---,NTU,409,"MAXXAM (CHEMEX) LABS ALBERTA INC., CALGARY, ALBERTA.",111676,,0.1,03/14/2017 11:00 AM,---,,,,,,
Far,09/16/2020 8:00 AM,,,,,,,,,,,,,,,,,,,,0.44,,,,,,NAMUR LAKE,NAMUR LAKE,---,NTU,409,"MAXXAM (CHEMEX) LABS ALBERTA INC., CALGARY, ALBERTA.",20SWE10884,20SWE10885,0.1,09/16/2020 7:00 AM,Centre,SINGLE EUPHOTIC COMPOSITE,09/16/2020 8:00 AM,,,,
Far,08/19/2021 3:15 PM,,,,,,,,,,,,,,,,,,,,0.71,,,,,,NAMUR LAKE,NAMUR LAKE,,---,NTU,409,"MAXXAM (CHEMEX) LABS ALBERTA INC., CALGARY, ALBERTA.",21SWE04629,21SWE04629-01,0.1,08/19/2021 2:15 PM,Centre,EUPHOTIC COMPOSITE,,,,
Far,09/14/2022 8:50 AM,,,,,,,,,,,,,,,,,,,,0.67,,,,,,NAMUR LAKE,NAMUR LAKE,,---,NTU,409,"MAXXAM (CHEMEX) LABS ALBERTA INC., CALGARY, ALBERTA.",22SWE04613,22SWE04613-01,0.1,09/14/2022 7:50 AM,Centre,SINGLE EUPHOTIC COMPOSITE,,,,
Far,09/13/2001 10:45 AM,,,,,,,,,,,,,,,,,,,,,0.2,,,,,NAMUR LAKE,NAMUR LAKE,,---,µg/l,2845,AITF-EAS (ENVIRONMENTAL ANALYTICAL SERVICES),01SWE03691,01SWE03122,,09/13/2001 11:00 AM,Centre,SINGLE EUPHOTIC COMPOSITE,,,,
Far,08/28/2003 8:55 AM,,,,,,,,,,,,,,,,,,,,,0.1,,,,,NAMUR LAKE,NAMUR LAKE,,---,µg/l,2845,AITF-EAS (ENVIRONMENTAL ANALYTICAL SERVICES),03SWE01770,03SWE01770,,08/28/2003 7:55 AM,Centre,SINGLE EUPHOTIC COMPOSITE,,,,
Far,08/29/2004 8:45 AM,,,,,,,,,,,,,,,,,,,,,0.05,,,,,NAMUR LAKE,NAMUR LAKE,,---,µg/l,1847,AITF-EAS (ENVIRONMENTAL ANALYTICAL SERVICES),04SWE03018,04SWE02271,,08/29/2004 7:45 AM,Centre,SINGLE EUPHOTIC COMPOSITE,,,,
Far,08/27/2005 9:58 AM,,,,,,,,,,,,,,,,,,,,,0.071,,,,,NAMUR LAKE,NAMUR LAKE,,---,µg/l,1847,AITF-EAS (ENVIRONMENTAL ANALYTICAL SERVICES),05SWE02657,05SWE02658,,08/27/2005 8:58 AM,Centre,SINGLE EUPHOTIC COMPOSITE,,,,
Far,08/21/2006 12:10 PM,,,,,,,,,,,,,,,,,,,,,0.0915,,,,,NAMUR LAKE,NAMUR LAKE,,---,µg/l,1847,AITF-EAS (ENVIRONMENTAL ANALYTICAL SERVICES),06SWE03292,06SWE01886,,08/21/2006 11:10 AM,Centre,SINGLE EUPHOTIC COMPOSITE,,,,
Far,08/21/2007 9:40 AM,,,,,,,,,,,,,,,,,,,,,0.0897,,,,,NAMUR LAKE,NAMUR LAKE,,---,µg/l,1847,AITF-EAS (ENVIRONMENTAL ANALYTICAL SERVICES),07SWE02684,07SWE02684,,08/21/2007 8:40 AM,Centre,SINGLE EUPHOTIC COMPOSITE,,,,
Far,08/27/2008 10:05 AM,,,,,,,,,,,,,,,,,,,,,0.0607,,,,,NAMUR LAKE,NAMUR LAKE,,---,µg/l,1847,AITF-EAS (ENVIRONMENTAL ANALYTICAL SERVICES),08SWE03930,08SWE02145,,08/27/2008 9:05 AM,Centre,SINGLE EUPHOTIC COMPOSITE,,,,
Far,08/19/2009 10:30 AM,,,,,,,,,,,,,,,,,,,,,0.0628,,,,,NAMUR LAKE,NAMUR LAKE,,---,µg/l,1847,AITF-EAS (ENVIRONMENTAL ANALYTICAL SERVICES),09SWE00827,09SWE00737,,08/19/2009 9:30 AM,Centre,SINGLE EUPHOTIC COMPOSITE,,,,
Far,09/03/2010 9:30 AM,,,,,,,,,,,,,,,,,,,,,0.0931,,,,,NAMUR LAKE,NAMUR LAKE,,---,µg/l,1847,AITF-EAS (ENVIRONMENTAL ANALYTICAL SERVICES),10SWE01484,10SWE01485,0.1,09/03/2010 8:30 AM,Centre,SINGLE EUPHOTIC COMPOSITE,,,,
Far,08/30/2011 10:30 AM,,,,,,,,,,,,,,,,,,,,,0.0768,,,,,NAMUR LAKE,NAMUR LAKE,,---,µg/l,1847,AITF-EAS (ENVIRONMENTAL ANALYTICAL SERVICES),11SWE06596,11SWE06597,0.1,08/30/2011 9:30 AM,Centre,SINGLE EUPHOTIC COMPOSITE,,,,
Far,08/30/2012 9:00 AM,,,,,,,,,,,,,,,,,,,,,0.124,,,,,NAMUR LAKE,NAMUR LAKE,,---,µg/l,1847,AITF-EAS (ENVIRONMENTAL ANALYTICAL SERVICES),12SWE02310,12SWE02311,0.1,08/30/2012 8:00 AM,Centre,SINGLE EUPHOTIC COMPOSITE,,,,
Far,08/26/2013 12:45 PM,,,,,,,,,,,,,,,,,,,,,0.0838,,,,,NAMUR LAKE,NAMUR LAKE,,---,µg/l,1847,AITF-EAS (ENVIRONMENTAL ANALYTICAL SERVICES),13SWE02199,13SWE02200,0.1,08/26/2013 11:45 AM,Centre,SINGLE EUPHOTIC COMPOSITE,,,,
Far,07/10/2014 12:00 PM,,,,,,,,,,,,,,,,,,,,,0.14,,,,,NAMUR LAKE,NAMUR LAKE,,---,µg/l,1847,AITF-EAS (ENVIRONMENTAL ANALYTICAL SERVICES),107509,,0.00001,07/10/2014 11:00 AM,---,,,,,
Far,08/19/2014 2:30 PM,,,,,,,,,,,,,,,,,,,,,0.11,,,,,NAMUR LAKE,NAMUR LAKE,,---,µg/l,1847,AITF-EAS (ENVIRONMENTAL ANALYTICAL SERVICES),14SWE02262,14SWE02263,0.01,08/19/2014 1:30 PM,Centre,SINGLE EUPHOTIC COMPOSITE,,,,
Far,09/06/2014 12:00 PM,,,,,,,,,,,,,,,,,,,,,0.12,,,,,NAMUR LAKE,NAMUR LAKE,,---,µg/l,1847,AITF-EAS (ENVIRONMENTAL ANALYTICAL SERVICES),107506,,0.00001,09/06/2014 11:00 AM,---,,,,,
Far,03/03/2015 12:00 PM,,,,,,,,,,,,,,,,,,,,,0.08,,,,,NAMUR LAKE,NAMUR LAKE,,---,µg/l,1847,AITF-EAS (ENVIRONMENTAL ANALYTICAL SERVICES),107512,,0.00001,03/03/2015 12:00 PM,---,,,,,
Far,08/27/2015 4:30 PM,,,,,,,,,,,,,,,,,,,,,0.08,,,,,NAMUR LAKE,NAMUR LAKE,,---,µg/l,1847,AITF-EAS (ENVIRONMENTAL ANALYTICAL SERVICES),15SWE05478,15SWE05479,0.01,08/27/2015 3:30 PM,Centre,SINGLE EUPHOTIC COMPOSITE,,,,
Far,03/15/2016 12:00 PM,,,,,,,,,,,,,,,,,,,,,0.09,,,,,NAMUR LAKE,NAMUR LAKE,,---,µg/l,1847,AITF-EAS (ENVIRONMENTAL ANALYTICAL SERVICES),112645,,0.00001,03/15/2016 11:00 AM,---,,,,,
Far,07/19/2016 12:00 PM,,,,,,,,,,,,,,,,,,,,,0.1,,,,,NAMUR LAKE,NAMUR LAKE,,---,µg/l,1847,AITF-EAS (ENVIRONMENTAL ANALYTICAL SERVICES),112441,,0.00001,07/19/2016 11:00 AM,---,,,,,
Far,08/23/2016 10:30 AM,,,,,,,,,,,,,,,,,,,,,0.04,,,,,NAMUR LAKE,NAMUR LAKE,,---,µg/l,1847,AITF-EAS (ENVIRONMENTAL ANALYTICAL SERVICES),16SWE08202,16SWE08203,0.01,08/23/2016 9:30 AM,Centre,SINGLE EUPHOTIC COMPOSITE,,,,
Far,09/20/2016 12:00 PM,,,,,,,,,,,,,,,,,,,,,0.05,,,,,NAMUR LAKE,NAMUR LAKE,,---,µg/l,1847,AITF-EAS (ENVIRONMENTAL ANALYTICAL SERVICES),112243,,0.00001,09/20/2016 11:00 AM,---,,,,,
Far,03/14/2017 12:00 PM,,,,,,,,,,,,,,,,,,,,,0.1,,,,,NAMUR LAKE,NAMUR LAKE,,---,µg/l,1847,AITF-EAS (ENVIRONMENTAL ANALYTICAL SERVICES),111676,,0.00001,03/14/2017 11:00 AM,---,,,,,
Far,08/23/2017 8:29 AM,,,,,,,,,,,,,,,,,,,,,0.08,,,,,NAMUR LAKE,NAMUR LAKE,,---,µg/l,1847,AITF-EAS (ENVIRONMENTAL ANALYTICAL SERVICES),17SWE12722,17SWE12723,0.007,08/23/2017 7:30 AM,Centre,SINGLE EUPHOTIC COMPOSITE,,,,
Far,09/16/2020 8:00 AM,,,,,,,,,,,,,,,,,,,,,0.066,,,,,NAMUR LAKE,NAMUR LAKE,,---,µg/l,1847,AITF-EAS (ENVIRONMENTAL ANALYTICAL SERVICES),20SWE10884,20SWE10885,0.007,09/16/2020 7:00 AM,Centre,SINGLE EUPHOTIC COMPOSITE,,,,
Far,08/19/2021 3:15 PM,,,,,,,,,,,,,,,,,,,,,0.097,,,,,NAMUR LAKE,NAMUR LAKE,,---,µg/l,1847,AITF-EAS (ENVIRONMENTAL ANALYTICAL SERVICES),21SWE04629,21SWE04629-01,0.007,08/19/2021 2:15 PM,Centre,EUPHOTIC COMPOSITE,,,,
Far,09/14/2022 8:50 AM,,,,,,,,,,,,,,,,,,,,,0.083,,,,,NAMUR LAKE,NAMUR LAKE,,---,µg/l,1847,AITF-EAS (ENVIRONMENTAL ANALYTICAL SERVICES),22SWE04613,22SWE04613-01,0.007,09/14/2022 7:50 AM,Centre,SINGLE EUPHOTIC COMPOSITE,,,,
Far,08/28/2003 8:55 AM,,,,,,,,,,,,,,,,,,,,,,0.1,,,,NAMUR LAKE,NAMUR LAKE,,---,µg/l,2837,AITF-EAS (ENVIRONMENTAL ANALYTICAL SERVICES),03SWE01770,03SWE01770,,08/28/2003 7:55 AM,Centre,SINGLE EUPHOTIC COMPOSITE,,,,
Far,08/29/2004 8:45 AM,,,,,,,,,,,,,,,,,,,,,,0.02,,,,NAMUR LAKE,NAMUR LAKE,,---,µg/l,1849,AITF-EAS (ENVIRONMENTAL ANALYTICAL SERVICES),04SWE03018,04SWE02271,,08/29/2004 7:45 AM,Centre,SINGLE EUPHOTIC COMPOSITE,,,,
Far,08/27/2005 9:58 AM,,,,,,,,,,,,,,,,,,,,,,0.046,,,,NAMUR LAKE,NAMUR LAKE,,---,µg/l,1849,AITF-EAS (ENVIRONMENTAL ANALYTICAL SERVICES),05SWE02657,05SWE02658,,08/27/2005 8:58 AM,Centre,SINGLE EUPHOTIC COMPOSITE,,,,
Far,08/21/2007 9:40 AM,,,,,,,,,,,,,,,,,,,,,,0.0418,,,,NAMUR LAKE,NAMUR LAKE,,---,µg/l,1849,AITF-EAS (ENVIRONMENTAL ANALYTICAL SERVICES),07SWE02684,07SWE02684,,08/21/2007 8:40 AM,Centre,SINGLE EUPHOTIC COMPOSITE,,,,
Far,08/27/2008 10:05 AM,,,,,,,,,,,,,,,,,,,,,,0.0347,,,,NAMUR LAKE,NAMUR LAKE,,---,µg/l,1849,AITF-EAS (ENVIRONMENTAL ANALYTICAL SERVICES),08SWE03930,08SWE02145,,08/27/2008 9:05 AM,Centre,SINGLE EUPHOTIC COMPOSITE,,,,
Far,08/19/2009 10:30 AM,,,,,,,,,,,,,,,,,,,,,,0.0538,,,,NAMUR LAKE,NAMUR LAKE,,---,µg/l,1849,AITF-EAS (ENVIRONMENTAL ANALYTICAL SERVICES),09SWE00827,09SWE00737,,08/19/2009 9:30 AM,Centre,SINGLE EUPHOTIC COMPOSITE,,,,
Far,09/03/2010 9:30 AM,,,,,,,,,,,,,,,,,,,,,,0.0417,,,,NAMUR LAKE,NAMUR LAKE,,---,µg/l,1849,AITF-EAS (ENVIRONMENTAL ANALYTICAL SERVICES),10SWE01484,10SWE01485,0.1,09/03/2010 8:30 AM,Centre,SINGLE EUPHOTIC COMPOSITE,,,,
Far,08/30/2011 10:30 AM,,,,,,,,,,,,,,,,,,,,,,0.0689,,,,NAMUR LAKE,NAMUR LAKE,,---,µg/l,1849,AITF-EAS (ENVIRONMENTAL ANALYTICAL SERVICES),11SWE06596,11SWE06597,0.1,08/30/2011 9:30 AM,Centre,SINGLE EUPHOTIC COMPOSITE,,,,
Far,08/30/2012 9:00 AM,,,,,,,,,,,,,,,,,,,,,,0.0591,,,,NAMUR LAKE,NAMUR LAKE,,---,µg/l,1849,AITF-EAS (ENVIRONMENTAL ANALYTICAL SERVICES),12SWE02310,12SWE02311,0.1,08/30/2012 8:00 AM,Centre,SINGLE EUPHOTIC COMPOSITE,,,,
Far,08/26/2013 12:45 PM,,,,,,,,,,,,,,,,,,,,,,0.0615,,,,NAMUR LAKE,NAMUR LAKE,,---,µg/l,1849,AITF-EAS (ENVIRONMENTAL ANALYTICAL SERVICES),13SWE02199,13SWE02200,0.1,08/26/2013 11:45 AM,Centre,SINGLE EUPHOTIC COMPOSITE,,,,
Far,07/10/2014 12:00 PM,,,,,,,,,,,,,,,,,,,,,,0.08,,,,NAMUR LAKE,NAMUR LAKE,,---,µg/l,1849,AITF-EAS (ENVIRONMENTAL ANALYTICAL SERVICES),107509,,0.00002,07/10/2014 11:00 AM,---,,,,,
Far,08/19/2014 2:30 PM,,,,,,,,,,,,,,,,,,,,,,0.05,,,,NAMUR LAKE,NAMUR LAKE,,---,µg/l,1849,AITF-EAS (ENVIRONMENTAL ANALYTICAL SERVICES),14SWE02262,14SWE02263,0.02,08/19/2014 1:30 PM,Centre,SINGLE EUPHOTIC COMPOSITE,,,,
Far,09/06/2014 12:00 PM,,,,,,,,,,,,,,,,,,,,,,0.06,,,,NAMUR LAKE,NAMUR LAKE,,---,µg/l,1849,AITF-EAS (ENVIRONMENTAL ANALYTICAL SERVICES),107506,,0.00002,09/06/2014 11:00 AM,---,,,,,
Far,03/03/2015 12:00 PM,,,,,,,,,,,,,,,,,,,,,,0.04,,,,NAMUR LAKE,NAMUR LAKE,,---,µg/l,1849,AITF-EAS (ENVIRONMENTAL ANALYTICAL SERVICES),107512,,0.00002,03/03/2015 12:00 PM,---,,,,,
Far,08/27/2015 4:30 PM,,,,,,,,,,,,,,,,,,,,,,0.04,,,,NAMUR LAKE,NAMUR LAKE,,---,µg/l,1849,AITF-EAS (ENVIRONMENTAL ANALYTICAL SERVICES),15SWE05478,15SWE05479,0.02,08/27/2015 3:30 PM,Centre,SINGLE EUPHOTIC COMPOSITE,,,,
Far,03/15/2016 12:00 PM,,,,,,,,,,,,,,,,,,,,,,0.05,,,,NAMUR LAKE,NAMUR LAKE,,---,µg/l,1849,AITF-EAS (ENVIRONMENTAL ANALYTICAL SERVICES),112645,,0.00002,03/15/2016 11:00 AM,---,,,,,
Far,07/19/2016 12:00 PM,,,,,,,,,,,,,,,,,,,,,,0.07,,,,NAMUR LAKE,NAMUR LAKE,,---,µg/l,1849,AITF-EAS (ENVIRONMENTAL ANALYTICAL SERVICES),112441,,0.00002,07/19/2016 11:00 AM,---,,,,,
Far,08/23/2016 10:30 AM,,,,,,,,,,,,,,,,,,,,,,0.04,,,,NAMUR LAKE,NAMUR LAKE,,---,µg/l,1849,AITF-EAS (ENVIRONMENTAL ANALYTICAL SERVICES),16SWE08202,16SWE08203,0.02,08/23/2016 9:30 AM,Centre,SINGLE EUPHOTIC COMPOSITE,,,,
Far,09/20/2016 12:00 PM,,,,,,,,,,,,,,,,,,,,,,0.03,,,,NAMUR LAKE,NAMUR LAKE,,---,µg/l,1849,AITF-EAS (ENVIRONMENTAL ANALYTICAL SERVICES),112243,,0.00002,09/20/2016 11:00 AM,---,,,,,
Far,03/14/2017 12:00 PM,,,,,,,,,,,,,,,,,,,,,,0.07,,,,NAMUR LAKE,NAMUR LAKE,,---,µg/l,1849,AITF-EAS (ENVIRONMENTAL ANALYTICAL SERVICES),111676,,0.00002,03/14/2017 11:00 AM,---,,,,,
Far,08/23/2017 8:29 AM,,,,,,,,,,,,,,,,,,,,,,0.048,,,,NAMUR LAKE,NAMUR LAKE,,---,µg/l,1849,AITF-EAS (ENVIRONMENTAL ANALYTICAL SERVICES),17SWE12722,17SWE12723,0.006,08/23/2017 7:30 AM,Centre,SINGLE EUPHOTIC COMPOSITE,,,,
Far,09/16/2020 8:00 AM,,,,,,,,,,,,,,,,,,,,,,0.044,,,,NAMUR LAKE,NAMUR LAKE,,---,µg/l,1849,AITF-EAS (ENVIRONMENTAL ANALYTICAL SERVICES),20SWE10884,20SWE10885,0.006,09/16/2020 7:00 AM,Centre,SINGLE EUPHOTIC COMPOSITE,,,,
Far,08/19/2021 3:15 PM,,,,,,,,,,,,,,,,,,,,,,0.038,,,,NAMUR LAKE,NAMUR LAKE,,---,µg/l,1849,AITF-EAS (ENVIRONMENTAL ANALYTICAL SERVICES),21SWE04629,21SWE04629-01,0.006,08/19/2021 2:15 PM,Centre,EUPHOTIC COMPOSITE,,,,
Far,09/14/2022 8:50 AM,,,,,,,,,,,,,,,,,,,,,,0.068,,,,NAMUR LAKE,NAMUR LAKE,,---,µg/l,1849,AITF-EAS (ENVIRONMENTAL ANALYTICAL SERVICES),22SWE04613,22SWE04613-01,0.006,09/14/2022 7:50 AM,Centre,SINGLE EUPHOTIC COMPOSITE,,,,
Far,05/26/2014 12:00 PM,,,,,,,,,,,,,,,,,,,,,,,2,,,NAMUR LAKE,NAMUR LAKE,,<,mg/l,331,"ALS (FORMERLY ENVIRO-TEST) LABORATORIES, EDMONTON, ALBERTA",106650,,2,05/26/2014 11:00 AM,---,,,,,
Far,07/10/2014 12:00 PM,,,,,,,,,,,,,,,,,,,,,,,2,,,NAMUR LAKE,NAMUR LAKE,,<,mg/l,331,"ALS (FORMERLY ENVIRO-TEST) LABORATORIES, EDMONTON, ALBERTA",107509,,2,07/10/2014 11:00 AM,---,,,,,
Far,09/06/2014 12:00 PM,,,,,,,,,,,,,,,,,,,,,,,2,,,NAMUR LAKE,NAMUR LAKE,,<,mg/l,331,"ALS (FORMERLY ENVIRO-TEST) LABORATORIES, EDMONTON, ALBERTA",107506,,2,09/06/2014 11:00 AM,---,,,,,
Far,03/03/2015 12:00 PM,,,,,,,,,,,,,,,,,,,,,,,2,,,NAMUR LAKE,NAMUR LAKE,,<,mg/l,331,"ALS (FORMERLY ENVIRO-TEST) LABORATORIES, EDMONTON, ALBERTA",107512,,2,03/03/2015 12:00 PM,---,,,,,
Far,03/15/2016 12:00 PM,,,,,,,,,,,,,,,,,,,,,,,2,,,NAMUR LAKE,NAMUR LAKE,,<,mg/l,331,"MAXXAM (CHEMEX) LABS ALBERTA INC., CALGARY, ALBERTA.",112645,,2,03/15/2016 11:00 AM,---,,,,,
Far,09/16/2020 8:00 AM,,,,,,,,,,,,,,,,,,,,,,,,92.3,,NAMUR LAKE,NAMUR LAKE,12,---,%,3620,FIELD,20SWE10884,20SWE10903,,09/16/2020 7:00 AM,Centre,DISCRETE SAMPLE (GRAB),,,,
Far,09/16/2020 8:00 AM,,,,,,,,,,,,,,,,,,,,,,,,92,,NAMUR LAKE,NAMUR LAKE,11,---,%,3620,FIELD,20SWE10884,20SWE10902,,09/16/2020 7:00 AM,Centre,DISCRETE SAMPLE (GRAB),,,,
Far,09/16/2020 8:00 AM,,,,,,,,,,,,,,,,,,,,,,,,92.2,,NAMUR LAKE,NAMUR LAKE,10,---,%,3620,FIELD,20SWE10884,20SWE10901,,09/16/2020 7:00 AM,Centre,DISCRETE SAMPLE (GRAB),,,,
Far,09/16/2020 8:00 AM,,,,,,,,,,,,,,,,,,,,,,,,92.2,,NAMUR LAKE,NAMUR LAKE,9,---,%,3620,FIELD,20SWE10884,20SWE10900,,09/16/2020 7:00 AM,Centre,DISCRETE SAMPLE (GRAB),,,,
Far,09/16/2020 8:00 AM,,,,,,,,,,,,,,,,,,,,,,,,92.2,,NAMUR LAKE,NAMUR LAKE,8,---,%,3620,FIELD,20SWE10884,20SWE10899,,09/16/2020 7:00 AM,Centre,DISCRETE SAMPLE (GRAB),,,,
Far,09/16/2020 8:00 AM,,,,,,,,,,,,,,,,,,,,,,,,92.1,,NAMUR LAKE,NAMUR LAKE,7,---,%,3620,FIELD,20SWE10884,20SWE10898,,09/16/2020 7:00 AM,Centre,DISCRETE SAMPLE (GRAB),,,,
Far,09/16/2020 8:00 AM,,,,,,,,,,,,,,,,,,,,,,,,92.1,,NAMUR LAKE,NAMUR LAKE,6,---,%,3620,FIELD,20SWE10884,20SWE10897,,09/16/2020 7:00 AM,Centre,DISCRETE SAMPLE (GRAB),,,,
Far,09/16/2020 8:00 AM,,,,,,,,,,,,,,,,,,,,,,,,92.1,,NAMUR LAKE,NAMUR LAKE,5,---,%,3620,FIELD,20SWE10884,20SWE10896,,09/16/2020 7:00 AM,Centre,DISCRETE SAMPLE (GRAB),,,,
Far,09/16/2020 8:00 AM,,,,,,,,,,,,,,,,,,,,,,,,92.1,,NAMUR LAKE,NAMUR LAKE,4.5,---,%,3620,FIELD,20SWE10884,20SWE10895,,09/16/2020 7:00 AM,Centre,DISCRETE SAMPLE (GRAB),,,,
Far,09/16/2020 8:00 AM,,,,,,,,,,,,,,,,,,,,,,,,92,,NAMUR LAKE,NAMUR LAKE,4,---,%,3620,FIELD,20SWE10884,20SWE10894,,09/16/2020 7:00 AM,Centre,DISCRETE SAMPLE (GRAB),,,,
Far,09/16/2020 8:00 AM,,,,,,,,,,,,,,,,,,,,,,,,92,,NAMUR LAKE,NAMUR LAKE,3.5,---,%,3620,FIELD,20SWE10884,20SWE10893,,09/16/2020 7:00 AM,Centre,DISCRETE SAMPLE (GRAB),,,,
Far,09/16/2020 8:00 AM,,,,,,,,,,,,,,,,,,,,,,,,92.1,,NAMUR LAKE,NAMUR LAKE,3,---,%,3620,FIELD,20SWE10884,20SWE10892,,09/16/2020 7:00 AM,Centre,DISCRETE SAMPLE (GRAB),,,,
Far,09/16/2020 8:00 AM,,,,,,,,,,,,,,,,,,,,,,,,92.1,,NAMUR LAKE,NAMUR LAKE,2.5,---,%,3620,FIELD,20SWE10884,20SWE10891,,09/16/2020 7:00 AM,Centre,DISCRETE SAMPLE (GRAB),,,,
Far,09/16/2020 8:00 AM,,,,,,,,,,,,,,,,,,,,,,,,92.1,,NAMUR LAKE,NAMUR LAKE,2,---,%,3620,FIELD,20SWE10884,20SWE10890,,09/16/2020 7:00 AM,Centre,DISCRETE SAMPLE (GRAB),,,,
Far,09/16/2020 8:00 AM,,,,,,,,,,,,,,,,,,,,,,,,92.1,,NAMUR LAKE,NAMUR LAKE,1.5,---,%,3620,FIELD,20SWE10884,20SWE10889,,09/16/2020 7:00 AM,Centre,DISCRETE SAMPLE (GRAB),,,,
Far,09/16/2020 8:00 AM,,,,,,,,,,,,,,,,,,,,,,,,92.1,,NAMUR LAKE,NAMUR LAKE,1,---,%,3620,FIELD,20SWE10884,20SWE10888,,09/16/2020 7:00 AM,Centre,DISCRETE SAMPLE (GRAB),,,,
Far,09/16/2020 8:00 AM,,,,,,,,,,,,,,,,,,,,,,,,92.1,,NAMUR LAKE,NAMUR LAKE,0.5,---,%,3620,FIELD,20SWE10884,20SWE10887,,09/16/2020 7:00 AM,Centre,DISCRETE SAMPLE (GRAB),,,,
Far,09/16/2020 8:00 AM,,,,,,,,,,,,,,,,,,,,,,,,92.2,,NAMUR LAKE,NAMUR LAKE,0.1,---,%,3620,FIELD,20SWE10884,20SWE10886,,09/16/2020 7:00 AM,Centre,DISCRETE SAMPLE (GRAB),,,,
Far,09/16/2020 8:00 AM,,,,,,,,,,,,,,,,,,,,,,,,,,NAMUR LAKE,NAMUR LAKE,,---,%,3620,FIELD,20SWE10884,20SWE10885,,09/16/2020 7:00 AM,Centre,SINGLE EUPHOTIC COMPOSITE,,,,
Far,08/19/2021 3:15 PM,,,,,,,,,,,,,,,,,,,,,,,,99.8,,NAMUR LAKE,NAMUR LAKE,0.1,---,%,3620,FIELD,21SWE04629,21SWE04629-02,08/19/2021 2:15 PM,Profile,EUPHOTIC COMPOSITE,,,,,
Far,08/19/2021 3:15 PM,,,,,,,,,,,,,,,,,,,,,,,,99.8,,NAMUR LAKE,NAMUR LAKE,0.5,---,%,3620,FIELD,21SWE04629,21SWE04629-03,08/19/2021 2:15 PM,Profile,EUPHOTIC COMPOSITE,,,,,
Far,08/19/2021 3:15 PM,,,,,,,,,,,,,,,,,,,,,,,,99.7,,NAMUR LAKE,NAMUR LAKE,1,---,%,3620,FIELD,21SWE04629,21SWE04629-04,08/19/2021 2:15 PM,Profile,EUPHOTIC COMPOSITE,,,,,
Far,08/19/2021 3:15 PM,,,,,,,,,,,,,,,,,,,,,,,,99.7,,NAMUR LAKE,NAMUR LAKE,1.5,---,%,3620,FIELD,21SWE04629,21SWE04629-05,08/19/2021 2:15 PM,Profile,EUPHOTIC COMPOSITE,,,,,
Far,08/19/2021 3:15 PM,,,,,,,,,,,,,,,,,,,,,,,,99.6,,NAMUR LAKE,NAMUR LAKE,2,---,%,3620,FIELD,21SWE04629,21SWE04629-06,08/19/2021 2:15 PM,Profile,EUPHOTIC COMPOSITE,,,,,
Far,08/19/2021 3:15 PM,,,,,,,,,,,,,,,,,,,,,,,,99.5,,NAMUR LAKE,NAMUR LAKE,2.5,---,%,3620,FIELD,21SWE04629,21SWE04629-07,08/19/2021 2:15 PM,Profile,EUPHOTIC COMPOSITE,,,,,
Far,08/19/2021 3:15 PM,,,,,,,,,,,,,,,,,,,,,,,,99.5,,NAMUR LAKE,NAMUR LAKE,3,---,%,3620,FIELD,21SWE04629,21SWE04629-08,08/19/2021 2:15 PM,Profile,EUPHOTIC COMPOSITE,,,,,
Far,08/19/2021 3:15 PM,,,,,,,,,,,,,,,,,,,,,,,,99.4,,NAMUR LAKE,NAMUR LAKE,3.5,---,%,3620,FIELD,21SWE04629,21SWE04629-09,08/19/2021 2:15 PM,Profile,EUPHOTIC COMPOSITE,,,,,
Far,08/19/2021 3:15 PM,,,,,,,,,,,,,,,,,,,,,,,,99.3,,NAMUR LAKE,NAMUR LAKE,4,---,%,3620,FIELD,21SWE04629,21SWE04629-10,08/19/2021 2:15 PM,Profile,EUPHOTIC COMPOSITE,,,,,
Far,08/19/2021 3:15 PM,,,,,,,,,,,,,,,,,,,,,,,,99.1,,NAMUR LAKE,NAMUR LAKE,4.5,---,%,3620,FIELD,21SWE04629,21SWE04629-11,08/19/2021 2:15 PM,Profile,EUPHOTIC COMPOSITE,,,,,
Far,08/19/2021 3:15 PM,,,,,,,,,,,,,,,,,,,,,,,,98.8,,NAMUR LAKE,NAMUR LAKE,5,---,%,3620,FIELD,21SWE04629,21SWE04629-12,08/19/2021 2:15 PM,Profile,EUPHOTIC COMPOSITE,,,,,
Far,08/19/2021 3:15 PM,,,,,,,,,,,,,,,,,,,,,,,,98.8,,NAMUR LAKE,NAMUR LAKE,5.5,---,%,3620,FIELD,21SWE04629,21SWE04629-13,08/19/2021 2:15 PM,Profile,EUPHOTIC COMPOSITE,,,,,
Far,08/19/2021 3:15 PM,,,,,,,,,,,,,,,,,,,,,,,,98.7,,NAMUR LAKE,NAMUR LAKE,6,---,%,3620,FIELD,21SWE04629,21SWE04629-14,08/19/2021 2:15 PM,Profile,EUPHOTIC COMPOSITE,,,,,
Far,08/19/2021 3:15 PM,,,,,,,,,,,,,,,,,,,,,,,,97.1,,NAMUR LAKE,NAMUR LAKE,6.5,---,%,3620,FIELD,21SWE04629,21SWE04629-15,08/19/2021 2:15 PM,Profile,EUPHOTIC COMPOSITE,,,,,
Far,08/19/2021 3:15 PM,,,,,,,,,,,,,,,,,,,,,,,,96.3,,NAMUR LAKE,NAMUR LAKE,7,---,%,3620,FIELD,21SWE04629,21SWE04629-16,08/19/2021 2:15 PM,Profile,EUPHOTIC COMPOSITE,,,,,
Far,08/19/2021 3:15 PM,,,,,,,,,,,,,,,,,,,,,,,,96.1,,NAMUR LAKE,NAMUR LAKE,8,---,%,3620,FIELD,21SWE04629,21SWE04629-17,08/19/2021 2:15 PM,Profile,EUPHOTIC COMPOSITE,,,,,
Far,08/19/2021 3:15 PM,,,,,,,,,,,,,,,,,,,,,,,,95.8,,NAMUR LAKE,NAMUR LAKE,9,---,%,3620,FIELD,21SWE04629,21SWE04629-18,08/19/2021 2:15 PM,Profile,EUPHOTIC COMPOSITE,,,,,
Far,08/19/2021 3:15 PM,,,,,,,,,,,,,,,,,,,,,,,,94.8,,NAMUR LAKE,NAMUR LAKE,10,---,%,3620,FIELD,21SWE04629,21SWE04629-19,08/19/2021 2:15 PM,Profile,EUPHOTIC COMPOSITE,,,,,
Far,08/19/2021 3:15 PM,,,,,,,,,,,,,,,,,,,,,,,,89.2,,NAMUR LAKE,NAMUR LAKE,11,---,%,3620,FIELD,21SWE04629,21SWE04629-20,08/19/2021 2:15 PM,Profile,EUPHOTIC COMPOSITE,,,,,
Far,08/19/2021 3:15 PM,,,,,,,,,,,,,,,,,,,,,,,,87.6,,NAMUR LAKE,NAMUR LAKE,12,---,%,3620,FIELD,21SWE04629,21SWE04629-21,08/19/2021 2:15 PM,Profile,EUPHOTIC COMPOSITE,,,,,
Far,08/19/2021 3:15 PM,,,,,,,,,,,,,,,,,,,,,,,,7035,,NAMUR LAKE,NAMUR LAKE,13,---,%,3620,FIELD,21SWE04629,21SWE04629-22,08/19/2021 2:15 PM,Profile,EUPHOTIC COMPOSITE,,,,,
Far,08/19/2021 3:15 PM,,,,,,,,,,,,,,,,,,,,,,,,,,NAMUR LAKE,NAMUR LAKE,,---,%,3620,FIELD,21SWE04629,21SWE04629-01,08/19/2021 2:15 PM,Centre,EUPHOTIC COMPOSITE,,,,,
Far,08/19/2021 3:15 PM,,,,,,,,,,,,,,,,,,,,,,,,99.8,,NAMUR LAKE,NAMUR LAKE,0.1,---,%,3620,FIELD,21SWE04629,21SWE04629-02,08/19/2021 2:15 PM,Centre,EUPHOTIC COMPOSITE,,,,,
Far,08/19/2021 3:15 PM,,,,,,,,,,,,,,,,,,,,,,,,99.8,,NAMUR LAKE,NAMUR LAKE,0.5,---,%,3620,FIELD,21SWE04629,21SWE04629-03,08/19/2021 2:15 PM,Centre,EUPHOTIC COMPOSITE,,,,,
Far,08/19/2021 3:15 PM,,,,,,,,,,,,,,,,,,,,,,,,99.7,,NAMUR LAKE,NAMUR LAKE,1,---,%,3620,FIELD,21SWE04629,21SWE04629-04,08/19/2021 2:15 PM,Centre,EUPHOTIC COMPOSITE,,,,,
Far,08/19/2021 3:15 PM,,,,,,,,,,,,,,,,,,,,,,,,99.7,,NAMUR LAKE,NAMUR LAKE,1.5,---,%,3620,FIELD,21SWE04629,21SWE04629-05,08/19/2021 2:15 PM,Centre,EUPHOTIC COMPOSITE,,,,,
Far,08/19/2021 3:15 PM,,,,,,,,,,,,,,,,,,,,,,,,99.6,,NAMUR LAKE,NAMUR LAKE,2,---,%,3620,FIELD,21SWE04629,21SWE04629-06,08/19/2021 2:15 PM,Centre,EUPHOTIC COMPOSITE,,,,,
Far,08/19/2021 3:15 PM,,,,,,,,,,,,,,,,,,,,,,,,99.5,,NAMUR LAKE,NAMUR LAKE,2.5,---,%,3620,FIELD,21SWE04629,21SWE04629-07,08/19/2021 2:15 PM,Centre,EUPHOTIC COMPOSITE,,,,,
Far,08/19/2021 3:15 PM,,,,,,,,,,,,,,,,,,,,,,,,99.5,,NAMUR LAKE,NAMUR LAKE,3,---,%,3620,FIELD,21SWE04629,21SWE04629-08,08/19/2021 2:15 PM,Centre,EUPHOTIC COMPOSITE,,,,,
Far,08/19/2021 3:15 PM,,,,,,,,,,,,,,,,,,,,,,,,99.4,,NAMUR LAKE,NAMUR LAKE,3.5,---,%,3620,FIELD,21SWE04629,21SWE04629-09,08/19/2021 2:15 PM,Centre,EUPHOTIC COMPOSITE,,,,,
Far,08/19/2021 3:15 PM,,,,,,,,,,,,,,,,,,,,,,,,99.3,,NAMUR LAKE,NAMUR LAKE,4,---,%,3620,FIELD,21SWE04629,21SWE04629-10,08/19/2021 2:15 PM,Centre,EUPHOTIC COMPOSITE,,,,,
Far,08/19/2021 3:15 PM,,,,,,,,,,,,,,,,,,,,,,,,99.1,,NAMUR LAKE,NAMUR LAKE,4.5,---,%,3620,FIELD,21SWE04629,21SWE04629-11,08/19/2021 2:15 PM,Centre,EUPHOTIC COMPOSITE,,,,,
Far,08/19/2021 3:15 PM,,,,,,,,,,,,,,,,,,,,,,,,98.8,,NAMUR LAKE,NAMUR LAKE,5,---,%,3620,FIELD,21SWE04629,21SWE04629-12,08/19/2021 2:15 PM,Centre,EUPHOTIC COMPOSITE,,,,,
Far,08/19/2021 3:15 PM,,,,,,,,,,,,,,,,,,,,,,,,98.8,,NAMUR LAKE,NAMUR LAKE,5.5,---,%,3620,FIELD,21SWE04629,21SWE04629-13,08/19/2021 2:15 PM,Centre,EUPHOTIC COMPOSITE,,,,,
Far,08/19/2021 3:15 PM,,,,,,,,,,,,,,,,,,,,,,,,98.7,,NAMUR LAKE,NAMUR LAKE,6,---,%,3620,FIELD,21SWE04629,21SWE04629-14,08/19/2021 2:15 PM,Centre,EUPHOTIC COMPOSITE,,,,,
Far,08/19/2021 3:15 PM,,,,,,,,,,,,,,,,,,,,,,,,97.1,,NAMUR LAKE,NAMUR LAKE,6.5,---,%,3620,FIELD,21SWE04629,21SWE04629-15,08/19/2021 2:15 PM,Centre,EUPHOTIC COMPOSITE,,,,,
Far,08/19/2021 3:15 PM,,,,,,,,,,,,,,,,,,,,,,,,96.3,,NAMUR LAKE,NAMUR LAKE,7,---,%,3620,FIELD,21SWE04629,21SWE04629-16,08/19/2021 2:15 PM,Centre,EUPHOTIC COMPOSITE,,,,,
Far,08/19/2021 3:15 PM,,,,,,,,,,,,,,,,,,,,,,,,96.1,,NAMUR LAKE,NAMUR LAKE,8,---,%,3620,FIELD,21SWE04629,21SWE04629-17,08/19/2021 2:15 PM,Centre,EUPHOTIC COMPOSITE,,,,,
Far,08/19/2021 3:15 PM,,,,,,,,,,,,,,,,,,,,,,,,95.8,,NAMUR LAKE,NAMUR LAKE,9,---,%,3620,FIELD,21SWE04629,21SWE04629-18,08/19/2021 2:15 PM,Centre,EUPHOTIC COMPOSITE,,,,,
Far,08/19/2021 3:15 PM,,,,,,,,,,,,,,,,,,,,,,,,94.8,,NAMUR LAKE,NAMUR LAKE,10,---,%,3620,FIELD,21SWE04629,21SWE04629-19,08/19/2021 2:15 PM,Centre,EUPHOTIC COMPOSITE,,,,,
Far,08/19/2021 3:15 PM,,,,,,,,,,,,,,,,,,,,,,,,89.2,,NAMUR LAKE,NAMUR LAKE,11,---,%,3620,FIELD,21SWE04629,21SWE04629-20,08/19/2021 2:15 PM,Centre,EUPHOTIC COMPOSITE,,,,,
Far,08/19/2021 3:15 PM,,,,,,,,,,,,,,,,,,,,,,,,87.6,,NAMUR LAKE,NAMUR LAKE,12,---,%,3620,FIELD,21SWE04629,21SWE04629-21,08/19/2021 2:15 PM,Centre,EUPHOTIC COMPOSITE,,,,,
Far,08/19/2021 3:15 PM,,,,,,,,,,,,,,,,,,,,,,,,70.5,,NAMUR LAKE,NAMUR LAKE,13,---,%,3620,FIELD,21SWE04629,21SWE04629-22,08/19/2021 2:15 PM,Centre,EUPHOTIC COMPOSITE,,,,,
Far,09/14/2022 8:50 AM,,,,,,,,,,,,,,,,,,,,,,,,,,NAMUR LAKE,NAMUR LAKE,,---,%,3620,FIELD,22SWE04613,22SWE04613-01,09/14/2022 7:50 AM,Centre,SINGLE EUPHOTIC COMPOSITE,,,,,
Far,09/14/2022 8:50 AM,,,,,,,,,,,,,,,,,,,,,,,,92.4,,NAMUR LAKE,NAMUR LAKE,0.1,---,%,3620,FIELD,22SWE04613,22SWE04613-02,09/14/2022 7:50 AM,Centre,DISCRETE SAMPLE (GRAB),,,,,
Far,09/14/2022 8:50 AM,,,,,,,,,,,,,,,,,,,,,,,,92.4,,NAMUR LAKE,NAMUR LAKE,0.5,---,%,3620,FIELD,22SWE04613,22SWE04613-03,09/14/2022 7:50 AM,Centre,DISCRETE SAMPLE (GRAB),,,,,
Far,09/14/2022 8:50 AM,,,,,,,,,,,,,,,,,,,,,,,,92.4,,NAMUR LAKE,NAMUR LAKE,1,---,%,3620,FIELD,22SWE04613,22SWE04613-04,09/14/2022 7:50 AM,Centre,DISCRETE SAMPLE (GRAB),,,,,
Far,09/14/2022 8:50 AM,,,,,,,,,,,,,,,,,,,,,,,,92.1,,NAMUR LAKE,NAMUR LAKE,1.5,---,%,3620,FIELD,22SWE04613,22SWE04613-05,09/14/2022 7:50 AM,Centre,DISCRETE SAMPLE (GRAB),,,,,
Far,09/14/2022 8:50 AM,,,,,,,,,,,,,,,,,,,,,,,,92,,NAMUR LAKE,NAMUR LAKE,2,---,%,3620,FIELD,22SWE04613,22SWE04613-06,09/14/2022 7:50 AM,Centre,DISCRETE SAMPLE (GRAB),,,,,
Far,09/14/2022 8:50 AM,,,,,,,,,,,,,,,,,,,,,,,,92,,NAMUR LAKE,NAMUR LAKE,2.5,---,%,3620,FIELD,22SWE04613,22SWE04613-07,09/14/2022 7:50 AM,Centre,DISCRETE SAMPLE (GRAB),,,,,
Far,09/14/2022 8:50 AM,,,,,,,,,,,,,,,,,,,,,,,,92,,NAMUR LAKE,NAMUR LAKE,3,---,%,3620,FIELD,22SWE04613,22SWE04613-08,09/14/2022 7:50 AM,Centre,DISCRETE SAMPLE (GRAB),,,,,
Far,09/14/2022 8:50 AM,,,,,,,,,,,,,,,,,,,,,,,,91.6,,NAMUR LAKE,NAMUR LAKE,3.5,---,%,3620,FIELD,22SWE04613,22SWE04613-09,09/14/2022 7:50 AM,Centre,DISCRETE SAMPLE (GRAB),,,,,
Far,09/14/2022 8:50 AM,,,,,,,,,,,,,,,,,,,,,,,,91.6,,NAMUR LAKE,NAMUR LAKE,4,---,%,3620,FIELD,22SWE04613,22SWE04613-10,09/14/2022 7:50 AM,Centre,DISCRETE SAMPLE (GRAB),,,,,
Far,09/14/2022 8:50 AM,,,,,,,,,,,,,,,,,,,,,,,,91.7,,NAMUR LAKE,NAMUR LAKE,4.5,---,%,3620,FIELD,22SWE04613,22SWE04613-11,09/14/2022 7:50 AM,Centre,DISCRETE SAMPLE (GRAB),,,,,
Far,09/14/2022 8:50 AM,,,,,,,,,,,,,,,,,,,,,,,,91.5,,NAMUR LAKE,NAMUR LAKE,5,---,%,3620,FIELD,22SWE04613,22SWE04613-12,09/14/2022 7:50 AM,Centre,DISCRETE SAMPLE (GRAB),,,,,
Far,09/14/2022 8:50 AM,,,,,,,,,,,,,,,,,,,,,,,,91.6,,NAMUR LAKE,NAMUR LAKE,5.5,---,%,3620,FIELD,22SWE04613,22SWE04613-13,09/14/2022 7:50 AM,Centre,DISCRETE SAMPLE (GRAB),,,,,
Far,09/14/2022 8:50 AM,,,,,,,,,,,,,,,,,,,,,,,,91.6,,NAMUR LAKE,NAMUR LAKE,6,---,%,3620,FIELD,22SWE04613,22SWE04613-14,09/14/2022 7:50 AM,Centre,DISCRETE SAMPLE (GRAB),,,,,
Far,09/14/2022 8:50 AM,,,,,,,,,,,,,,,,,,,,,,,,91.3,,NAMUR LAKE,NAMUR LAKE,6.5,---,%,3620,FIELD,22SWE04613,22SWE04613-15,09/14/2022 7:50 AM,Centre,DISCRETE SAMPLE (GRAB),,,,,
Far,09/14/2022 8:50 AM,,,,,,,,,,,,,,,,,,,,,,,,91.7,,NAMUR LAKE,NAMUR LAKE,7,---,%,3620,FIELD,22SWE04613,22SWE04613-16,09/14/2022 7:50 AM,Centre,DISCRETE SAMPLE (GRAB),,,,,
Far,09/14/2022 8:50 AM,,,,,,,,,,,,,,,,,,,,,,,,91.4,,NAMUR LAKE,NAMUR LAKE,7.5,---,%,3620,FIELD,22SWE04613,22SWE04613-17,09/14/2022 7:50 AM,Centre,DISCRETE SAMPLE (GRAB),,,,,
Far,09/14/2022 8:50 AM,,,,,,,,,,,,,,,,,,,,,,,,91.4,,NAMUR LAKE,NAMUR LAKE,8,---,%,3620,FIELD,22SWE04613,22SWE04613-18,09/14/2022 7:50 AM,Centre,DISCRETE SAMPLE (GRAB),,,,,
Far,09/14/2022 8:50 AM,,,,,,,,,,,,,,,,,,,,,,,,91.4,,NAMUR LAKE,NAMUR LAKE,8.5,---,%,3620,FIELD,22SWE04613,22SWE04613-19,09/14/2022 7:50 AM,Centre,DISCRETE SAMPLE (GRAB),,,,,
Far,09/14/2022 8:50 AM,,,,,,,,,,,,,,,,,,,,,,,,91,,NAMUR LAKE,NAMUR LAKE,9,---,%,3620,FIELD,22SWE04613,22SWE04613-20,09/14/2022 7:50 AM,Centre,DISCRETE SAMPLE (GRAB),,,,,
Far,09/14/2022 8:50 AM,,,,,,,,,,,,,,,,,,,,,,,,91.6,,NAMUR LAKE,NAMUR LAKE,9.5,---,%,3620,FIELD,22SWE04613,22SWE04613-21,09/14/2022 7:50 AM,Centre,DISCRETE SAMPLE (GRAB),,,,,
Far,09/14/2022 8:50 AM,,,,,,,,,,,,,,,,,,,,,,,,90.9,,NAMUR LAKE,NAMUR LAKE,10,---,%,3620,FIELD,22SWE04613,22SWE04613-22,09/14/2022 7:50 AM,Centre,DISCRETE SAMPLE (GRAB),,,,,
Far,09/14/2022 8:50 AM,,,,,,,,,,,,,,,,,,,,,,,,91,,NAMUR LAKE,NAMUR LAKE,11,---,%,3620,FIELD,22SWE04613,22SWE04613-23,09/14/2022 7:50 AM,Centre,DISCRETE SAMPLE (GRAB),,,,,
Far,09/14/2022 8:50 AM,,,,,,,,,,,,,,,,,,,,,,,,91.4,,NAMUR LAKE,NAMUR LAKE,12,---,%,3620,FIELD,22SWE04613,22SWE04613-24,09/14/2022 7:50 AM,Centre,DISCRETE SAMPLE (GRAB),,,,,
Far,09/14/2022 8:50 AM,,,,,,,,,,,,,,,,,,,,,,,,90.6,,NAMUR LAKE,NAMUR LAKE,13,---,%,3620,FIELD,22SWE04613,22SWE04613-25,09/14/2022 7:50 AM,Centre,DISCRETE SAMPLE (GRAB),,,,,
Far,09/14/2022 8:50 AM,,,,,,,,,,,,,,,,,,,,,,,,88.6,,NAMUR LAKE,NAMUR LAKE,14,---,%,3620,FIELD,22SWE04613,22SWE04613-26,09/14/2022 7:50 AM,Centre,DISCRETE SAMPLE (GRAB),,,,,
Far,09/14/2022 8:50 AM,,,,,,,,,,,,,,,,,,,,,,,,89.6,,NAMUR LAKE,NAMUR LAKE,15,---,%,3620,FIELD,22SWE04613,22SWE04613-27,09/14/2022 7:50 AM,Centre,DISCRETE SAMPLE (GRAB),,,,,
Far,09/14/2022 8:50 AM,,,,,,,,,,,,,,,,,,,,,,,,86.7,,NAMUR LAKE,NAMUR LAKE,16,---,%,3620,FIELD,22SWE04613,22SWE04613-28,09/14/2022 7:50 AM,Centre,DISCRETE SAMPLE (GRAB),,,,,
Far,09/14/2022 8:50 AM,,,,,,,,,,,,,,,,,,,,,,,,75.1,,NAMUR LAKE,NAMUR LAKE,17,---,%,3620,FIELD,22SWE04613,22SWE04613-29,09/14/2022 7:50 AM,Centre,DISCRETE SAMPLE (GRAB),,,,,
Far,09/14/2022 8:50 AM,,,,,,,,,,,,,,,,,,,,,,,,47.5,,NAMUR LAKE,NAMUR LAKE,18,---,%,3620,FIELD,22SWE04613,22SWE04613-30,09/14/2022 7:50 AM,Centre,DISCRETE SAMPLE (GRAB),,,,,
Far,09/03/2010 9:30 AM,,,,,,,,,,,,,,,,,,,,,,,,,9.95,NAMUR LAKE,NAMUR LAKE,3,---,mg/l,2730,FIELD,01SWE03691,01SWE03697,,09/13/2001 9:48 AM,Centre,DISCRETE SAMPLE (GRAB),,,,
Far,09/03/2010 9:30 AM,,,,,,,,,,,,,,,,,,,,,,,,,9.98,NAMUR LAKE,NAMUR LAKE,2,---,mg/l,2730,FIELD,01SWE03691,01SWE03696,,09/13/2001 9:47 AM,Centre,DISCRETE SAMPLE (GRAB),,,,
Far,09/03/2010 9:30 AM,,,,,,,,,,,,,,,,,,,,,,,,,10.04,NAMUR LAKE,NAMUR LAKE,0.1,---,mg/l,2730,FIELD,01SWE03691,01SWE03692,,09/13/2001 9:45 AM,Centre,DISCRETE SAMPLE (GRAB),,,,
Far,09/03/2010 9:30 AM,,,,,,,,,,,,,,,,,,,,,,,,,10.09,NAMUR LAKE,NAMUR LAKE,1,---,mg/l,2730,FIELD,01SWE03691,01SWE03694,,09/13/2001 9:46 AM,Centre,DISCRETE SAMPLE (GRAB),,,,
Far,09/03/2010 9:30 AM,,,,,,,,,,,,,,,,,,,,,,,,,10.09,NAMUR LAKE,NAMUR LAKE,5,---,mg/l,2730,FIELD,01SWE03691,01SWE03699,,09/13/2001 9:58 AM,Centre,DISCRETE SAMPLE (GRAB),,,,
Far,09/03/2010 9:30 AM,,,,,,,,,,,,,,,,,,,,,,,,,9.84,NAMUR LAKE,NAMUR LAKE,19,---,mg/l,2730,FIELD,04SWE03018,04SWE03033,,08/29/2004 8:45 AM,Centre,DISCRETE SAMPLE (GRAB),,,,
Far,09/03/2010 9:30 AM,,,,,,,,,,,,,,,,,,,,,,,,,6.05,NAMUR LAKE,NAMUR LAKE,17,---,mg/l,2730,FIELD,04SWE03018,04SWE03031,,08/29/2004 8:45 AM,Centre,DISCRETE SAMPLE (GRAB),,,,
Far,09/03/2010 9:30 AM,,,,,,,,,,,,,,,,,,,,,,,,,6.21,NAMUR LAKE,NAMUR LAKE,15,---,mg/l,2730,FIELD,04SWE03018,04SWE03029,,08/29/2004 8:45 AM,Centre,DISCRETE SAMPLE (GRAB),,,,
Far,09/03/2010 9:30 AM,,,,,,,,,,,,,,,,,,,,,,,,,8.71,NAMUR LAKE,NAMUR LAKE,12.5,---,mg/l,2730,FIELD,04SWE03018,04SWE03027,,08/29/2004 8:45 AM,Centre,DISCRETE SAMPLE (GRAB),,,,
Far,09/03/2010 9:30 AM,,,,,,,,,,,,,,,,,,,,,,,,,8.89,NAMUR LAKE,NAMUR LAKE,7.5,---,mg/l,2730,FIELD,04SWE03018,04SWE03025,,08/29/2004 8:45 AM,Centre,DISCRETE SAMPLE (GRAB),,,,
Far,09/03/2010 9:30 AM,,,,,,,,,,,,,,,,,,,,,,,,,9,NAMUR LAKE,NAMUR LAKE,4,---,mg/l,2730,FIELD,04SWE03018,04SWE03023,,08/29/2004 8:45 AM,Centre,DISCRETE SAMPLE (GRAB),,,,
Far,09/03/2010 9:30 AM,,,,,,,,,,,,,,,,,,,,,,,,,8.92,NAMUR LAKE,NAMUR LAKE,2,---,mg/l,2730,FIELD,04SWE03018,04SWE03021,,08/29/2004 8:45 AM,Centre,DISCRETE SAMPLE (GRAB),,,,
Far,09/03/2010 9:30 AM,,,,,,,,,,,,,,,,,,,,,,,,,9.1,NAMUR LAKE,NAMUR LAKE,0.1,---,mg/l,2730,FIELD,04SWE03018,04SWE03019,,08/29/2004 8:45 AM,Centre,DISCRETE SAMPLE (GRAB),,,,
Far,08/30/2011 10:30 AM,,,,,,,,,,,,,,,,,,,,,,,,,9.14,NAMUR LAKE,NAMUR LAKE,1,---,mg/l,2730,FIELD,04SWE03018,04SWE03020,,08/29/2004 8:45 AM,Centre,DISCRETE SAMPLE (GRAB),,,,
Far,08/30/2011 10:30 AM,,,,,,,,,,,,,,,,,,,,,,,,,9.02,NAMUR LAKE,NAMUR LAKE,3,---,mg/l,2730,FIELD,04SWE03018,04SWE03022,,08/29/2004 8:45 AM,Centre,DISCRETE SAMPLE (GRAB),,,,
Far,08/30/2011 10:30 AM,,,,,,,,,,,,,,,,,,,,,,,,,9.09,NAMUR LAKE,NAMUR LAKE,5,---,mg/l,2730,FIELD,04SWE03018,04SWE03024,,08/29/2004 8:45 AM,Centre,DISCRETE SAMPLE (GRAB),,,,
Far,08/30/2011 10:30 AM,,,,,,,,,,,,,,,,,,,,,,,,,8.98,NAMUR LAKE,NAMUR LAKE,10,---,mg/l,2730,FIELD,04SWE03018,04SWE03026,,08/29/2004 8:45 AM,Centre,DISCRETE SAMPLE (GRAB),,,,
Far,08/30/2011 10:30 AM,,,,,,,,,,,,,,,,,,,,,,,,,8.91,NAMUR LAKE,NAMUR LAKE,14,---,mg/l,2730,FIELD,04SWE03018,04SWE03028,,08/29/2004 8:45 AM,Centre,DISCRETE SAMPLE (GRAB),,,,
Far,08/30/2011 10:30 AM,,,,,,,,,,,,,,,,,,,,,,,,,8.87,NAMUR LAKE,NAMUR LAKE,16,---,mg/l,2730,FIELD,04SWE03018,04SWE03030,,08/29/2004 8:45 AM,Centre,DISCRETE SAMPLE (GRAB),,,,
Far,08/30/2011 10:30 AM,,,,,,,,,,,,,,,,,,,,,,,,,6.21,NAMUR LAKE,NAMUR LAKE,18,---,mg/l,2730,FIELD,04SWE03018,04SWE03032,,08/29/2004 8:45 AM,Centre,DISCRETE SAMPLE (GRAB),,,,
Far,08/30/2011 10:30 AM,,,,,,,,,,,,,,,,,,,,,,,,,6.1,NAMUR LAKE,NAMUR LAKE,21,---,mg/l,2730,FIELD,04SWE03018,04SWE03034,,08/29/2004 8:45 AM,Centre,DISCRETE SAMPLE (GRAB),,,,
Far,08/30/2012 9:00 AM,,,,,,,,,,,,,,,,,,,,,,,,,0.4,NAMUR LAKE,NAMUR LAKE,0.1,---,mg/l,2730,FIELD,05SWE02657,05SWE02659,,08/27/2005 8:58 AM,Centre,DISCRETE SAMPLE (GRAB),,,,
Far,08/30/2012 9:00 AM,,,,,,,,,,,,,,,,,,,,,,,,,9.55,NAMUR LAKE,NAMUR LAKE,1,---,mg/l,2730,FIELD,05SWE02657,05SWE02660,,08/27/2005 8:59 AM,Centre,DISCRETE SAMPLE (GRAB),,,,
Far,08/30/2012 9:00 AM,,,,,,,,,,,,,,,,,,,,,,,,,9.43,NAMUR LAKE,NAMUR LAKE,2,---,mg/l,2730,FIELD,05SWE02657,05SWE02661,,08/27/2005 9:00 AM,Centre,DISCRETE SAMPLE (GRAB),,,,
Far,08/30/2012 9:00 AM,,,,,,,,,,,,,,,,,,,,,,,,,9.43,NAMUR LAKE,NAMUR LAKE,3,---,mg/l,2730,FIELD,05SWE02657,05SWE02662,,08/27/2005 9:01 AM,Centre,DISCRETE SAMPLE (GRAB),,,,
Far,08/30/2012 9:00 AM,,,,,,,,,,,,,,,,,,,,,,,,,9.45,NAMUR LAKE,NAMUR LAKE,4,---,mg/l,2730,FIELD,05SWE02657,05SWE02663,,08/27/2005 9:02 AM,Centre,DISCRETE SAMPLE (GRAB),,,,
Far,08/30/2012 9:00 AM,,,,,,,,,,,,,,,,,,,,,,,,,9.26,NAMUR LAKE,NAMUR LAKE,5,---,mg/l,2730,FIELD,05SWE02657,05SWE02664,,08/27/2005 9:03 AM,Centre,DISCRETE SAMPLE (GRAB),,,,
Far,08/30/2012 9:00 AM,,,,,,,,,,,,,,,,,,,,,,,,,9.26,NAMUR LAKE,NAMUR LAKE,6,---,mg/l,2730,FIELD,05SWE02657,05SWE02665,,08/27/2005 9:04 AM,Centre,DISCRETE SAMPLE (GRAB),,,,
Far,08/30/2012 9:00 AM,,,,,,,,,,,,,,,,,,,,,,,,,9.26,NAMUR LAKE,NAMUR LAKE,7,---,mg/l,2730,FIELD,05SWE02657,05SWE02666,,08/27/2005 9:05 AM,Centre,DISCRETE SAMPLE (GRAB),,,,
Far,08/30/2012 9:00 AM,,,,,,,,,,,,,,,,,,,,,,,,,9.15,NAMUR LAKE,NAMUR LAKE,8,---,mg/l,2730,FIELD,05SWE02657,05SWE02667,,08/27/2005 9:06 AM,Centre,DISCRETE SAMPLE (GRAB),,,,
Far,08/30/2012 9:00 AM,,,,,,,,,,,,,,,,,,,,,,,,,9.16,NAMUR LAKE,NAMUR LAKE,9,---,mg/l,2730,FIELD,05SWE02657,05SWE02668,,08/27/2005 9:07 AM,Centre,DISCRETE SAMPLE (GRAB),,,,
Far,08/30/2012 9:00 AM,,,,,,,,,,,,,,,,,,,,,,,,,9.16,NAMUR LAKE,NAMUR LAKE,10,---,mg/l,2730,FIELD,05SWE02657,05SWE02669,,08/27/2005 9:08 AM,Centre,DISCRETE SAMPLE (GRAB),,,,
Far,08/30/2012 9:00 AM,,,,,,,,,,,,,,,,,,,,,,,,,9.11,NAMUR LAKE,NAMUR LAKE,11,---,mg/l,2730,FIELD,05SWE02657,05SWE02670,,08/27/2005 9:09 AM,Centre,DISCRETE SAMPLE (GRAB),,,,
Far,08/30/2012 9:00 AM,,,,,,,,,,,,,,,,,,,,,,,,,9.11,NAMUR LAKE,NAMUR LAKE,12,---,mg/l,2730,FIELD,05SWE02657,05SWE02671,,08/27/2005 9:10 AM,Centre,DISCRETE SAMPLE (GRAB),,,,
Far,08/30/2012 9:00 AM,,,,,,,,,,,,,,,,,,,,,,,,,9,NAMUR LAKE,NAMUR LAKE,13,---,mg/l,2730,FIELD,05SWE02657,05SWE02672,,08/27/2005 9:11 AM,Centre,DISCRETE SAMPLE (GRAB),,,,
Far,08/30/2012 9:00 AM,,,,,,,,,,,,,,,,,,,,,,,,,8.95,NAMUR LAKE,NAMUR LAKE,14,---,mg/l,2730,FIELD,05SWE02657,05SWE02673,,08/27/2005 9:12 AM,Centre,DISCRETE SAMPLE (GRAB),,,,
Far,08/30/2012 9:00 AM,,,,,,,,,,,,,,,,,,,,,,,,,8.95,NAMUR LAKE,NAMUR LAKE,15,---,mg/l,2730,FIELD,05SWE02657,05SWE02674,,08/27/2005 9:13 AM,Centre,DISCRETE SAMPLE (GRAB),,,,
Far,08/30/2012 9:00 AM,,,,,,,,,,,,,,,,,,,,,,,,,8.82,NAMUR LAKE,NAMUR LAKE,16,---,mg/l,2730,FIELD,05SWE02657,05SWE02675,,08/27/2005 9:14 AM,Centre,DISCRETE SAMPLE (GRAB),,,,
Far,08/30/2012 9:00 AM,,,,,,,,,,,,,,,,,,,,,,,,,8.75,NAMUR LAKE,NAMUR LAKE,17,---,mg/l,2730,FIELD,05SWE02657,05SWE02676,,08/27/2005 9:15 AM,Centre,DISCRETE SAMPLE (GRAB),,,,
Far,08/30/2012 9:00 AM,,,,,,,,,,,,,,,,,,,,,,,,,8.74,NAMUR LAKE,NAMUR LAKE,18,---,mg/l,2730,FIELD,05SWE02657,05SWE02677,,08/27/2005 9:16 AM,Centre,DISCRETE SAMPLE (GRAB),,,,
Far,08/30/2012 9:00 AM,,,,,,,,,,,,,,,,,,,,,,,,,8.74,NAMUR LAKE,NAMUR LAKE,19,---,mg/l,2730,FIELD,05SWE02657,05SWE02678,,08/27/2005 9:17 AM,Centre,DISCRETE SAMPLE (GRAB),,,,
Far,08/30/2012 9:00 AM,,,,,,,,,,,,,,,,,,,,,,,,,8.6,NAMUR LAKE,NAMUR LAKE,20,---,mg/l,2730,FIELD,05SWE02657,05SWE02679,,08/27/2005 9:18 AM,Centre,DISCRETE SAMPLE (GRAB),,,,
Far,08/30/2012 9:00 AM,,,,,,,,,,,,,,,,,,,,,,,,,8.42,NAMUR LAKE,NAMUR LAKE,21,---,mg/l,2730,FIELD,05SWE02657,05SWE02680,,08/27/2005 9:19 AM,Centre,DISCRETE SAMPLE (GRAB),,,,
Far,08/26/2013 12:45 PM,,,,,,,,,,,,,,,,,,,,,,,,,7.93,NAMUR LAKE,NAMUR LAKE,22,---,mg/l,2730,FIELD,05SWE02657,05SWE02681,,08/27/2005 9:20 AM,Centre,DISCRETE SAMPLE (GRAB),,,,
Far,08/26/2013 12:45 PM,,,,,,,,,,,,,,,,,,,,,,,,,7.18,NAMUR LAKE,NAMUR LAKE,23,---,mg/l,2730,FIELD,05SWE02657,05SWE02682,,08/27/2005 9:21 AM,Centre,DISCRETE SAMPLE (GRAB),,,,
Far,08/26/2013 12:45 PM,,,,,,,,,,,,,,,,,,,,,,,,,6,NAMUR LAKE,NAMUR LAKE,24,---,mg/l,2730,FIELD,05SWE02657,05SWE02683,,08/27/2005 9:22 AM,Centre,DISCRETE SAMPLE (GRAB),,,,
Far,08/26/2013 12:45 PM,,,,,,,,,,,,,,,,,,,,,,,,,4.26,NAMUR LAKE,NAMUR LAKE,0.1,---,mg/l,2730,FIELD,06SWE03292,06SWE03293,,08/21/2006 11:10 AM,Centre,DISCRETE SAMPLE (GRAB),,,,
Far,08/26/2013 12:45 PM,,,,,,,,,,,,,,,,,,,,,,,,,8.74,NAMUR LAKE,NAMUR LAKE,0.5,---,mg/l,2730,FIELD,06SWE03292,06SWE03294,,08/21/2006 11:11 AM,Centre,DISCRETE SAMPLE (GRAB),,,,
Far,08/26/2013 12:45 PM,,,,,,,,,,,,,,,,,,,,,,,,,8.66,NAMUR LAKE,NAMUR LAKE,1,---,mg/l,2730,FIELD,06SWE03292,06SWE03295,,08/21/2006 11:11 AM,Centre,DISCRETE SAMPLE (GRAB),,,,
Far,08/26/2013 12:45 PM,,,,,,,,,,,,,,,,,,,,,,,,,8.65,NAMUR LAKE,NAMUR LAKE,1.5,---,mg/l,2730,FIELD,06SWE03292,06SWE03296,,08/21/2006 11:12 AM,Centre,DISCRETE SAMPLE (GRAB),,,,
Far,08/26/2013 12:45 PM,,,,,,,,,,,,,,,,,,,,,,,,,8.59,NAMUR LAKE,NAMUR LAKE,2,---,mg/l,2730,FIELD,06SWE03292,06SWE03297,,08/21/2006 11:13 AM,Centre,DISCRETE SAMPLE (GRAB),,,,
Far,08/26/2013 12:45 PM,,,,,,,,,,,,,,,,,,,,,,,,,8.59,NAMUR LAKE,NAMUR LAKE,3,---,mg/l,2730,FIELD,06SWE03292,06SWE03298,,08/21/2006 11:14 AM,Centre,DISCRETE SAMPLE (GRAB),,,,
Far,08/26/2013 12:45 PM,,,,,,,,,,,,,,,,,,,,,,,,,8.57,NAMUR LAKE,NAMUR LAKE,4,---,mg/l,2730,FIELD,06SWE03292,06SWE03299,,08/21/2006 11:15 AM,Centre,DISCRETE SAMPLE (GRAB),,,,
Far,08/26/2013 12:45 PM,,,,,,,,,,,,,,,,,,,,,,,,,8.6,NAMUR LAKE,NAMUR LAKE,5,---,mg/l,2730,FIELD,06SWE03292,06SWE03300,,08/21/2006 11:16 AM,Centre,DISCRETE SAMPLE (GRAB),,,,
Far,08/26/2013 12:45 PM,,,,,,,,,,,,,,,,,,,,,,,,,8.55,NAMUR LAKE,NAMUR LAKE,6,---,mg/l,2730,FIELD,06SWE03292,06SWE03301,,08/21/2006 11:17 AM,Centre,DISCRETE SAMPLE (GRAB),,,,
Far,08/26/2013 12:45 PM,,,,,,,,,,,,,,,,,,,,,,,,,8.43,NAMUR LAKE,NAMUR LAKE,7,---,mg/l,2730,FIELD,06SWE03292,06SWE03302,,08/21/2006 11:18 AM,Centre,DISCRETE SAMPLE (GRAB),,,,
Far,08/26/2013 12:45 PM,,,,,,,,,,,,,,,,,,,,,,,,,8.31,NAMUR LAKE,NAMUR LAKE,8,---,mg/l,2730,FIELD,06SWE03292,06SWE03303,,08/21/2006 11:19 AM,Centre,DISCRETE SAMPLE (GRAB),,,,
Far,08/26/2013 12:45 PM,,,,,,,,,,,,,,,,,,,,,,,,,8.32,NAMUR LAKE,NAMUR LAKE,9,---,mg/l,2730,FIELD,06SWE03292,06SWE03304,,08/21/2006 11:20 AM,Centre,DISCRETE SAMPLE (GRAB),,,,
Far,08/26/2013 12:45 PM,,,,,,,,,,,,,,,,,,,,,,,,,8.27,NAMUR LAKE,NAMUR LAKE,10,---,mg/l,2730,FIELD,06SWE03292,06SWE03305,,08/21/2006 11:21 AM,Centre,DISCRETE SAMPLE (GRAB),,,,
Far,08/26/2013 12:45 PM,,,,,,,,,,,,,,,,,,,,,,,,,8.16,NAMUR LAKE,NAMUR LAKE,11,---,mg/l,2730,FIELD,06SWE03292,06SWE03306,,08/21/2006 11:22 AM,Centre,DISCRETE SAMPLE (GRAB),,,,
Far,08/26/2013 12:45 PM,,,,,,,,,,,,,,,,,,,,,,,,,8.11,NAMUR LAKE,NAMUR LAKE,12,---,mg/l,2730,FIELD,06SWE03292,06SWE03307,,08/21/2006 11:23 AM,Centre,DISCRETE SAMPLE (GRAB),,,,
Far,08/26/2013 12:45 PM,,,,,,,,,,,,,,,,,,,,,,,,,8.13,NAMUR LAKE,NAMUR LAKE,13,---,mg/l,2730,FIELD,06SWE03292,06SWE03308,,08/21/2006 11:24 AM,Centre,DISCRETE SAMPLE (GRAB),,,,
Far,08/26/2013 12:45 PM,,,,,,,,,,,,,,,,,,,,,,,,,7.48,NAMUR LAKE,NAMUR LAKE,14,---,mg/l,2730,FIELD,06SWE03292,06SWE03309,,08/21/2006 11:25 AM,Centre,DISCRETE SAMPLE (GRAB),,,,
Far,08/26/2013 12:45 PM,,,,,,,,,,,,,,,,,,,,,,,,,6.87,NAMUR LAKE,NAMUR LAKE,15,---,mg/l,2730,FIELD,06SWE03292,06SWE03310,,08/21/2006 11:26 AM,Centre,DISCRETE SAMPLE (GRAB),,,,
Far,08/26/2013 12:45 PM,,,,,,,,,,,,,,,,,,,,,,,,,6.46,NAMUR LAKE,NAMUR LAKE,16,---,mg/l,2730,FIELD,06SWE03292,06SWE03311,,08/21/2006 11:27 AM,Centre,DISCRETE SAMPLE (GRAB),,,,
Far,08/26/2013 12:45 PM,,,,,,,,,,,,,,,,,,,,,,,,,6.34,NAMUR LAKE,NAMUR LAKE,17,---,mg/l,2730,FIELD,06SWE03292,06SWE03312,,08/21/2006 11:28 AM,Centre,DISCRETE SAMPLE (GRAB),,,,
Far,08/26/2013 12:45 PM,,,,,,,,,,,,,,,,,,,,,,,,,6.35,NAMUR LAKE,NAMUR LAKE,18,---,mg/l,2730,FIELD,06SWE03292,06SWE03313,,08/21/2006 11:29 AM,Centre,DISCRETE SAMPLE (GRAB),,,,
Far,08/26/2013 12:45 PM,,,,,,,,,,,,,,,,,,,,,,,,,6.45,NAMUR LAKE,NAMUR LAKE,19,---,mg/l,2730,FIELD,06SWE03292,06SWE03314,,08/21/2006 11:30 AM,Centre,DISCRETE SAMPLE (GRAB),,,,
Far,08/19/2014 2:30 PM,,,,,,,,,,,,,,,,,,,,,,,,,6.49,NAMUR LAKE,NAMUR LAKE,22,---,mg/l,2730,FIELD,06SWE03292,06SWE03315,,08/21/2006 11:31 AM,Centre,DISCRETE SAMPLE (GRAB),,,,
Far,08/19/2014 2:30 PM,,,,,,,,,,,,,,,,,,,,,,,,,5.14,NAMUR LAKE,NAMUR LAKE,16,---,mg/l,2730,FIELD,09SWE00827,09SWE00846,,08/19/2009 9:47 AM,Centre,DISCRETE SAMPLE (GRAB),,,,
Far,08/19/2014 2:30 PM,,,,,,,,,,,,,,,,,,,,,,,,,7.47,NAMUR LAKE,NAMUR LAKE,14,---,mg/l,2730,FIELD,09SWE00827,09SWE00844,,08/19/2009 9:45 AM,Centre,DISCRETE SAMPLE (GRAB),,,,
Far,08/19/2014 2:30 PM,,,,,,,,,,,,,,,,,,,,,,,,,7.39,NAMUR LAKE,NAMUR LAKE,12,---,mg/l,2730,FIELD,09SWE00827,09SWE00842,,08/19/2009 9:43 AM,Centre,DISCRETE SAMPLE (GRAB),,,,
Far,08/19/2014 2:30 PM,,,,,,,,,,,,,,,,,,,,,,,,,7.51,NAMUR LAKE,NAMUR LAKE,10,---,mg/l,2730,FIELD,09SWE00827,09SWE00840,,08/19/2009 9:41 AM,Centre,DISCRETE SAMPLE (GRAB),,,,
Far,08/19/2014 2:30 PM,,,,,,,,,,,,,,,,,,,,,,,,,9.05,NAMUR LAKE,NAMUR LAKE,8,---,mg/l,2730,FIELD,09SWE00827,09SWE00838,,08/19/2009 9:39 AM,Centre,DISCRETE SAMPLE (GRAB),,,,
Far,08/19/2014 2:30 PM,,,,,,,,,,,,,,,,,,,,,,,,,9.07,NAMUR LAKE,NAMUR LAKE,6,---,mg/l,2730,FIELD,09SWE00827,09SWE00836,,08/19/2009 9:37 AM,Centre,DISCRETE SAMPLE (GRAB),,,,
Far,08/19/2014 2:30 PM,,,,,,,,,,,,,,,,,,,,,,,,,9.11,NAMUR LAKE,NAMUR LAKE,4,---,mg/l,2730,FIELD,09SWE00827,09SWE00834,,08/19/2009 9:35 AM,Centre,DISCRETE SAMPLE (GRAB),,,,
Far,08/19/2014 2:30 PM,,,,,,,,,,,,,,,,,,,,,,,,,9.13,NAMUR LAKE,NAMUR LAKE,2,---,mg/l,2730,FIELD,09SWE00827,09SWE00832,,08/19/2009 9:33 AM,Centre,DISCRETE SAMPLE (GRAB),,,,
Far,08/19/2014 2:30 PM,,,,,,,,,,,,,,,,,,,,,,,,,9.14,NAMUR LAKE,NAMUR LAKE,0.5,---,mg/l,2730,FIELD,09SWE00827,09SWE00830,,08/19/2009 9:31 AM,Centre,DISCRETE SAMPLE (GRAB),,,,
Far,08/19/2014 2:30 PM,,,,,,,,,,,,,,,,,,,,,,,,,9.17,NAMUR LAKE,NAMUR LAKE,0.1,---,mg/l,2730,FIELD,09SWE00827,09SWE00829,,08/19/2009 9:30 AM,Centre,DISCRETE SAMPLE (GRAB),,,,
Far,08/19/2014 2:30 PM,,,,,,,,,,,,,,,,,,,,,,,,,9.17,NAMUR LAKE,NAMUR LAKE,1,---,mg/l,2730,FIELD,09SWE00827,09SWE00831,,08/19/2009 9:32 AM,Centre,DISCRETE SAMPLE (GRAB),,,,
Far,08/19/2014 2:30 PM,,,,,,,,,,,,,,,,,,,,,,,,,9.17,NAMUR LAKE,NAMUR LAKE,3,---,mg/l,2730,FIELD,09SWE00827,09SWE00833,,08/19/2009 9:34 AM,Centre,DISCRETE SAMPLE (GRAB),,,,
Far,08/19/2014 2:30 PM,,,,,,,,,,,,,,,,,,,,,,,,,9.14,NAMUR LAKE,NAMUR LAKE,5,---,mg/l,2730,FIELD,09SWE00827,09SWE00835,,08/19/2009 9:36 AM,Centre,DISCRETE SAMPLE (GRAB),,,,
Far,08/19/2014 2:30 PM,,,,,,,,,,,,,,,,,,,,,,,,,9.13,NAMUR LAKE,NAMUR LAKE,7,---,mg/l,2730,FIELD,09SWE00827,09SWE00837,,08/19/2009 9:38 AM,Centre,DISCRETE SAMPLE (GRAB),,,,
Far,08/19/2014 2:30 PM,,,,,,,,,,,,,,,,,,,,,,,,,9.1,NAMUR LAKE,NAMUR LAKE,9,---,mg/l,2730,FIELD,09SWE00827,09SWE00839,,08/19/2009 9:40 AM,Centre,DISCRETE SAMPLE (GRAB),,,,
Far,08/19/2014 2:30 PM,,,,,,,,,,,,,,,,,,,,,,,,,9.06,NAMUR LAKE,NAMUR LAKE,11,---,mg/l,2730,FIELD,09SWE00827,09SWE00841,,08/19/2009 9:42 AM,Centre,DISCRETE SAMPLE (GRAB),,,,
Far,08/19/2014 2:30 PM,,,,,,,,,,,,,,,,,,,,,,,,,8.97,NAMUR LAKE,NAMUR LAKE,13,---,mg/l,2730,FIELD,09SWE00827,09SWE00843,,08/19/2009 9:44 AM,Centre,DISCRETE SAMPLE (GRAB),,,,
Far,08/19/2014 2:30 PM,,,,,,,,,,,,,,,,,,,,,,,,,7.52,NAMUR LAKE,NAMUR LAKE,15,---,mg/l,2730,FIELD,09SWE00827,09SWE00845,,08/19/2009 9:46 AM,Centre,DISCRETE SAMPLE (GRAB),,,,
Far,08/19/2014 2:30 PM,,,,,,,,,,,,,,,,,,,,,,,,,7.31,NAMUR LAKE,NAMUR LAKE,17,---,mg/l,2730,FIELD,09SWE00827,09SWE00847,,08/19/2009 9:48 AM,Centre,DISCRETE SAMPLE (GRAB),,,,
Far,08/19/2014 2:30 PM,,,,,,,,,,,,,,,,,,,,,,,,,7.66,NAMUR LAKE,NAMUR LAKE,14,---,mg/l,1788,FIELD,10SWE01484,10SWE01501,,09/03/2010 9:41 AM,Centre,DISCRETE SAMPLE (GRAB),,,,
Far,08/19/2014 2:30 PM,,,,,,,,,,,,,,,,,,,,,,,,,8.41,NAMUR LAKE,NAMUR LAKE,12,---,mg/l,1788,FIELD,10SWE01484,10SWE01499,,09/03/2010 9:39 AM,Centre,DISCRETE SAMPLE (GRAB),,,,
Far,08/19/2014 2:30 PM,,,,,,,,,,,,,,,,,,,,,,,,,8.4,NAMUR LAKE,NAMUR LAKE,10,---,mg/l,1788,FIELD,10SWE01484,10SWE01497,,09/03/2010 9:37 AM,Centre,DISCRETE SAMPLE (GRAB),,,,
Far,08/19/2014 2:30 PM,,,,,,,,,,,,,,,,,,,,,,,,,8.49,NAMUR LAKE,NAMUR LAKE,8,---,mg/l,1788,FIELD,10SWE01484,10SWE01495,,09/03/2010 9:35 AM,Centre,DISCRETE SAMPLE (GRAB),,,,
Far,08/19/2014 2:30 PM,,,,,,,,,,,,,,,,,,,,,,,,,8.86,NAMUR LAKE,NAMUR LAKE,6,---,mg/l,1788,FIELD,10SWE01484,10SWE01493,,09/03/2010 9:33 AM,Centre,DISCRETE SAMPLE (GRAB),,,,
Far,08/19/2014 2:30 PM,,,,,,,,,,,,,,,,,,,,,,,,,8.94,NAMUR LAKE,NAMUR LAKE,4,---,mg/l,1788,FIELD,10SWE01484,10SWE01491,,09/03/2010 9:30 AM,Centre,DISCRETE SAMPLE (GRAB),,,,
Far,08/19/2014 2:30 PM,,,,,,,,,,,,,,,,,,,,,,,,,9.16,NAMUR LAKE,NAMUR LAKE,2,---,mg/l,1788,FIELD,10SWE01484,10SWE01489,,09/03/2010 9:28 AM,Centre,DISCRETE SAMPLE (GRAB),,,,
Far,08/19/2014 2:30 PM,,,,,,,,,,,,,,,,,,,,,,,,,9.21,NAMUR LAKE,NAMUR LAKE,0.5,---,mg/l,1788,FIELD,10SWE01484,10SWE01487,,09/03/2010 9:27 AM,Centre,DISCRETE SAMPLE (GRAB),,,,
Far,08/19/2014 2:30 PM,,,,,,,,,,,,,,,,,,,,,,,,,9.23,NAMUR LAKE,NAMUR LAKE,0.1,---,mg/l,1788,FIELD,10SWE01484,10SWE01486,,09/03/2010 9:26 AM,Centre,DISCRETE SAMPLE (GRAB),,,,
Far,08/19/2014 2:30 PM,,,,,,,,,,,,,,,,,,,,,,,,,9.23,NAMUR LAKE,NAMUR LAKE,1,---,mg/l,1788,FIELD,10SWE01484,10SWE01488,,09/03/2010 9:28 AM,Centre,DISCRETE SAMPLE (GRAB),,,,
Far,08/27/2015 4:30 PM,,,,,,,,,,,,,,,,,,,,,,,,,9.22,NAMUR LAKE,NAMUR LAKE,3,---,mg/l,1788,FIELD,10SWE01484,10SWE01490,,09/03/2010 9:29 AM,Centre,DISCRETE SAMPLE (GRAB),,,,
Far,08/27/2015 4:30 PM,,,,,,,,,,,,,,,,,,,,,,,,,9.18,NAMUR LAKE,NAMUR LAKE,5,---,mg/l,1788,FIELD,10SWE01484,10SWE01492,,09/03/2010 9:31 AM,Centre,DISCRETE SAMPLE (GRAB),,,,
Far,08/27/2015 4:30 PM,,,,,,,,,,,,,,,,,,,,,,,,,9.04,NAMUR LAKE,NAMUR LAKE,7,---,mg/l,1788,FIELD,10SWE01484,10SWE01494,,09/03/2010 9:34 AM,Centre,DISCRETE SAMPLE (GRAB),,,,
Far,08/27/2015 4:30 PM,,,,,,,,,,,,,,,,,,,,,,,,,8.89,NAMUR LAKE,NAMUR LAKE,9,---,mg/l,1788,FIELD,10SWE01484,10SWE01496,,09/03/2010 9:36 AM,Centre,DISCRETE SAMPLE (GRAB),,,,
Far,08/27/2015 4:30 PM,,,,,,,,,,,,,,,,,,,,,,,,,8.79,NAMUR LAKE,NAMUR LAKE,11,---,mg/l,1788,FIELD,10SWE01484,10SWE01498,,09/03/2010 9:38 AM,Centre,DISCRETE SAMPLE (GRAB),,,,
Far,08/27/2015 4:30 PM,,,,,,,,,,,,,,,,,,,,,,,,,8.4,NAMUR LAKE,NAMUR LAKE,13,---,mg/l,1788,FIELD,10SWE01484,10SWE01500,,09/03/2010 9:40 AM,Centre,DISCRETE SAMPLE (GRAB),,,,
Far,08/27/2015 4:30 PM,,,,,,,,,,,,,,,,,,,,,,,,,8.47,NAMUR LAKE,NAMUR LAKE,8,---,mg/l,1788,FIELD,11SWE06596,11SWE06605,,08/30/2011 9:38 AM,Centre,DISCRETE SAMPLE (GRAB),,,,
Far,08/27/2015 4:30 PM,,,,,,,,,,,,,,,,,,,,,,,,,8.63,NAMUR LAKE,NAMUR LAKE,6,---,mg/l,1788,FIELD,11SWE06596,11SWE06603,,08/30/2011 9:36 AM,Centre,DISCRETE SAMPLE (GRAB),,,,
Far,08/27/2015 4:30 PM,,,,,,,,,,,,,,,,,,,,,,,,,8.65,NAMUR LAKE,NAMUR LAKE,4,---,mg/l,1788,FIELD,11SWE06596,11SWE06601,,08/30/2011 9:34 AM,Centre,DISCRETE SAMPLE (GRAB),,,,
Far,08/27/2015 4:30 PM,,,,,,,,,,,,,,,,,,,,,,,,,8.62,NAMUR LAKE,NAMUR LAKE,2,---,mg/l,1788,FIELD,11SWE06596,11SWE06599,,08/30/2011 9:32 AM,Centre,DISCRETE SAMPLE (GRAB),,,,
Far,08/27/2015 4:30 PM,,,,,,,,,,,,,,,,,,,,,,,,,8.7,NAMUR LAKE,NAMUR LAKE,1,---,mg/l,1788,FIELD,11SWE06596,11SWE06598,,08/30/2011 9:31 AM,Centre,DISCRETE SAMPLE (GRAB),,,,
Far,08/27/2015 4:30 PM,,,,,,,,,,,,,,,,,,,,,,,,,8.72,NAMUR LAKE,NAMUR LAKE,3,---,mg/l,1788,FIELD,11SWE06596,11SWE06600,,08/30/2011 9:33 AM,Centre,DISCRETE SAMPLE (GRAB),,,,
Far,08/27/2015 4:30 PM,,,,,,,,,,,,,,,,,,,,,,,,,8.67,NAMUR LAKE,NAMUR LAKE,5,---,mg/l,1788,FIELD,11SWE06596,11SWE06602,,08/30/2011 9:35 AM,Centre,DISCRETE SAMPLE (GRAB),,,,
Far,08/27/2015 4:30 PM,,,,,,,,,,,,,,,,,,,,,,,,,8.63,NAMUR LAKE,NAMUR LAKE,7,---,mg/l,1788,FIELD,11SWE06596,11SWE06604,,08/30/2011 9:37 AM,Centre,DISCRETE SAMPLE (GRAB),,,,
Far,08/27/2015 4:30 PM,,,,,,,,,,,,,,,,,,,,,,,,,8.67,NAMUR LAKE,NAMUR LAKE,14,---,mg/l,1788,FIELD,12SWE02310,12SWE02333,,08/30/2012 8:42 AM,Centre,DISCRETE SAMPLE (GRAB),,,,
Far,08/27/2015 4:30 PM,,,,,,,,,,,,,,,,,,,,,,,,,5.8,NAMUR LAKE,NAMUR LAKE,12,---,mg/l,1788,FIELD,12SWE02310,12SWE02331,,08/30/2012 8:41 AM,Centre,DISCRETE SAMPLE (GRAB),,,,
Far,08/27/2015 4:30 PM,,,,,,,,,,,,,,,,,,,,,,,,,8.89,NAMUR LAKE,NAMUR LAKE,10,---,mg/l,1788,FIELD,12SWE02310,12SWE02329,,08/30/2012 8:38 AM,Centre,DISCRETE SAMPLE (GRAB),,,,
Far,08/27/2015 4:30 PM,,,,,,,,,,,,,,,,,,,,,,,,,8.91,NAMUR LAKE,NAMUR LAKE,8,---,mg/l,1788,FIELD,12SWE02310,12SWE02327,,08/30/2012 8:35 AM,Centre,DISCRETE SAMPLE (GRAB),,,,
Far,08/27/2015 4:30 PM,,,,,,,,,,,,,,,,,,,,,,,,,8.9,NAMUR LAKE,NAMUR LAKE,7,---,mg/l,1788,FIELD,12SWE02310,12SWE02325,,08/30/2012 8:32 AM,Centre,DISCRETE SAMPLE (GRAB),,,,
Far,08/27/2015 4:30 PM,,,,,,,,,,,,,,,,,,,,,,,,,8.9,NAMUR LAKE,NAMUR LAKE,6,---,mg/l,1788,FIELD,12SWE02310,12SWE02323,,08/30/2012 8:28 AM,Centre,DISCRETE SAMPLE (GRAB),,,,
Far,08/23/2016 10:30 AM,,,,,,,,,,,,,,,,,,,,,,,,,8.89,NAMUR LAKE,NAMUR LAKE,5,---,mg/l,1788,FIELD,12SWE02310,12SWE02321,,08/30/2012 8:23 AM,Centre,DISCRETE SAMPLE (GRAB),,,,
Far,08/23/2016 10:30 AM,,,,,,,,,,,,,,,,,,,,,,,,,8.87,NAMUR LAKE,NAMUR LAKE,4,---,mg/l,1788,FIELD,12SWE02310,12SWE02319,,08/30/2012 8:19 AM,Centre,DISCRETE SAMPLE (GRAB),,,,
Far,08/23/2016 10:30 AM,,,,,,,,,,,,,,,,,,,,,,,,,8.89,NAMUR LAKE,NAMUR LAKE,3,---,mg/l,1788,FIELD,12SWE02310,12SWE02317,,08/30/2012 8:17 AM,Centre,DISCRETE SAMPLE (GRAB),,,,
Far,08/23/2016 10:30 AM,,,,,,,,,,,,,,,,,,,,,,,,,8.88,NAMUR LAKE,NAMUR LAKE,2,---,mg/l,1788,FIELD,12SWE02310,12SWE02315,,08/30/2012 8:16 AM,Centre,DISCRETE SAMPLE (GRAB),,,,
Far,08/23/2016 10:30 AM,,,,,,,,,,,,,,,,,,,,,,,,,8.86,NAMUR LAKE,NAMUR LAKE,1,---,mg/l,1788,FIELD,12SWE02310,12SWE02313,,08/30/2012 8:15 AM,Centre,DISCRETE SAMPLE (GRAB),,,,
Far,08/23/2016 10:30 AM,,,,,,,,,,,,,,,,,,,,,,,,,8.87,NAMUR LAKE,NAMUR LAKE,0.5,---,mg/l,1788,FIELD,12SWE02310,12SWE02312,,08/30/2012 8:14 AM,Centre,DISCRETE SAMPLE (GRAB),,,,
Far,08/23/2016 10:30 AM,,,,,,,,,,,,,,,,,,,,,,,,,8.86,NAMUR LAKE,NAMUR LAKE,1.5,---,mg/l,1788,FIELD,12SWE02310,12SWE02314,,08/30/2012 8:15 AM,Centre,DISCRETE SAMPLE (GRAB),,,,
Far,08/23/2017 8:29 AM,,,,,,,,,,,,,,,,,,,,,,,,,8.88,NAMUR LAKE,NAMUR LAKE,2.5,---,mg/l,1788,FIELD,12SWE02310,12SWE02316,,08/30/2012 8:17 AM,Centre,DISCRETE SAMPLE (GRAB),,,,
Far,08/23/2017 8:29 AM,,,,,,,,,,,,,,,,,,,,,,,,,8.88,NAMUR LAKE,NAMUR LAKE,3.5,---,mg/l,1788,FIELD,12SWE02310,12SWE02318,,08/30/2012 8:18 AM,Centre,DISCRETE SAMPLE (GRAB),,,,
Far,08/23/2017 8:29 AM,,,,,,,,,,,,,,,,,,,,,,,,,8.91,NAMUR LAKE,NAMUR LAKE,4.5,---,mg/l,1788,FIELD,12SWE02310,12SWE02320,,08/30/2012 8:20 AM,Centre,DISCRETE SAMPLE (GRAB),,,,
Far,08/23/2017 8:29 AM,,,,,,,,,,,,,,,,,,,,,,,,,8.89,NAMUR LAKE,NAMUR LAKE,5.5,---,mg/l,1788,FIELD,12SWE02310,12SWE02322,,08/30/2012 8:25 AM,Centre,DISCRETE SAMPLE (GRAB),,,,
Far,08/23/2017 8:29 AM,,,,,,,,,,,,,,,,,,,,,,,,,8.89,NAMUR LAKE,NAMUR LAKE,6.5,---,mg/l,1788,FIELD,12SWE02310,12SWE02324,,08/30/2012 8:30 AM,Centre,DISCRETE SAMPLE (GRAB),,,,
Far,08/23/2017 8:29 AM,,,,,,,,,,,,,,,,,,,,,,,,,8.89,NAMUR LAKE,NAMUR LAKE,7.5,---,mg/l,1788,FIELD,12SWE02310,12SWE02326,,08/30/2012 8:34 AM,Centre,DISCRETE SAMPLE (GRAB),,,,
Far,08/23/2017 8:29 AM,,,,,,,,,,,,,,,,,,,,,,,,,8.86,NAMUR LAKE,NAMUR LAKE,9,---,mg/l,1788,FIELD,12SWE02310,12SWE02328,,08/30/2012 8:37 AM,Centre,DISCRETE SAMPLE (GRAB),,,,
Far,08/23/2017 8:29 AM,,,,,,,,,,,,,,,,,,,,,,,,,8.9,NAMUR LAKE,NAMUR LAKE,11,---,mg/l,1788,FIELD,12SWE02310,12SWE02330,,08/30/2012 8:40 AM,Centre,DISCRETE SAMPLE (GRAB),,,,
Far,08/23/2017 8:29 AM,,,,,,,,,,,,,,,,,,,,,,,,,8.91,NAMUR LAKE,NAMUR LAKE,13,---,mg/l,1788,FIELD,12SWE02310,12SWE02332,,08/30/2012 8:42 AM,Centre,DISCRETE SAMPLE (GRAB),,,,
Far,08/23/2017 8:29 AM,,,,,,,,,,,,,,,,,,,,,,,,,8.64,NAMUR LAKE,NAMUR LAKE,24,---,mg/l,1788,FIELD,13SWE02199,13SWE02225,,08/26/2013 1:27 PM,Centre,DISCRETE SAMPLE (GRAB),,,,
Far,08/23/2017 8:29 AM,,,,,,,,,,,,,,,,,,,,,,,,,2.8,NAMUR LAKE,NAMUR LAKE,22,---,mg/l,1788,FIELD,13SWE02199,13SWE02223,,08/26/2013 1:25 PM,Centre,DISCRETE SAMPLE (GRAB),,,,
Far,08/23/2017 8:29 AM,,,,,,,,,,,,,,,,,,,,,,,,,4.27,NAMUR LAKE,NAMUR LAKE,20,---,mg/l,1788,FIELD,13SWE02199,13SWE02221,,08/26/2013 1:24 PM,Centre,DISCRETE SAMPLE (GRAB),,,,
Far,08/23/2017 8:29 AM,,,,,,,,,,,,,,,,,,,,,,,,,6.14,NAMUR LAKE,NAMUR LAKE,18,---,mg/l,1788,FIELD,13SWE02199,13SWE02219,,08/26/2013 1:22 PM,Centre,DISCRETE SAMPLE (GRAB),,,,
Far,08/23/2017 8:29 AM,,,,,,,,,,,,,,,,,,,,,,,,,6.82,NAMUR LAKE,NAMUR LAKE,16,---,mg/l,1788,FIELD,13SWE02199,13SWE02217,,08/26/2013 1:19 PM,Centre,DISCRETE SAMPLE (GRAB),,,,
Far,08/23/2017 8:29 AM,,,,,,,,,,,,,,,,,,,,,,,,,7.07,NAMUR LAKE,NAMUR LAKE,14,---,mg/l,1788,FIELD,13SWE02199,13SWE02215,,08/26/2013 1:16 PM,Centre,DISCRETE SAMPLE (GRAB),,,,
Far,08/23/2017 8:29 AM,,,,,,,,,,,,,,,,,,,,,,,,,7.08,NAMUR LAKE,NAMUR LAKE,12,---,mg/l,1788,FIELD,13SWE02199,13SWE02213,,08/26/2013 1:15 PM,Centre,DISCRETE SAMPLE (GRAB),,,,
Far,08/23/2017 8:29 AM,,,,,,,,,,,,,,,,,,,,,,,,,7.06,NAMUR LAKE,NAMUR LAKE,10,---,mg/l,1788,FIELD,13SWE02199,13SWE02211,,08/26/2013 1:13 PM,Centre,DISCRETE SAMPLE (GRAB),,,,
Far,08/23/2017 8:29 AM,,,,,,,,,,,,,,,,,,,,,,,,,7.55,NAMUR LAKE,NAMUR LAKE,8,---,mg/l,1788,FIELD,13SWE02199,13SWE02209,,08/26/2013 1:11 PM,Centre,DISCRETE SAMPLE (GRAB),,,,
Far,08/23/2017 8:29 AM,,,,,,,,,,,,,,,,,,,,,,,,,8.96,NAMUR LAKE,NAMUR LAKE,6,---,mg/l,1788,FIELD,13SWE02199,13SWE02207,,08/26/2013 1:09 PM,Centre,DISCRETE SAMPLE (GRAB),,,,
Far,08/23/2017 8:29 AM,,,,,,,,,,,,,,,,,,,,,,,,,9.23,NAMUR LAKE,NAMUR LAKE,4,---,mg/l,1788,FIELD,13SWE02199,13SWE02205,,08/26/2013 1:04 PM,Centre,DISCRETE SAMPLE (GRAB),,,,
Far,08/23/2017 8:29 AM,,,,,,,,,,,,,,,,,,,,,,,,,9.23,NAMUR LAKE,NAMUR LAKE,2,---,mg/l,1788,FIELD,13SWE02199,13SWE02203,,08/26/2013 1:01 PM,Centre,DISCRETE SAMPLE (GRAB),,,,
Far,09/16/2020 8:00 AM,,,,,,,,,,,,,,,,,,,,,,,,,9.3,NAMUR LAKE,NAMUR LAKE,0.5,---,mg/l,1788,FIELD,13SWE02199,13SWE02201,,08/26/2013 12:58 PM,Centre,DISCRETE SAMPLE (GRAB),,,,
Far,09/16/2020 8:00 AM,,,,,,,,,,,,,,,,,,,,,,,,,9.15,NAMUR LAKE,NAMUR LAKE,1,---,mg/l,1788,FIELD,13SWE02199,13SWE02202,,08/26/2013 12:59 PM,Centre,DISCRETE SAMPLE (GRAB),,,,
Far,09/16/2020 8:00 AM,,,,,,,,,,,,,,,,,,,,,,,,,9.31,NAMUR LAKE,NAMUR LAKE,3,---,mg/l,1788,FIELD,13SWE02199,13SWE02204,,08/26/2013 1:02 PM,Centre,DISCRETE SAMPLE (GRAB),,,,
Far,09/16/2020 8:00 AM,,,,,,,,,,,,,,,,,,,,,,,,,9.33,NAMUR LAKE,NAMUR LAKE,5,---,mg/l,1788,FIELD,13SWE02199,13SWE02206,,08/26/2013 1:05 PM,Centre,DISCRETE SAMPLE (GRAB),,,,
Far,09/16/2020 8:00 AM,,,,,,,,,,,,,,,,,,,,,,,,,9.18,NAMUR LAKE,NAMUR LAKE,7,---,mg/l,1788,FIELD,13SWE02199,13SWE02208,,08/26/2013 1:10 PM,Centre,DISCRETE SAMPLE (GRAB),,,,
Far,09/16/2020 8:00 AM,,,,,,,,,,,,,,,,,,,,,,,,,9.17,NAMUR LAKE,NAMUR LAKE,9,---,mg/l,1788,FIELD,13SWE02199,13SWE02210,,08/26/2013 1:12 PM,Centre,DISCRETE SAMPLE (GRAB),,,,
Far,09/16/2020 8:00 AM,,,,,,,,,,,,,,,,,,,,,,,,,8.11,NAMUR LAKE,NAMUR LAKE,11,---,mg/l,1788,FIELD,13SWE02199,13SWE02212,,08/26/2013 1:13 PM,Centre,DISCRETE SAMPLE (GRAB),,,,
Far,09/16/2020 8:00 AM,,,,,,,,,,,,,,,,,,,,,,,,,7.36,NAMUR LAKE,NAMUR LAKE,13,---,mg/l,1788,FIELD,13SWE02199,13SWE02214,,08/26/2013 1:15 PM,Centre,DISCRETE SAMPLE (GRAB),,,,
Far,09/16/2020 8:00 AM,,,,,,,,,,,,,,,,,,,,,,,,,7.16,NAMUR LAKE,NAMUR LAKE,15,---,mg/l,1788,FIELD,13SWE02199,13SWE02216,,08/26/2013 1:18 PM,Centre,DISCRETE SAMPLE (GRAB),,,,
Far,09/16/2020 8:00 AM,,,,,,,,,,,,,,,,,,,,,,,,,7.09,NAMUR LAKE,NAMUR LAKE,17,---,mg/l,1788,FIELD,13SWE02199,13SWE02218,,08/26/2013 1:21 PM,Centre,DISCRETE SAMPLE (GRAB),,,,
Far,09/16/2020 8:00 AM,,,,,,,,,,,,,,,,,,,,,,,,,7.08,NAMUR LAKE,NAMUR LAKE,19,---,mg/l,1788,FIELD,13SWE02199,13SWE02220,,08/26/2013 1:23 PM,Centre,DISCRETE SAMPLE (GRAB),,,,
Far,09/16/2020 8:00 AM,,,,,,,,,,,,,,,,,,,,,,,,,6.84,NAMUR LAKE,NAMUR LAKE,21,---,mg/l,1788,FIELD,13SWE02199,13SWE02222,,08/26/2013 1:25 PM,Centre,DISCRETE SAMPLE (GRAB),,,,
Far,09/16/2020 8:00 AM,,,,,,,,,,,,,,,,,,,,,,,,,5.32,NAMUR LAKE,NAMUR LAKE,23,---,mg/l,1788,FIELD,13SWE02199,13SWE02224,,08/26/2013 1:26 PM,Centre,DISCRETE SAMPLE (GRAB),,,,
Far,09/16/2020 8:00 AM,,,,,,,,,,,,,,,,,,,,,,,,,3.57,NAMUR LAKE,NAMUR LAKE,15.5,---,mg/l,1788,FIELD,14SWE02262,14SWE02293,,08/19/2014 2:52 PM,Centre,DISCRETE SAMPLE (GRAB),,,,
Far,09/16/2020 8:00 AM,,,,,,,,,,,,,,,,,,,,,,,,,7.58,NAMUR LAKE,NAMUR LAKE,14,---,mg/l,1788,FIELD,14SWE02262,14SWE02291,,08/19/2014 2:51 PM,Centre,DISCRETE SAMPLE (GRAB),,,,
Far,09/16/2020 8:00 AM,,,,,,,,,,,,,,,,,,,,,,,,,7.38,NAMUR LAKE,NAMUR LAKE,12.5,---,mg/l,1788,FIELD,14SWE02262,14SWE02289,,08/19/2014 2:50 PM,Centre,DISCRETE SAMPLE (GRAB),,,,
Far,09/16/2020 8:00 AM,,,,,,,,,,,,,,,,,,,,,,,,,7.35,NAMUR LAKE,NAMUR LAKE,11.5,---,mg/l,1788,FIELD,14SWE02262,14SWE02287,,08/19/2014 2:48 PM,Centre,DISCRETE SAMPLE (GRAB),,,,
Far,09/16/2020 8:00 AM,,,,,,,,,,,,,,,,,,,,,,,,,7.36,NAMUR LAKE,NAMUR LAKE,10.5,---,mg/l,1788,FIELD,14SWE02262,14SWE02285,,08/19/2014 2:46 PM,Centre,DISCRETE SAMPLE (GRAB),,,,
Far,09/16/2020 8:00 AM,,,,,,,,,,,,,,,,,,,,,,,,,7.32,NAMUR LAKE,NAMUR LAKE,9.5,---,mg/l,1788,FIELD,14SWE02262,14SWE02283,,08/19/2014 2:45 PM,Centre,DISCRETE SAMPLE (GRAB),,,,
Far,08/19/2021 3:15 PM,,,,,,,,,,,,,,,,,,,,,,,,,7.37,NAMUR LAKE,NAMUR LAKE,8.5,---,mg/l,1788,FIELD,14SWE02262,14SWE02281,,08/19/2014 2:43 PM,Centre,DISCRETE SAMPLE (GRAB),,,,
Far,08/19/2021 3:15 PM,,,,,,,,,,,,,,,,,,,,,,,,,7.52,NAMUR LAKE,NAMUR LAKE,7.5,---,mg/l,1788,FIELD,14SWE02262,14SWE02279,,08/19/2014 2:41 PM,Centre,DISCRETE SAMPLE (GRAB),,,,
Far,08/19/2021 3:15 PM,,,,,,,,,,,,,,,,,,,,,,,,,7.94,NAMUR LAKE,NAMUR LAKE,6.5,---,mg/l,1788,FIELD,14SWE02262,14SWE02277,,08/19/2014 2:39 PM,Centre,DISCRETE SAMPLE (GRAB),,,,
Far,08/19/2021 3:15 PM,,,,,,,,,,,,,,,,,,,,,,,,,8.72,NAMUR LAKE,NAMUR LAKE,5.5,---,mg/l,1788,FIELD,14SWE02262,14SWE02275,,08/19/2014 2:38 PM,Centre,DISCRETE SAMPLE (GRAB),,,,
Far,08/19/2021 3:15 PM,,,,,,,,,,,,,,,,,,,,,,,,,8.71,NAMUR LAKE,NAMUR LAKE,4.5,---,mg/l,1788,FIELD,14SWE02262,14SWE02273,,08/19/2014 2:36 PM,Centre,DISCRETE SAMPLE (GRAB),,,,
Far,08/19/2021 3:15 PM,,,,,,,,,,,,,,,,,,,,,,,,,8.72,NAMUR LAKE,NAMUR LAKE,3.5,---,mg/l,1788,FIELD,14SWE02262,14SWE02271,,08/19/2014 2:35 PM,Centre,DISCRETE SAMPLE (GRAB),,,,
Far,08/19/2021 3:15 PM,,,,,,,,,,,,,,,,,,,,,,,,,8.75,NAMUR LAKE,NAMUR LAKE,2.5,---,mg/l,1788,FIELD,14SWE02262,14SWE02269,,08/19/2014 2:34 PM,Centre,DISCRETE SAMPLE (GRAB),,,,
Far,08/19/2021 3:15 PM,,,,,,,,,,,,,,,,,,,,,,,,,8.75,NAMUR LAKE,NAMUR LAKE,1.5,---,mg/l,1788,FIELD,14SWE02262,14SWE02267,,08/19/2014 2:32 PM,Centre,DISCRETE SAMPLE (GRAB),,,,
Far,08/19/2021 3:15 PM,,,,,,,,,,,,,,,,,,,,,,,,,8.73,NAMUR LAKE,NAMUR LAKE,0.5,---,mg/l,1788,FIELD,14SWE02262,14SWE02265,,08/19/2014 2:31 PM,Centre,DISCRETE SAMPLE (GRAB),,,,
Far,08/19/2021 3:15 PM,,,,,,,,,,,,,,,,,,,,,,,,,8.75,NAMUR LAKE,NAMUR LAKE,0.1,---,mg/l,1788,FIELD,14SWE02262,14SWE02264,,08/19/2014 2:31 PM,Centre,DISCRETE SAMPLE (GRAB),,,,
Far,08/19/2021 3:15 PM,,,,,,,,,,,,,,,,,,,,,,,,,8.75,NAMUR LAKE,NAMUR LAKE,1,---,mg/l,1788,FIELD,14SWE02262,14SWE02266,,08/19/2014 2:32 PM,Centre,DISCRETE SAMPLE (GRAB),,,,
Far,08/19/2021 3:15 PM,,,,,,,,,,,,,,,,,,,,,,,,,8.72,NAMUR LAKE,NAMUR LAKE,2,---,mg/l,1788,FIELD,14SWE02262,14SWE02268,,08/19/2014 2:33 PM,Centre,DISCRETE SAMPLE (GRAB),,,,
Far,08/19/2021 3:15 PM,,,,,,,,,,,,,,,,,,,,,,,,,8.74,NAMUR LAKE,NAMUR LAKE,3,---,mg/l,1788,FIELD,14SWE02262,14SWE02270,,08/19/2014 2:34 PM,Centre,DISCRETE SAMPLE (GRAB),,,,
Far,08/19/2021 3:15 PM,,,,,,,,,,,,,,,,,,,,,,,,,8.74,NAMUR LAKE,NAMUR LAKE,4,---,mg/l,1788,FIELD,14SWE02262,14SWE02272,,08/19/2014 2:36 PM,Centre,DISCRETE SAMPLE (GRAB),,,,
Far,08/19/2021 3:15 PM,,,,,,,,,,,,,,,,,,,,,,,,,8.73,NAMUR LAKE,NAMUR LAKE,5,---,mg/l,1788,FIELD,14SWE02262,14SWE02274,,08/19/2014 2:37 PM,Centre,DISCRETE SAMPLE (GRAB),,,,
Far,08/19/2021 3:15 PM,,,,,,,,,,,,,,,,,,,,,,,,,8.72,NAMUR LAKE,NAMUR LAKE,6,---,mg/l,1788,FIELD,14SWE02262,14SWE02276,,08/19/2014 2:38 PM,Centre,DISCRETE SAMPLE (GRAB),,,,
Far,08/19/2021 3:15 PM,,,,,,,,,,,,,,,,,,,,,,,,,8.71,NAMUR LAKE,NAMUR LAKE,7,---,mg/l,1788,FIELD,14SWE02262,14SWE02278,,08/19/2014 2:40 PM,Centre,DISCRETE SAMPLE (GRAB),,,,
Far,08/19/2021 3:15 PM,,,,,,,,,,,,,,,,,,,,,,,,,7.96,NAMUR LAKE,NAMUR LAKE,8,---,mg/l,1788,FIELD,14SWE02262,14SWE02280,,08/19/2014 2:42 PM,Centre,DISCRETE SAMPLE (GRAB),,,,
Far,08/19/2021 3:15 PM,,,,,,,,,,,,,,,,,,,,,,,,,7.47,NAMUR LAKE,NAMUR LAKE,9,---,mg/l,1788,FIELD,14SWE02262,14SWE02282,,08/19/2014 2:44 PM,Centre,DISCRETE SAMPLE (GRAB),,,,
Far,08/19/2021 3:15 PM,,,,,,,,,,,,,,,,,,,,,,,,,7.52,NAMUR LAKE,NAMUR LAKE,10,---,mg/l,1788,FIELD,14SWE02262,14SWE02284,,08/19/2014 2:46 PM,Centre,DISCRETE SAMPLE (GRAB),,,,
Far,08/19/2021 3:15 PM,,,,,,,,,,,,,,,,,,,,,,,,,7.28,NAMUR LAKE,NAMUR LAKE,11,---,mg/l,1788,FIELD,14SWE02262,14SWE02286,,08/19/2014 2:47 PM,Centre,DISCRETE SAMPLE (GRAB),,,,
Far,08/19/2021 3:15 PM,,,,,,,,,,,,,,,,,,,,,,,,,7.37,NAMUR LAKE,NAMUR LAKE,12,---,mg/l,1788,FIELD,14SWE02262,14SWE02288,,08/19/2014 2:49 PM,Centre,DISCRETE SAMPLE (GRAB),,,,
Far,08/19/2021 3:15 PM,,,,,,,,,,,,,,,,,,,,,,,,,7.35,NAMUR LAKE,NAMUR LAKE,13,---,mg/l,1788,FIELD,14SWE02262,14SWE02290,,08/19/2014 2:50 PM,Centre,DISCRETE SAMPLE (GRAB),,,,
Far,08/19/2021 3:15 PM,,,,,,,,,,,,,,,,,,,,,,,,,7.37,NAMUR LAKE,NAMUR LAKE,15,---,mg/l,1788,FIELD,14SWE02262,14SWE02292,,08/19/2014 2:52 PM,Centre,DISCRETE SAMPLE (GRAB),,,,
Far,08/19/2021 3:15 PM,,,,,,,,,,,,,,,,,,,,,,,,,7.45,NAMUR LAKE,NAMUR LAKE,9.5,---,mg/l,1788,FIELD,15SWE05478,15SWE05681,,08/27/2015 4:08 PM,Centre,DISCRETE SAMPLE (GRAB),,,,
Far,08/19/2021 3:15 PM,,,,,,,,,,,,,,,,,,,,,,,,,8.59,NAMUR LAKE,NAMUR LAKE,8.5,---,mg/l,1788,FIELD,15SWE05478,15SWE05679,,08/27/2015 4:04 PM,Centre,DISCRETE SAMPLE (GRAB),,,,
Far,08/19/2021 3:15 PM,,,,,,,,,,,,,,,,,,,,,,,,,8.6,NAMUR LAKE,NAMUR LAKE,7.5,---,mg/l,1788,FIELD,15SWE05478,15SWE05677,,08/27/2015 4:00 PM,Centre,DISCRETE SAMPLE (GRAB),,,,
Far,08/19/2021 3:15 PM,,,,,,,,,,,,,,,,,,,,,,,,,8.63,NAMUR LAKE,NAMUR LAKE,6.5,---,mg/l,1788,FIELD,15SWE05478,15SWE05675,,08/27/2015 3:56 PM,Centre,DISCRETE SAMPLE (GRAB),,,,
Far,08/19/2021 3:15 PM,,,,,,,,,,,,,,,,,,,,,,,,,8.62,NAMUR LAKE,NAMUR LAKE,5.5,---,mg/l,1788,FIELD,15SWE05478,15SWE05673,,08/27/2015 3:52 PM,Centre,DISCRETE SAMPLE (GRAB),,,,
Far,08/19/2021 3:15 PM,,,,,,,,,,,,,,,,,,,,,,,,,8.68,NAMUR LAKE,NAMUR LAKE,4.5,---,mg/l,1788,FIELD,15SWE05478,15SWE05671,,08/27/2015 3:48 PM,Centre,DISCRETE SAMPLE (GRAB),,,,
Far,08/19/2021 3:15 PM,,,,,,,,,,,,,,,,,,,,,,,,,8.76,NAMUR LAKE,NAMUR LAKE,3.5,---,mg/l,1788,FIELD,15SWE05478,15SWE05669,,08/27/2015 3:44 PM,Centre,DISCRETE SAMPLE (GRAB),,,,
Far,08/19/2021 3:15 PM,,,,,,,,,,,,,,,,,,,,,,,,,9.01,NAMUR LAKE,NAMUR LAKE,2.5,---,mg/l,1788,FIELD,15SWE05478,15SWE05667,,08/27/2015 3:40 PM,Centre,DISCRETE SAMPLE (GRAB),,,,
Far,08/19/2021 3:15 PM,,,,,,,,,,,,,,,,,,,,,,,,,9,NAMUR LAKE,NAMUR LAKE,1.5,---,mg/l,1788,FIELD,15SWE05478,15SWE05665,,08/27/2015 3:36 PM,Centre,DISCRETE SAMPLE (GRAB),,,,
Far,08/19/2021 3:15 PM,,,,,,,,,,,,,,,,,,,,,,,,,9,NAMUR LAKE,NAMUR LAKE,0.5,---,mg/l,1788,FIELD,15SWE05478,15SWE05663,,08/27/2015 3:32 PM,Centre,DISCRETE SAMPLE (GRAB),,,,
Far,08/19/2021 3:15 PM,,,,,,,,,,,,,,,,,,,,,,,,,9.05,NAMUR LAKE,NAMUR LAKE,0.1,---,mg/l,1788,FIELD,15SWE05478,15SWE05662,,08/27/2015 3:30 PM,Centre,DISCRETE SAMPLE (GRAB),,,,
Far,08/19/2021 3:15 PM,,,,,,,,,,,,,,,,,,,,,,,,,9.08,NAMUR LAKE,NAMUR LAKE,1,---,mg/l,1788,FIELD,15SWE05478,15SWE05664,,08/27/2015 3:34 PM,Centre,DISCRETE SAMPLE (GRAB),,,,
Far,08/19/2021 3:15 PM,,,,,,,,,,,,,,,,,,,,,,,,,9.03,NAMUR LAKE,NAMUR LAKE,2,---,mg/l,1788,FIELD,15SWE05478,15SWE05666,,08/27/2015 3:38 PM,Centre,DISCRETE SAMPLE (GRAB),,,,
Far,08/19/2021 3:15 PM,,,,,,,,,,,,,,,,,,,,,,,,,8.99,NAMUR LAKE,NAMUR LAKE,3,---,mg/l,1788,FIELD,15SWE05478,15SWE05668,,08/27/2015 3:42 PM,Centre,DISCRETE SAMPLE (GRAB),,,,
Far,08/19/2021 3:15 PM,,,,,,,,,,,,,,,,,,,,,,,,,9.01,NAMUR LAKE,NAMUR LAKE,4,---,mg/l,1788,FIELD,15SWE05478,15SWE05670,,08/27/2015 3:46 PM,Centre,DISCRETE SAMPLE (GRAB),,,,
Far,08/19/2021 3:15 PM,,,,,,,,,,,,,,,,,,,,,,,,,8.8,NAMUR LAKE,NAMUR LAKE,5,---,mg/l,1788,FIELD,15SWE05478,15SWE05672,,08/27/2015 3:50 PM,Centre,DISCRETE SAMPLE (GRAB),,,,
Far,08/19/2021 3:15 PM,,,,,,,,,,,,,,,,,,,,,,,,,8.7,NAMUR LAKE,NAMUR LAKE,6,---,mg/l,1788,FIELD,15SWE05478,15SWE05674,,08/27/2015 3:54 PM,Centre,DISCRETE SAMPLE (GRAB),,,,
Far,08/19/2021 3:15 PM,,,,,,,,,,,,,,,,,,,,,,,,,8.66,NAMUR LAKE,NAMUR LAKE,7,---,mg/l,1788,FIELD,15SWE05478,15SWE05676,,08/27/2015 3:58 PM,Centre,DISCRETE SAMPLE (GRAB),,,,
Far,08/19/2021 3:15 PM,,,,,,,,,,,,,,,,,,,,,,,,,8.63,NAMUR LAKE,NAMUR LAKE,8,---,mg/l,1788,FIELD,15SWE05478,15SWE05678,,08/27/2015 4:02 PM,Centre,DISCRETE SAMPLE (GRAB),,,,
Far,09/14/2022 8:50 AM,,,,,,,,,,,,,,,,,,,,,,,,,8.62,NAMUR LAKE,NAMUR LAKE,9,---,mg/l,1788,FIELD,15SWE05478,15SWE05680,,08/27/2015 4:06 PM,Centre,DISCRETE SAMPLE (GRAB),,,,
Far,09/14/2022 8:50 AM,,,,,,,,,,,,,,,,,,,,,,,,,8.61,NAMUR LAKE,NAMUR LAKE,6,---,mg/l,1788,FIELD,16SWE08202,16SWE08333,,08/23/2016 9:43 AM,Centre,DISCRETE SAMPLE (GRAB),,,,
Far,09/14/2022 8:50 AM,,,,,,,,,,,,,,,,,,,,,,,,,7.95,NAMUR LAKE,NAMUR LAKE,4,---,mg/l,1788,FIELD,16SWE08202,16SWE08331,,08/23/2016 9:38 AM,Centre,DISCRETE SAMPLE (GRAB),,,,
Far,09/14/2022 8:50 AM,,,,,,,,,,,,,,,,,,,,,,,,,8.68,NAMUR LAKE,NAMUR LAKE,2,---,mg/l,1788,FIELD,16SWE08202,16SWE08329,,08/23/2016 9:35 AM,Centre,DISCRETE SAMPLE (GRAB),,,,
Far,09/14/2022 8:50 AM,,,,,,,,,,,,,,,,,,,,,,,,,8.69,NAMUR LAKE,NAMUR LAKE,0.1,---,mg/l,1788,FIELD,16SWE08202,16SWE08327,,08/23/2016 9:31 AM,Centre,DISCRETE SAMPLE (GRAB),,,,
Far,09/14/2022 8:50 AM,,,,,,,,,,,,,,,,,,,,,,,,,8.63,NAMUR LAKE,NAMUR LAKE,1,---,mg/l,1788,FIELD,16SWE08202,16SWE08328,,08/23/2016 9:32 AM,Centre,DISCRETE SAMPLE (GRAB),,,,
Far,09/14/2022 8:50 AM,,,,,,,,,,,,,,,,,,,,,,,,,8.65,NAMUR LAKE,NAMUR LAKE,3,---,mg/l,1788,FIELD,16SWE08202,16SWE08330,,08/23/2016 9:36 AM,Centre,DISCRETE SAMPLE (GRAB),,,,
Far,09/14/2022 8:50 AM,,,,,,,,,,,,,,,,,,,,,,,,,8.68,NAMUR LAKE,NAMUR LAKE,5,---,mg/l,1788,FIELD,16SWE08202,16SWE08332,,08/23/2016 9:40 AM,Centre,DISCRETE SAMPLE (GRAB),,,,
Far,09/14/2022 8:50 AM,,,,,,,,,,,,,,,,,,,,,,,,,8.69,NAMUR LAKE,NAMUR LAKE,20,---,mg/l,1788,FIELD,17SWE12722,17SWE12919,,08/23/2017 7:55 AM,Centre,DISCRETE SAMPLE (GRAB),,,,
Far,09/14/2022 8:50 AM,,,,,,,,,,,,,,,,,,,,,,,,,2.29,NAMUR LAKE,NAMUR LAKE,18,---,mg/l,1788,FIELD,17SWE12722,17SWE12917,,08/23/2017 7:50 AM,Centre,DISCRETE SAMPLE (GRAB),,,,
Far,09/14/2022 8:50 AM,,,,,,,,,,,,,,,,,,,,,,,,,4.19,NAMUR LAKE,NAMUR LAKE,16,---,mg/l,1788,FIELD,17SWE12722,17SWE12915,,08/23/2017 7:48 AM,Centre,DISCRETE SAMPLE (GRAB),,,,
Far,09/14/2022 8:50 AM,,,,,,,,,,,,,,,,,,,,,,,,,4.92,NAMUR LAKE,NAMUR LAKE,14,---,mg/l,1788,FIELD,17SWE12722,17SWE12913,,08/23/2017 7:45 AM,Centre,DISCRETE SAMPLE (GRAB),,,,
Far,09/14/2022 8:50 AM,,,,,,,,,,,,,,,,,,,,,,,,,5.68,NAMUR LAKE,NAMUR LAKE,12,---,mg/l,1788,FIELD,17SWE12722,17SWE12911,,08/23/2017 7:42 AM,Centre,DISCRETE SAMPLE (GRAB),,,,
Far,09/14/2022 8:50 AM,,,,,,,,,,,,,,,,,,,,,,,,,8.01,NAMUR LAKE,NAMUR LAKE,10,---,mg/l,1788,FIELD,17SWE12722,17SWE12909,,08/23/2017 7:40 AM,Centre,DISCRETE SAMPLE (GRAB),,,,
Far,09/14/2022 8:50 AM,,,,,,,,,,,,,,,,,,,,,,,,,8.54,NAMUR LAKE,NAMUR LAKE,8,---,mg/l,1788,FIELD,17SWE12722,17SWE12907,,08/23/2017 7:39 AM,Centre,DISCRETE SAMPLE (GRAB),,,,
Far,09/14/2022 8:50 AM,,,,,,,,,,,,,,,,,,,,,,,,,8.76,NAMUR LAKE,NAMUR LAKE,6,---,mg/l,1788,FIELD,17SWE12722,17SWE12905,,08/23/2017 7:36 AM,Centre,DISCRETE SAMPLE (GRAB),,,,
Far,09/14/2022 8:50 AM,,,,,,,,,,,,,,,,,,,,,,,,,8.82,NAMUR LAKE,NAMUR LAKE,4,---,mg/l,1788,FIELD,17SWE12722,17SWE12903,,08/23/2017 7:35 AM,Centre,DISCRETE SAMPLE (GRAB),,,,
Far,09/14/2022 8:50 AM,,,,,,,,,,,,,,,,,,,,,,,,,8.82,NAMUR LAKE,NAMUR LAKE,2,---,mg/l,1788,FIELD,17SWE12722,17SWE12901,,08/23/2017 7:32 AM,Centre,DISCRETE SAMPLE (GRAB),,,,
Far,09/14/2022 8:50 AM,,,,,,,,,,,,,,,,,,,,,,,,,8.85,NAMUR LAKE,NAMUR LAKE,0.1,---,mg/l,1788,FIELD,17SWE12722,17SWE12899,,08/23/2017 7:29 AM,Centre,DISCRETE SAMPLE (GRAB),,,,
Far,09/14/2022 8:50 AM,,,,,,,,,,,,,,,,,,,,,,,,,8.86,NAMUR LAKE,NAMUR LAKE,1,---,mg/l,1788,FIELD,17SWE12722,17SWE12900,,08/23/2017 7:31 AM,Centre,DISCRETE SAMPLE (GRAB),,,,
Far,09/14/2022 8:50 AM,,,,,,,,,,,,,,,,,,,,,,,,,8.88,NAMUR LAKE,NAMUR LAKE,3,---,mg/l,1788,FIELD,17SWE12722,17SWE12902,,08/23/2017 7:33 AM,Centre,DISCRETE SAMPLE (GRAB),,,,
Far,09/14/2022 8:50 AM,,,,,,,,,,,,,,,,,,,,,,,,,8.84,NAMUR LAKE,NAMUR LAKE,5,---,mg/l,1788,FIELD,17SWE12722,17SWE12904,,08/23/2017 7:36 AM,Centre,DISCRETE SAMPLE (GRAB),,,,
Far,09/14/2022 8:50 AM,,,,,,,,,,,,,,,,,,,,,,,,,8.82,NAMUR LAKE,NAMUR LAKE,7,---,mg/l,1788,FIELD,17SWE12722,17SWE12906,,08/23/2017 7:37 AM,Centre,DISCRETE SAMPLE (GRAB),,,,
Far,09/14/2022 8:50 AM,,,,,,,,,,,,,,,,,,,,,,,,,8.8,NAMUR LAKE,NAMUR LAKE,9,---,mg/l,1788,FIELD,17SWE12722,17SWE12908,,08/23/2017 7:39 AM,Centre,DISCRETE SAMPLE (GRAB),,,,
Far,09/14/2022 8:50 AM,,,,,,,,,,,,,,,,,,,,,,,,,8.73,NAMUR LAKE,NAMUR LAKE,11,---,mg/l,1788,FIELD,17SWE12722,17SWE12910,,08/23/2017 7:41 AM,Centre,DISCRETE SAMPLE (GRAB),,,,
Far,09/14/2022 8:50 AM,,,,,,,,,,,,,,,,,,,,,,,,,8.23,NAMUR LAKE,NAMUR LAKE,13,---,mg/l,1788,FIELD,17SWE12722,17SWE12912,,08/23/2017 7:43 AM,Centre,DISCRETE SAMPLE (GRAB),,,,
Far,09/14/2022 8:50 AM,,,,,,,,,,,,,,,,,,,,,,,,,6.29,NAMUR LAKE,NAMUR LAKE,15,---,mg/l,1788,FIELD,17SWE12722,17SWE12914,,08/23/2017 7:46 AM,Centre,DISCRETE SAMPLE (GRAB),,,,
Far,09/14/2022 8:50 AM,,,,,,,,,,,,,,,,,,,,,,,,,5.33,NAMUR LAKE,NAMUR LAKE,17,---,mg/l,1788,FIELD,17SWE12722,17SWE12916,,08/23/2017 7:49 AM,Centre,DISCRETE SAMPLE (GRAB),,,,
Far,09/14/2022 8:50 AM,,,,,,,,,,,,,,,,,,,,,,,,,4.6,NAMUR LAKE,NAMUR LAKE,19,---,mg/l,1788,FIELD,17SWE12722,17SWE12918,,08/23/2017 7:54 AM,Centre,DISCRETE SAMPLE (GRAB),,,,
Far,09/14/2022 8:50 AM,,,,,,,,,,,,,,,,,,,,,,,,,3.52,NAMUR LAKE,NAMUR LAKE,12,---,mg/l,1788,FIELD,20SWE10884,20SWE10903,,09/16/2020 7:00 AM,Centre,DISCRETE SAMPLE (GRAB),,,,
Far,09/16/2020 8:00 AM,,,,,,,,,,,,,,,,,,,,,,,,,9.39,NAMUR LAKE,NAMUR LAKE,11,---,mg/l,1788,FIELD,20SWE10884,20SWE10902,,09/16/2020 7:00 AM,Centre,DISCRETE SAMPLE (GRAB),,,,
Far,09/16/2020 8:00 AM,,,,,,,,,,,,,,,,,,,,,,,,,9.39,NAMUR LAKE,NAMUR LAKE,10,---,mg/l,1788,FIELD,20SWE10884,20SWE10901,,09/16/2020 7:00 AM,Centre,DISCRETE SAMPLE (GRAB),,,,
Far,09/16/2020 8:00 AM,,,,,,,,,,,,,,,,,,,,,,,,,9.38,NAMUR LAKE,NAMUR LAKE,9,---,mg/l,1788,FIELD,20SWE10884,20SWE10900,,09/16/2020 7:00 AM,Centre,DISCRETE SAMPLE (GRAB),,,,
Far,09/16/2020 8:00 AM,,,,,,,,,,,,,,,,,,,,,,,,,9.38,NAMUR LAKE,NAMUR LAKE,8,---,mg/l,1788,FIELD,20SWE10884,20SWE10899,,09/16/2020 7:00 AM,Centre,DISCRETE SAMPLE (GRAB),,,,
Far,09/16/2020 8:00 AM,,,,,,,,,,,,,,,,,,,,,,,,,9.38,NAMUR LAKE,NAMUR LAKE,7,---,mg/l,1788,FIELD,20SWE10884,20SWE10898,,09/16/2020 7:00 AM,Centre,DISCRETE SAMPLE (GRAB),,,,
Far,09/16/2020 8:00 AM,,,,,,,,,,,,,,,,,,,,,,,,,9.38,NAMUR LAKE,NAMUR LAKE,6,---,mg/l,1788,FIELD,20SWE10884,20SWE10897,,09/16/2020 7:00 AM,Centre,DISCRETE SAMPLE (GRAB),,,,
Far,09/16/2020 8:00 AM,,,,,,,,,,,,,,,,,,,,,,,,,9.38,NAMUR LAKE,NAMUR LAKE,5,---,mg/l,1788,FIELD,20SWE10884,20SWE10896,,09/16/2020 7:00 AM,Centre,DISCRETE SAMPLE (GRAB),,,,
Far,09/16/2020 8:00 AM,,,,,,,,,,,,,,,,,,,,,,,,,9.37,NAMUR LAKE,NAMUR LAKE,4.5,---,mg/l,1788,FIELD,20SWE10884,20SWE10895,,09/16/2020 7:00 AM,Centre,DISCRETE SAMPLE (GRAB),,,,
Far,09/16/2020 8:00 AM,,,,,,,,,,,,,,,,,,,,,,,,,9.37,NAMUR LAKE,NAMUR LAKE,4,---,mg/l,1788,FIELD,20SWE10884,20SWE10894,,09/16/2020 7:00 AM,Centre,DISCRETE SAMPLE (GRAB),,,,
Far,09/16/2020 8:00 AM,,,,,,,,,,,,,,,,,,,,,,,,,9.36,NAMUR LAKE,NAMUR LAKE,3.5,---,mg/l,1788,FIELD,20SWE10884,20SWE10893,,09/16/2020 7:00 AM,Centre,DISCRETE SAMPLE (GRAB),,,,
Far,09/16/2020 8:00 AM,,,,,,,,,,,,,,,,,,,,,,,,,9.36,NAMUR LAKE,NAMUR LAKE,3,---,mg/l,1788,FIELD,20SWE10884,20SWE10892,,09/16/2020 7:00 AM,Centre,DISCRETE SAMPLE (GRAB),,,,
Far,09/16/2020 8:00 AM,,,,,,,,,,,,,,,,,,,,,,,,,9.37,NAMUR LAKE,NAMUR LAKE,2.5,---,mg/l,1788,FIELD,20SWE10884,20SWE10891,,09/16/2020 7:00 AM,Centre,DISCRETE SAMPLE (GRAB),,,,
Far,09/16/2020 8:00 AM,,,,,,,,,,,,,,,,,,,,,,,,,9.37,NAMUR LAKE,NAMUR LAKE,2,---,mg/l,1788,FIELD,20SWE10884,20SWE10890,,09/16/2020 7:00 AM,Centre,DISCRETE SAMPLE (GRAB),,,,
Far,09/16/2020 8:00 AM,,,,,,,,,,,,,,,,,,,,,,,,,9.37,NAMUR LAKE,NAMUR LAKE,1.5,---,mg/l,1788,FIELD,20SWE10884,20SWE10889,,09/16/2020 7:00 AM,Centre,DISCRETE SAMPLE (GRAB),,,,
Far,09/16/2020 8:00 AM,,,,,,,,,,,,,,,,,,,,,,,,,9.37,NAMUR LAKE,NAMUR LAKE,1,---,mg/l,1788,FIELD,20SWE10884,20SWE10888,,09/16/2020 7:00 AM,Centre,DISCRETE SAMPLE (GRAB),,,,
Far,09/16/2020 8:00 AM,,,,,,,,,,,,,,,,,,,,,,,,,9.37,NAMUR LAKE,NAMUR LAKE,0.5,---,mg/l,1788,FIELD,20SWE10884,20SWE10887,,09/16/2020 7:00 AM,Centre,DISCRETE SAMPLE (GRAB),,,,
Far,09/16/2020 8:00 AM,,,,,,,,,,,,,,,,,,,,,,,,,9.37,NAMUR LAKE,NAMUR LAKE,0.1,---,mg/l,1788,FIELD,20SWE10884,20SWE10886,,09/16/2020 7:00 AM,Centre,DISCRETE SAMPLE (GRAB),,,,
Far,09/16/2020 8:00 AM,,,,,,,,,,,,,,,,,,,,,,,,,9.4,NAMUR LAKE,NAMUR LAKE,,---,mg/l,1788,FIELD,20SWE10884,20SWE10885,,09/16/2020 7:00 AM,Centre,SINGLE EUPHOTIC COMPOSITE,,,,
Far,08/19/2021 3:15 PM,,,,,,,,,,,,,,,,,,,,,,,,,,NAMUR LAKE,NAMUR LAKE,0.1,---,mg/l,1788,FIELD,21SWE04629,21SWE04629-02,08/19/2021 2:15 PM,Profile,EUPHOTIC COMPOSITE,,,,,
Far,08/19/2021 3:15 PM,,,,,,,,,,,,,,,,,,,,,,,,,9.43,NAMUR LAKE,NAMUR LAKE,0.5,---,mg/l,1788,FIELD,21SWE04629,21SWE04629-03,08/19/2021 2:15 PM,Profile,EUPHOTIC COMPOSITE,,,,,
Far,08/19/2021 3:15 PM,,,,,,,,,,,,,,,,,,,,,,,,,9.42,NAMUR LAKE,NAMUR LAKE,1,---,mg/l,1788,FIELD,21SWE04629,21SWE04629-04,08/19/2021 2:15 PM,Profile,EUPHOTIC COMPOSITE,,,,,
Far,08/19/2021 3:15 PM,,,,,,,,,,,,,,,,,,,,,,,,,9.42,NAMUR LAKE,NAMUR LAKE,1.5,---,mg/l,1788,FIELD,21SWE04629,21SWE04629-05,08/19/2021 2:15 PM,Profile,EUPHOTIC COMPOSITE,,,,,
Far,08/19/2021 3:15 PM,,,,,,,,,,,,,,,,,,,,,,,,,9.41,NAMUR LAKE,NAMUR LAKE,2,---,mg/l,1788,FIELD,21SWE04629,21SWE04629-06,08/19/2021 2:15 PM,Profile,EUPHOTIC COMPOSITE,,,,,
Far,08/19/2021 3:15 PM,,,,,,,,,,,,,,,,,,,,,,,,,9.41,NAMUR LAKE,NAMUR LAKE,2.5,---,mg/l,1788,FIELD,21SWE04629,21SWE04629-07,08/19/2021 2:15 PM,Profile,EUPHOTIC COMPOSITE,,,,,
Far,08/19/2021 3:15 PM,,,,,,,,,,,,,,,,,,,,,,,,,9.4,NAMUR LAKE,NAMUR LAKE,3,---,mg/l,1788,FIELD,21SWE04629,21SWE04629-08,08/19/2021 2:15 PM,Profile,EUPHOTIC COMPOSITE,,,,,
Far,08/19/2021 3:15 PM,,,,,,,,,,,,,,,,,,,,,,,,,9.39,NAMUR LAKE,NAMUR LAKE,3.5,---,mg/l,1788,FIELD,21SWE04629,21SWE04629-09,08/19/2021 2:15 PM,Profile,EUPHOTIC COMPOSITE,,,,,
Far,08/19/2021 3:15 PM,,,,,,,,,,,,,,,,,,,,,,,,,9.39,NAMUR LAKE,NAMUR LAKE,4,---,mg/l,1788,FIELD,21SWE04629,21SWE04629-10,08/19/2021 2:15 PM,Profile,EUPHOTIC COMPOSITE,,,,,
Far,08/19/2021 3:15 PM,,,,,,,,,,,,,,,,,,,,,,,,,9.38,NAMUR LAKE,NAMUR LAKE,4.5,---,mg/l,1788,FIELD,21SWE04629,21SWE04629-11,08/19/2021 2:15 PM,Profile,EUPHOTIC COMPOSITE,,,,,
Far,08/19/2021 3:15 PM,,,,,,,,,,,,,,,,,,,,,,,,,9.37,NAMUR LAKE,NAMUR LAKE,5,---,mg/l,1788,FIELD,21SWE04629,21SWE04629-12,08/19/2021 2:15 PM,Profile,EUPHOTIC COMPOSITE,,,,,
Far,08/19/2021 3:15 PM,,,,,,,,,,,,,,,,,,,,,,,,,9.34,NAMUR LAKE,NAMUR LAKE,5.5,---,mg/l,1788,FIELD,21SWE04629,21SWE04629-13,08/19/2021 2:15 PM,Profile,EUPHOTIC COMPOSITE,,,,,
Far,08/19/2021 3:15 PM,,,,,,,,,,,,,,,,,,,,,,,,,9.34,NAMUR LAKE,NAMUR LAKE,6,---,mg/l,1788,FIELD,21SWE04629,21SWE04629-14,08/19/2021 2:15 PM,Profile,EUPHOTIC COMPOSITE,,,,,
Far,08/19/2021 3:15 PM,,,,,,,,,,,,,,,,,,,,,,,,,9.33,NAMUR LAKE,NAMUR LAKE,6.5,---,mg/l,1788,FIELD,21SWE04629,21SWE04629-15,08/19/2021 2:15 PM,Profile,EUPHOTIC COMPOSITE,,,,,
Far,08/19/2021 3:15 PM,,,,,,,,,,,,,,,,,,,,,,,,,9.21,NAMUR LAKE,NAMUR LAKE,7,---,mg/l,1788,FIELD,21SWE04629,21SWE04629-16,08/19/2021 2:15 PM,Profile,EUPHOTIC COMPOSITE,,,,,
Far,08/19/2021 3:15 PM,,,,,,,,,,,,,,,,,,,,,,,,,9.14,NAMUR LAKE,NAMUR LAKE,8,---,mg/l,1788,FIELD,21SWE04629,21SWE04629-17,08/19/2021 2:15 PM,Profile,EUPHOTIC COMPOSITE,,,,,
Far,08/19/2021 3:15 PM,,,,,,,,,,,,,,,,,,,,,,,,,9.13,NAMUR LAKE,NAMUR LAKE,9,---,mg/l,1788,FIELD,21SWE04629,21SWE04629-18,08/19/2021 2:15 PM,Profile,EUPHOTIC COMPOSITE,,,,,
Far,08/19/2021 3:15 PM,,,,,,,,,,,,,,,,,,,,,,,,,9.1,NAMUR LAKE,NAMUR LAKE,10,---,mg/l,1788,FIELD,21SWE04629,21SWE04629-19,08/19/2021 2:15 PM,Profile,EUPHOTIC COMPOSITE,,,,,
Far,08/19/2021 3:15 PM,,,,,,,,,,,,,,,,,,,,,,,,,9.04,NAMUR LAKE,NAMUR LAKE,11,---,mg/l,1788,FIELD,21SWE04629,21SWE04629-20,08/19/2021 2:15 PM,Profile,EUPHOTIC COMPOSITE,,,,,
Far,08/19/2021 3:15 PM,,,,,,,,,,,,,,,,,,,,,,,,,8.52,NAMUR LAKE,NAMUR LAKE,12,---,mg/l,1788,FIELD,21SWE04629,21SWE04629-21,08/19/2021 2:15 PM,Profile,EUPHOTIC COMPOSITE,,,,,
Far,08/19/2021 3:15 PM,,,,,,,,,,,,,,,,,,,,,,,,,8.39,NAMUR LAKE,NAMUR LAKE,13,---,mg/l,1788,FIELD,21SWE04629,21SWE04629-22,08/19/2021 2:15 PM,Profile,EUPHOTIC COMPOSITE,,,,,
Far,08/19/2021 3:15 PM,,,,,,,,,,,,,,,,,,,,,,,,,6.92,NAMUR LAKE,NAMUR LAKE,,---,mg/l,1788,FIELD,21SWE04629,21SWE04629-01,08/19/2021 2:15 PM,Centre,EUPHOTIC COMPOSITE,,,,,
Far,08/19/2021 3:15 PM,,,,,,,,,,,,,,,,,,,,,,,,,,NAMUR LAKE,NAMUR LAKE,0.1,---,mg/l,1788,FIELD,21SWE04629,21SWE04629-02,08/19/2021 2:15 PM,Centre,EUPHOTIC COMPOSITE,,,,,
Far,08/19/2021 3:15 PM,,,,,,,,,,,,,,,,,,,,,,,,,9.43,NAMUR LAKE,NAMUR LAKE,0.5,---,mg/l,1788,FIELD,21SWE04629,21SWE04629-03,08/19/2021 2:15 PM,Centre,EUPHOTIC COMPOSITE,,,,,
Far,08/19/2021 3:15 PM,,,,,,,,,,,,,,,,,,,,,,,,,9.42,NAMUR LAKE,NAMUR LAKE,1,---,mg/l,1788,FIELD,21SWE04629,21SWE04629-04,08/19/2021 2:15 PM,Centre,EUPHOTIC COMPOSITE,,,,,
Far,08/19/2021 3:15 PM,,,,,,,,,,,,,,,,,,,,,,,,,9.42,NAMUR LAKE,NAMUR LAKE,1.5,---,mg/l,1788,FIELD,21SWE04629,21SWE04629-05,08/19/2021 2:15 PM,Centre,EUPHOTIC COMPOSITE,,,,,
Far,08/19/2021 3:15 PM,,,,,,,,,,,,,,,,,,,,,,,,,9.41,NAMUR LAKE,NAMUR LAKE,2,---,mg/l,1788,FIELD,21SWE04629,21SWE04629-06,08/19/2021 2:15 PM,Centre,EUPHOTIC COMPOSITE,,,,,
Far,08/19/2021 3:15 PM,,,,,,,,,,,,,,,,,,,,,,,,,9.41,NAMUR LAKE,NAMUR LAKE,2.5,---,mg/l,1788,FIELD,21SWE04629,21SWE04629-07,08/19/2021 2:15 PM,Centre,EUPHOTIC COMPOSITE,,,,,
Far,08/19/2021 3:15 PM,,,,,,,,,,,,,,,,,,,,,,,,,9.4,NAMUR LAKE,NAMUR LAKE,3,---,mg/l,1788,FIELD,21SWE04629,21SWE04629-08,08/19/2021 2:15 PM,Centre,EUPHOTIC COMPOSITE,,,,,
Far,08/19/2021 3:15 PM,,,,,,,,,,,,,,,,,,,,,,,,,9.39,NAMUR LAKE,NAMUR LAKE,3.5,---,mg/l,1788,FIELD,21SWE04629,21SWE04629-09,08/19/2021 2:15 PM,Centre,EUPHOTIC COMPOSITE,,,,,
Far,08/19/2021 3:15 PM,,,,,,,,,,,,,,,,,,,,,,,,,9.39,NAMUR LAKE,NAMUR LAKE,4,---,mg/l,1788,FIELD,21SWE04629,21SWE04629-10,08/19/2021 2:15 PM,Centre,EUPHOTIC COMPOSITE,,,,,
Far,08/19/2021 3:15 PM,,,,,,,,,,,,,,,,,,,,,,,,,9.38,NAMUR LAKE,NAMUR LAKE,4.5,---,mg/l,1788,FIELD,21SWE04629,21SWE04629-11,08/19/2021 2:15 PM,Centre,EUPHOTIC COMPOSITE,,,,,
Far,08/19/2021 3:15 PM,,,,,,,,,,,,,,,,,,,,,,,,,9.37,NAMUR LAKE,NAMUR LAKE,5,---,mg/l,1788,FIELD,21SWE04629,21SWE04629-12,08/19/2021 2:15 PM,Centre,EUPHOTIC COMPOSITE,,,,,
Far,08/19/2021 3:15 PM,,,,,,,,,,,,,,,,,,,,,,,,,9.34,NAMUR LAKE,NAMUR LAKE,5.5,---,mg/l,1788,FIELD,21SWE04629,21SWE04629-13,08/19/2021 2:15 PM,Centre,EUPHOTIC COMPOSITE,,,,,
Far,08/19/2021 3:15 PM,,,,,,,,,,,,,,,,,,,,,,,,,9.34,NAMUR LAKE,NAMUR LAKE,6,---,mg/l,1788,FIELD,21SWE04629,21SWE04629-14,08/19/2021 2:15 PM,Centre,EUPHOTIC COMPOSITE,,,,,
Far,08/19/2021 3:15 PM,,,,,,,,,,,,,,,,,,,,,,,,,9.33,NAMUR LAKE,NAMUR LAKE,6.5,---,mg/l,1788,FIELD,21SWE04629,21SWE04629-15,08/19/2021 2:15 PM,Centre,EUPHOTIC COMPOSITE,,,,,
Far,08/19/2021 3:15 PM,,,,,,,,,,,,,,,,,,,,,,,,,9.21,NAMUR LAKE,NAMUR LAKE,7,---,mg/l,1788,FIELD,21SWE04629,21SWE04629-16,08/19/2021 2:15 PM,Centre,EUPHOTIC COMPOSITE,,,,,
Far,08/19/2021 3:15 PM,,,,,,,,,,,,,,,,,,,,,,,,,9.14,NAMUR LAKE,NAMUR LAKE,8,---,mg/l,1788,FIELD,21SWE04629,21SWE04629-17,08/19/2021 2:15 PM,Centre,EUPHOTIC COMPOSITE,,,,,
Far,08/19/2021 3:15 PM,,,,,,,,,,,,,,,,,,,,,,,,,9.13,NAMUR LAKE,NAMUR LAKE,9,---,mg/l,1788,FIELD,21SWE04629,21SWE04629-18,08/19/2021 2:15 PM,Centre,EUPHOTIC COMPOSITE,,,,,
Far,08/19/2021 3:15 PM,,,,,,,,,,,,,,,,,,,,,,,,,9.1,NAMUR LAKE,NAMUR LAKE,10,---,mg/l,1788,FIELD,21SWE04629,21SWE04629-19,08/19/2021 2:15 PM,Centre,EUPHOTIC COMPOSITE,,,,,
Far,08/19/2021 3:15 PM,,,,,,,,,,,,,,,,,,,,,,,,,9.04,NAMUR LAKE,NAMUR LAKE,11,---,mg/l,1788,FIELD,21SWE04629,21SWE04629-20,08/19/2021 2:15 PM,Centre,EUPHOTIC COMPOSITE,,,,,
Far,08/19/2021 3:15 PM,,,,,,,,,,,,,,,,,,,,,,,,,8.52,NAMUR LAKE,NAMUR LAKE,12,---,mg/l,1788,FIELD,21SWE04629,21SWE04629-21,08/19/2021 2:15 PM,Centre,EUPHOTIC COMPOSITE,,,,,
Far,08/19/2021 3:15 PM,,,,,,,,,,,,,,,,,,,,,,,,,8.39,NAMUR LAKE,NAMUR LAKE,13,---,mg/l,1788,FIELD,21SWE04629,21SWE04629-22,08/19/2021 2:15 PM,Centre,EUPHOTIC COMPOSITE,,,,,
Far,09/14/2022 8:50 AM,,,,,,,,,,,,,,,,,,,,,,,,,6.92,NAMUR LAKE,NAMUR LAKE,,---,mg/l,1788,FIELD,22SWE04613,22SWE04613-01,09/14/2022 7:50 AM,Centre,SINGLE EUPHOTIC COMPOSITE,,,,,
Far,09/14/2022 8:50 AM,,,,,,,,,,,,,,,,,,,,,,,,,,NAMUR LAKE,NAMUR LAKE,0.1,---,mg/l,1788,FIELD,22SWE04613,22SWE04613-02,09/14/2022 7:50 AM,Centre,DISCRETE SAMPLE (GRAB),,,,,
Far,09/14/2022 8:50 AM,,,,,,,,,,,,,,,,,,,,,,,,,8.79,NAMUR LAKE,NAMUR LAKE,0.5,---,mg/l,1788,FIELD,22SWE04613,22SWE04613-03,09/14/2022 7:50 AM,Centre,DISCRETE SAMPLE (GRAB),,,,,
Far,09/14/2022 8:50 AM,,,,,,,,,,,,,,,,,,,,,,,,,8.79,NAMUR LAKE,NAMUR LAKE,1,---,mg/l,1788,FIELD,22SWE04613,22SWE04613-04,09/14/2022 7:50 AM,Centre,DISCRETE SAMPLE (GRAB),,,,,
Far,09/14/2022 8:50 AM,,,,,,,,,,,,,,,,,,,,,,,,,8.78,NAMUR LAKE,NAMUR LAKE,1.5,---,mg/l,1788,FIELD,22SWE04613,22SWE04613-05,09/14/2022 7:50 AM,Centre,DISCRETE SAMPLE (GRAB),,,,,
Far,09/14/2022 8:50 AM,,,,,,,,,,,,,,,,,,,,,,,,,8.76,NAMUR LAKE,NAMUR LAKE,2,---,mg/l,1788,FIELD,22SWE04613,22SWE04613-06,09/14/2022 7:50 AM,Centre,DISCRETE SAMPLE (GRAB),,,,,
Far,09/14/2022 8:50 AM,,,,,,,,,,,,,,,,,,,,,,,,,8.75,NAMUR LAKE,NAMUR LAKE,2.5,---,mg/l,1788,FIELD,22SWE04613,22SWE04613-07,09/14/2022 7:50 AM,Centre,DISCRETE SAMPLE (GRAB),,,,,
Far,09/14/2022 8:50 AM,,,,,,,,,,,,,,,,,,,,,,,,,8.74,NAMUR LAKE,NAMUR LAKE,3,---,mg/l,1788,FIELD,22SWE04613,22SWE04613-08,09/14/2022 7:50 AM,Centre,DISCRETE SAMPLE (GRAB),,,,,
Far,09/14/2022 8:50 AM,,,,,,,,,,,,,,,,,,,,,,,,,8.75,NAMUR LAKE,NAMUR LAKE,3.5,---,mg/l,1788,FIELD,22SWE04613,22SWE04613-09,09/14/2022 7:50 AM,Centre,DISCRETE SAMPLE (GRAB),,,,,
Far,09/14/2022 8:50 AM,,,,,,,,,,,,,,,,,,,,,,,,,8.71,NAMUR LAKE,NAMUR LAKE,4,---,mg/l,1788,FIELD,22SWE04613,22SWE04613-10,09/14/2022 7:50 AM,Centre,DISCRETE SAMPLE (GRAB),,,,,
Far,09/14/2022 8:50 AM,,,,,,,,,,,,,,,,,,,,,,,,,8.71,NAMUR LAKE,NAMUR LAKE,4.5,---,mg/l,1788,FIELD,22SWE04613,22SWE04613-11,09/14/2022 7:50 AM,Centre,DISCRETE SAMPLE (GRAB),,,,,
Far,09/14/2022 8:50 AM,,,,,,,,,,,,,,,,,,,,,,,,,8.72,NAMUR LAKE,NAMUR LAKE,5,---,mg/l,1788,FIELD,22SWE04613,22SWE04613-12,09/14/2022 7:50 AM,Centre,DISCRETE SAMPLE (GRAB),,,,,
Far,09/14/2022 8:50 AM,,,,,,,,,,,,,,,,,,,,,,,,,8.7,NAMUR LAKE,NAMUR LAKE,5.5,---,mg/l,1788,FIELD,22SWE04613,22SWE04613-13,09/14/2022 7:50 AM,Centre,DISCRETE SAMPLE (GRAB),,,,,
Far,09/14/2022 8:50 AM,,,,,,,,,,,,,,,,,,,,,,,,,8.71,NAMUR LAKE,NAMUR LAKE,6,---,mg/l,1788,FIELD,22SWE04613,22SWE04613-14,09/14/2022 7:50 AM,Centre,DISCRETE SAMPLE (GRAB),,,,,
Far,09/14/2022 8:50 AM,,,,,,,,,,,,,,,,,,,,,,,,,8.71,NAMUR LAKE,NAMUR LAKE,6.5,---,mg/l,1788,FIELD,22SWE04613,22SWE04613-15,09/14/2022 7:50 AM,Centre,DISCRETE SAMPLE (GRAB),,,,,
Far,09/14/2022 8:50 AM,,,,,,,,,,,,,,,,,,,,,,,,,8.69,NAMUR LAKE,NAMUR LAKE,7,---,mg/l,1788,FIELD,22SWE04613,22SWE04613-16,09/14/2022 7:50 AM,Centre,DISCRETE SAMPLE (GRAB),,,,,
Far,09/14/2022 8:50 AM,,,,,,,,,,,,,,,,,,,,,,,,,8.72,NAMUR LAKE,NAMUR LAKE,7.5,---,mg/l,1788,FIELD,22SWE04613,22SWE04613-17,09/14/2022 7:50 AM,Centre,DISCRETE SAMPLE (GRAB),,,,,
Far,09/14/2022 8:50 AM,,,,,,,,,,,,,,,,,,,,,,,,,8.69,NAMUR LAKE,NAMUR LAKE,8,---,mg/l,1788,FIELD,22SWE04613,22SWE04613-18,09/14/2022 7:50 AM,Centre,DISCRETE SAMPLE (GRAB),,,,,
Far,09/14/2022 8:50 AM,,,,,,,,,,,,,,,,,,,,,,,,,8.69,NAMUR LAKE,NAMUR LAKE,8.5,---,mg/l,1788,FIELD,22SWE04613,22SWE04613-19,09/14/2022 7:50 AM,Centre,DISCRETE SAMPLE (GRAB),,,,,
Far,09/14/2022 8:50 AM,,,,,,,,,,,,,,,,,,,,,,,,,8.69,NAMUR LAKE,NAMUR LAKE,9,---,mg/l,1788,FIELD,22SWE04613,22SWE04613-20,09/14/2022 7:50 AM,Centre,DISCRETE SAMPLE (GRAB),,,,,
Far,09/14/2022 8:50 AM,,,,,,,,,,,,,,,,,,,,,,,,,8.66,NAMUR LAKE,NAMUR LAKE,9.5,---,mg/l,1788,FIELD,22SWE04613,22SWE04613-21,09/14/2022 7:50 AM,Centre,DISCRETE SAMPLE (GRAB),,,,,
Far,09/14/2022 8:50 AM,,,,,,,,,,,,,,,,,,,,,,,,,8.71,NAMUR LAKE,NAMUR LAKE,10,---,mg/l,1788,FIELD,22SWE04613,22SWE04613-22,09/14/2022 7:50 AM,Centre,DISCRETE SAMPLE (GRAB),,,,,
Far,09/14/2022 8:50 AM,,,,,,,,,,,,,,,,,,,,,,,,,8.64,NAMUR LAKE,NAMUR LAKE,11,---,mg/l,1788,FIELD,22SWE04613,22SWE04613-23,09/14/2022 7:50 AM,Centre,DISCRETE SAMPLE (GRAB),,,,,
Far,09/14/2022 8:50 AM,,,,,,,,,,,,,,,,,,,,,,,,,8.66,NAMUR LAKE,NAMUR LAKE,12,---,mg/l,1788,FIELD,22SWE04613,22SWE04613-24,09/14/2022 7:50 AM,Centre,DISCRETE SAMPLE (GRAB),,,,,
Far,09/14/2022 8:50 AM,,,,,,,,,,,,,,,,,,,,,,,,,8.69,NAMUR LAKE,NAMUR LAKE,13,---,mg/l,1788,FIELD,22SWE04613,22SWE04613-25,09/14/2022 7:50 AM,Centre,DISCRETE SAMPLE (GRAB),,,,,
Far,09/14/2022 8:50 AM,,,,,,,,,,,,,,,,,,,,,,,,,8.62,NAMUR LAKE,NAMUR LAKE,14,---,mg/l,1788,FIELD,22SWE04613,22SWE04613-26,09/14/2022 7:50 AM,Centre,DISCRETE SAMPLE (GRAB),,,,,
Far,09/14/2022 8:50 AM,,,,,,,,,,,,,,,,,,,,,,,,,8.48,NAMUR LAKE,NAMUR LAKE,15,---,mg/l,1788,FIELD,22SWE04613,22SWE04613-27,09/14/2022 7:50 AM,Centre,DISCRETE SAMPLE (GRAB),,,,,
Far,09/14/2022 8:50 AM,,,,,,,,,,,,,,,,,,,,,,,,,8.58,NAMUR LAKE,NAMUR LAKE,16,---,mg/l,1788,FIELD,22SWE04613,22SWE04613-28,09/14/2022 7:50 AM,Centre,DISCRETE SAMPLE (GRAB),,,,,
Far,09/14/2022 8:50 AM,,,,,,,,,,,,,,,,,,,,,,,,,8.33,NAMUR LAKE,NAMUR LAKE,17,---,mg/l,1788,FIELD,22SWE04613,22SWE04613-29,09/14/2022 7:50 AM,Centre,DISCRETE SAMPLE (GRAB),,,,,
Far,09/14/2022 8:50 AM,,,,,,,,,,,,,,,,,,,,,,,,,7.28,NAMUR LAKE,NAMUR LAKE,18,---,mg/l,1788,FIELD,22SWE04613,22SWE04613-30,09/14/2022 7:50 AM,Centre,DISCRETE SAMPLE (GRAB),,,,,
Far,06/18/1973 8:00 AM,,,15,,,,,,,,,,,,,7.8,,,,,,,,,,"GREGOIRE LAKE, (NO DESCRIP)",AB07CE0480,,,mg/L,,,,73AB005067,,06/18/1973 8:00 AM,,1,,,,
Far,08/14/1973 12:00 PM,,,9,,,,,,,,,,,,,8.2,,,,,,,,,,"GREGOIRE LAKE, (NO DESCRIP)",AB07CE0510,,,mg/L,,,,73AB005068,,08/14/1973 12:00 PM,,1,,,,
Far,08/19/1974 12:00 PM,,,20,,,,,,,,,,,,,8.3,,,,,,,,,,"GREGOIRE LAKE, (NO DESCRIP)",AB07CE0500,,,mg/L,,,,74AB003050,,08/19/1974 12:00 PM,,1,,,,
Far,05/12/1981 12:00 PM,,,15,,,,,,,,,,,,,7.5,,,,,,,,,,"GREGOIRE LAKE, (NO DESCRIP)",AB07CE0520,,,mg/L,,,,81AB008184,,05/12/1981 12:00 PM,,1,,,,
Far,05/12/1981 12:00 PM,,,7,,,,,,,,,,,,,6.6,,,,,,,,,,"GREGOIRE LAKE, (NO DESCRIP)",AB07CE0530,,,mg/L,,,,81AB008185,,05/12/1981 12:00 PM,,1,,,,
Far,07/31/1972 12:00 PM,,,15.2,,,,,,,,,,,,,8.1,,,,,,,,,,"GREGOIRE LAKE, AT MOUTH OF GREGOIRE RIVER",AB07CE0490,,,mg/L,,,,72AB004518,,07/31/1972 12:00 PM,,1,,,,
Far,10/29/1976 2:15 PM,,,14.5,,,,,,,,,,,,,7.3,,0.07,,,,,,,,"GREGOIRE LAKE, AT WIER - GRAB",AB07CE0310,,,mg/L,,,,76AB004263,,10/29/1976 2:15 PM,,1,,,,
Far,12/22/1976 2:05 PM,,,18.5,,,,,,,0.0001,,,,,0.81,7.3,,0.02,,,,,,,,"GREGOIRE LAKE, AT WIER - GRAB",AB07CE0310,,,mg/L,,,,76AB004264,,12/22/1976 2:05 PM,,1,,,,
Far,01/11/1977 2:30 PM,,,18.5,,,,,,,,,,,,0.86,7.3,,0.02,,,,,,,,"GREGOIRE LAKE, AT WIER - GRAB",AB07CE0310,,,mg/L,,,,77AB004004,,01/11/1977 2:30 PM,,1,,,,
Far,02/25/1977 9:30 AM,,,18,,,,,,,,,,,,0.82,7.8,,0.02,,,,,,,,"GREGOIRE LAKE, AT WIER - GRAB",AB07CE0310,,,mg/L,,,,77AB004005,,02/25/1977 9:30 AM,,1,,,,
Far,03/09/1977 11:15 AM,,,18.5,,,,,,,0.0002,,,,,0.97,8,,0.03,,,,,,15.4,,"GREGOIRE LAKE, AT WIER - GRAB",AB07CE0310,,,mg/L,,,,77AB004006,,03/09/1977 11:15 AM,,1,,,,
Far,04/27/1977 6:00 PM,,,13.5,,,,,,,,,,,,0.66,7.5,,0.02,,,,,,13,,"GREGOIRE LAKE, AT WIER - GRAB",AB07CE0310,,,mg/L,,,,77AB004007,,04/27/1977 6:00 PM,,1,,,,
Far,05/20/1977 7:30 AM,,,14.5,,,,,,,,,,,,0.74,7.6,7.5,0.02,,,,,,8.75,,"GREGOIRE LAKE, AT WIER - GRAB",AB07CE0310,,,mg/L,,,,77AB004008,,05/20/1977 7:30 AM,,1,,,,
Far,06/09/1977 11:35 AM,,,13.5,,,,,,,,,,,,0.97,7.2,,0.04,,,,,,8.2,,"GREGOIRE LAKE, AT WIER - GRAB",AB07CE0310,,,mg/L,,,,77AB004009,,06/09/1977 11:35 AM,,1,,,,
Far,07/28/1977 7:45 AM,,,13.5,,,,,,,,,,,,0.82,7.5,8.9,0.029,,,,,,7.7,,"GREGOIRE LAKE, AT WIER - GRAB",AB07CE0310,,,mg/L,,,,77AB004010,,07/28/1977 7:45 AM,,1,,,,
Far,08/19/1977 7:15 AM,,,15.5,,,,,,,,,,,,1.12,7.7,8.4,0.028,,,,,,8.1,,"GREGOIRE LAKE, AT WIER - GRAB",AB07CE0310,,,mg/L,,,,77AB004011,,08/19/1977 7:15 AM,,1,,,,
Far,09/20/1977 9:10 AM,,,15.5,,,,,,,,,,,,1.01,7.67,8.2,0.024,,,,,,8.2,,"GREGOIRE LAKE, AT WIER - GRAB",AB07CE0310,,,mg/L,,,,77AB004012,,09/20/1977 9:10 AM,,1,,,,
Far,10/13/1977 10:35 AM,,,15.5,,,,,,,,,,,,1.18,7.73,7.95,0.029,,,,,,13,,"GREGOIRE LAKE, AT WIER - GRAB",AB07CE0310,,,mg/L,,,,77AB004014,,10/13/1977 10:35 AM,,1,,,,
Far,11/16/1977 8:05 AM,,,15.5,,,,,,,,,,,,1,7.3,8.1,0.021,,,,,,,,"GREGOIRE LAKE, AT WIER - GRAB",AB07CE0310,,,mg/L,,,,77AB004015,,11/16/1977 8:05 AM,,1,,,,
Far,03/27/1978 11:55 AM,,,19.5,,,,,,,,,,,,0.72,7.55,,0.016,,,,,,,,"GREGOIRE LAKE, AT WIER - GRAB",AB07CE0310,,,mg/L,,,,78AB005907,,03/27/1978 11:55 AM,,1,,,,
Far,04/17/1978 3:00 PM,,,17.3,,,,,,,,,,,,0.74,7.68,,0.022,,,,,,14.3,,"GREGOIRE LAKE, AT WIER - GRAB",AB07CE0310,,,mg/L,,,,78AB005908,,04/17/1978 3:00 PM,,1,,,,
Far,05/10/1978 1:20 PM,,,15.2,,,,,,,,,,,,0.085,7.75,7.4,0.02,,,,,,8.1,,"GREGOIRE LAKE, AT WIER - GRAB",AB07CE0310,,,mg/L,,,,78AB005909,,05/10/1978 1:20 PM,,1,,,,
Far,06/08/1978 12:30 PM,,,15.5,,,,,,,,,,,,0.55,7.65,8.3,0.019,,,,,,8.1,,"GREGOIRE LAKE, AT WIER - GRAB",AB07CE0310,,,mg/L,,,,78AB005910,,06/08/1978 12:30 PM,,1,,,,
Far,07/05/1978 12:35 PM,,,16,,,,,,,,,,,,1.4,7.65,8.3,0.025,,,0.002,,,10.4,,"GREGOIRE LAKE, AT WIER - GRAB",AB07CE0310,,,mg/L,,,,78AB005911,,07/05/1978 12:35 PM,,1,,,,
Far,08/30/1978 2:10 PM,,,17.3,,,,,,,,,,,,1.26,7.37,9,0.034,,,,,,6.8,,"GREGOIRE LAKE, AT WIER - GRAB",AB07CE0310,,,mg/L,,,,78AB005912,,08/30/1978 2:10 PM,,1,,,,
Far,09/27/1978 10:05 AM,,,15.5,,,,,,,,,,,,1.96,7.4,8.7,0.029,,,,,,8.2,,"GREGOIRE LAKE, AT WIER - GRAB",AB07CE0310,,,mg/L,,,,78AB005913,,09/27/1978 10:05 AM,,1,,,,
Far,10/25/1978 2:25 PM,,,17.5,,,,,,,,,,,,0.8,7.3,8.6,0.038,,,,,,9.35,,"GREGOIRE LAKE, AT WIER - GRAB",AB07CE0310,,,mg/L,,,,78AB005914,,10/25/1978 2:25 PM,,1,,,,
Far,11/21/1978 11:10 AM,,,15.5,,,,,,,,,,,,1,7.3,8.45,0.034,,,,,,,,"GREGOIRE LAKE, AT WIER - GRAB",AB07CE0310,,,mg/L,,,,78AB005915,,11/21/1978 11:10 AM,,1,,,,
Far,12/20/1978 8:30 AM,,,21,,,,,,,,,,,,0.72,7.7,,0.017,,,,,,,,"GREGOIRE LAKE, AT WIER - GRAB",AB07CE0310,,,mg/L,,,,78AB005916,,12/20/1978 8:30 AM,,1,,,,
Far,01/11/1979 1:50 PM,,,19,,,,,,,,,,,,0.76,7.5,,0.019,,,,,,,,"GREGOIRE LAKE, AT WIER - GRAB",AB07CE0310,,,mg/L,,,,79AB003644,,01/11/1979 1:50 PM,,1,,,,
Far,02/12/1979 9:55 AM,,,23,,,,,,,,,,,,0.42,7.9,,0.025,,,,,,,,"GREGOIRE LAKE, AT WIER - GRAB",AB07CE0310,,,mg/L,,,,79AB003645,,02/12/1979 9:55 AM,,1,,,,
Far,03/14/1979 10:05 AM,,,20,,,,,,,,,,,,2.08,7.8,,0.015,,,,,,,,"GREGOIRE LAKE, AT WIER - GRAB",AB07CE0310,,,mg/L,,,,79AB003646,,03/14/1979 10:05 AM,,1,,,,
Far,04/19/1979 8:35 AM,,,21.5,,,,,,,0.0006,,,,,0.92,7.7,,0.018,,,,,,,,"GREGOIRE LAKE, AT WIER - GRAB",AB07CE0310,,,mg/L,,,,79AB003647,,04/19/1979 8:35 AM,,1,,,,
Far,05/07/1979 3:00 PM,,,20,,,,,,,,,,,,0.3,7.5,,0.025,,,,,,,,"GREGOIRE LAKE, AT WIER - GRAB",AB07CE0310,,,mg/L,,,,79AB003648,,05/07/1979 3:00 PM,,1,,,,
Far,06/12/1979 3:06 PM,,,15.3,,,,,,,,,,,,0.28,7.55,8.6,0.029,,,,,,8.9,,"GREGOIRE LAKE, AT WIER - GRAB",AB07CE0310,,,mg/L,,,,79AB003649,,06/12/1979 3:06 PM,,1,,,,
Far,07/11/1979 2:30 PM,,,15,,,,,,,0.0001,,,,,1.02,7.4,8.4,0.031,,,,,,10,,"GREGOIRE LAKE, AT WIER - GRAB",AB07CE0310,,,mg/L,,,,79AB003650,,07/11/1979 2:30 PM,,1,,,,
Far,08/14/1979 3:30 PM,,,14.3,,,,,,,0.0044,,,,,1.34,7.6,8.1,0.05,,,,,,7.9,,"GREGOIRE LAKE, AT WIER - GRAB",AB07CE0310,,,mg/L,,,,79AB003651,,08/14/1979 3:30 PM,,1,,,,
Far,09/19/1979 2:25 PM,,,15.7,,,,,,,,,,,,0.82,7.14,8.3,0.056,,,0.002,,,11,,"GREGOIRE LAKE, AT WIER - GRAB",AB07CE0310,,,mg/L,,,,79AB003652,,09/19/1979 2:25 PM,,1,,,,
Far,10/16/1979 12:30 PM,,,15.5,,,,,,,0.0003,,,,,1.1,7.2,,0.055,,,,,,12.4,,"GREGOIRE LAKE, AT WIER - GRAB",AB07CE0310,,,mg/L,,,,79AB003653,,10/16/1979 12:30 PM,,1,,,,
Far,01/10/1980 2:45 PM,,,19.8,,,,,,,0.0006,,,,,1.34,7.34,7.7,0.017,,,,,,,,"GREGOIRE LAKE, AT WIER - GRAB",AB07CE0310,,,mg/L,,,,80AB009061,,01/10/1980 2:45 PM,,1,,,,
Far,02/20/1980 1:00 PM,,,21.8,,,,,,,,,,,,0.84,8,8.3,0.02,,,,,,,,"GREGOIRE LAKE, AT WIER - GRAB",AB07CE0310,,,mg/L,,,,80AB009062,,02/20/1980 1:00 PM,,1,,,,
Far,03/12/1980 2:30 PM,,,22.2,,,,,,,0.0001,,,,,1,7.16,7.53,0.048,,,,,,,,"GREGOIRE LAKE, AT WIER - GRAB",AB07CE0310,,,mg/L,,,,80AB009063,,03/12/1980 2:30 PM,,1,,,,
Far,05/08/1980 12:30 PM,,,14,,,,,,,,,,,,0.7,7.44,8.17,0.042,,,,,,11.2,,"GREGOIRE LAKE, AT WIER - GRAB",AB07CE0310,,,mg/L,,,,80AB009064,,05/08/1980 12:30 PM,,1,,,,
Far,08/05/1980 1:45 PM,,,15.5,,,,,,,,,,,,0.81,6.85,,0.05,,,,,,11.2,,"GREGOIRE LAKE, AT WIER - GRAB",AB07CE0310,,,mg/L,,,,80AB009066,,08/05/1980 1:45 PM,,1,,,,
Far,11/04/1980 11:30 AM,,,13.6,,,,,,,,,,,,1.08,7.03,,0.03,,,,,,,,"GREGOIRE LAKE, AT WIER - GRAB",AB07CE0310,,,mg/L,,,,80AB009067,,11/04/1980 11:30 AM,,1,,,,
Far,01/06/1981 3:30 PM,,,18.7,,,,,,,,,,,,1.12,7.22,,0.042,,,,,,,,"GREGOIRE LAKE, AT WIER - GRAB",AB07CE0310,,,mg/L,,,,81AB008131,,01/06/1981 3:30 PM,,1,,,,
Far,03/31/1981 12:00 PM,,,17,,,,,,,,,,,,1.02,7.92,,0.023,,,,,,,,"GREGOIRE LAKE, AT WIER - GRAB",AB07CE0310,,,mg/L,,,,81AB008132,,03/31/1981 12:00 PM,,1,,,,
Far,07/09/1981 12:30 PM,,,13.7,,,,,,,,,,,,1.05,6.93,8.6,0.07,,,,,,10.3,,"GREGOIRE LAKE, AT WIER - GRAB",AB07CE0310,,,mg/L,,,,81AB008133,,07/09/1981 12:30 PM,,1,,,,
Far,05/06/1982 5:30 PM,,,9,,,,,,,,,,,,,7.6,,,,,,,,,,"GREGOIRE LAKE, AT WIER - GRAB",AB07CE0310,,,mg/L,,,,82AB004757,,05/06/1982 5:30 PM,,1,,,,
Far,06/23/1982 11:45 AM,,,14,,,,,,,,,,,,,7.5,,,,,,,,,,"GREGOIRE LAKE, AT WIER - GRAB",AB07CE0310,,,mg/L,,,,82AB004758,,06/23/1982 11:45 AM,,1,,,,
Far,07/19/1982 2:00 PM,,,15,,,,,,,,,,,,,7.11,,,,,,,,,,"GREGOIRE LAKE, AT WIER - GRAB",AB07CE0310,,,mg/L,,,,82AB004759,,07/19/1982 2:00 PM,,1,,,,
Far,08/12/1982 12:00 PM,,,14.4,,,,,,,,,,,,,7.47,,,,,,,,,,"GREGOIRE LAKE, AT WIER - GRAB",AB07CE0310,,,mg/L,,,,82AB004760,,08/12/1982 12:00 PM,,1,,,,
Far,08/23/1982 12:40 PM,,,14.2,,,,,,,,,,,,,7.29,8.2,,,,,,,10.6,,"GREGOIRE LAKE, AT WIER - GRAB",AB07CE0310,,,mg/L,,,,82AB004761,,08/23/1982 12:40 PM,,1,,,,
Far,10/04/1982 11:00 AM,,,14.2,,,,,,,,,,,,,7.22,,,,,,,,,,"GREGOIRE LAKE, AT WIER - GRAB",AB07CE0310,,,mg/L,,,,82AB004762,,10/04/1982 11:00 AM,,1,,,,
Far,04/20/1983 9:00 AM,,,17.1,,,,,,,,,,,,,7.02,,,,,,,,,,"GREGOIRE LAKE, AT WIER - GRAB",AB07CE0310,,,mg/L,,,,83AB010521,,04/20/1983 9:00 AM,,1,,,,
Far,05/02/1983 12:00 PM,,,16.5,,,,,,,,,,,,,7.09,,,,,,,,,,"GREGOIRE LAKE, AT WIER - GRAB",AB07CE0310,,,mg/L,,,,83AB010522,,05/02/1983 12:00 PM,,1,,,,
Far,06/02/1983 9:30 PM,,,14.1,,,,,,,,,,,,,7.4,,,,,,,,,,"GREGOIRE LAKE, AT WIER - GRAB",AB07CE0310,,,mg/L,,,,83AB010523,,06/02/1983 9:30 PM,,1,,,,
Far,06/21/1983 3:42 PM,,,15.6,,,,,,,,,,,,,7.52,,,,,,,,,,"GREGOIRE LAKE, AT WIER - GRAB",AB07CE0310,,,mg/L,,,,83AB010524,,06/21/1983 3:42 PM,,1,,,,
Far,07/27/1983 12:00 PM,,,16,,,,,,,,,,,,,7.68,,,,,,,,,,"GREGOIRE LAKE, AT WIER - GRAB",AB07CE0310,,,mg/L,,,,83AB010525,,07/27/1983 12:00 PM,,1,,,,
Far,08/31/1983 12:00 PM,,,16,,,,,,,,,,,,,8.02,,,,,,,,,,"GREGOIRE LAKE, AT WIER - GRAB",AB07CE0310,,,mg/L,,,,83AB010526,,08/31/1983 12:00 PM,,1,,,,
Far,10/12/1976 3:15 PM,,,15.5,,,,,,,,,,,,1.3,7.2,,0.09,,,,,,,,"GREGOIRE LAKE, AT WSC GAUGE AT PIER ONE HALF MILE WEST OF ANZAC - GRAB",AB07CE0300,,,mg/L,,,,76AB004262,,10/12/1976 3:15 PM,,1,,,,
Far,06/07/1989 12:00 PM,,,,,,,,,,,,,,,,,,0.0241,,,,,,,,"GREGOIRE LAKE, COMPOSITE",AB07CE0120,,,mg/L,,,,89AB003291,,06/07/1989 12:00 PM,,13,,,,
Far,07/05/1989 12:00 PM,,,,,,,,,,,,,,,,,,0.0213,,,,,,,,"GREGOIRE LAKE, COMPOSITE",AB07CE0120,,,mg/L,,,,89AB003292,,07/05/1989 12:00 PM,,13,,,,
Far,08/08/1989 12:00 PM,,,15,,,,,,,,,,,,,7.63,,0.0175,,,,,,,,"GREGOIRE LAKE, COMPOSITE",AB07CE0120,,,mg/L,,,,89AB003293,,08/08/1989 12:00 PM,,13,,,,
Far,09/13/1989 12:30 PM,,,16.9,,,,,,,,,,,,0.62,7.24,,0.0296,,,,,,,,"GREGOIRE LAKE, COMPOSITE",AB07CE0120,,,mg/L,,,,89AB003294,,09/13/1989 12:30 PM,,13,,,,
Far,07/05/1990 12:00 PM,,,18,,,,,,,,,,,,,7.78,,0.0216,,,,,,,,"GREGOIRE LAKE, COMPOSITE",AB07CE0120,,,mg/L,,,,90AB001768,,07/05/1990 12:00 PM,,13,,,,
Far,08/09/1990 12:00 PM,,,,,,,,,,,,,,,,,,0.042,,,,,,,,"GREGOIRE LAKE, COMPOSITE",AB07CE0120,,,mg/L,,,,90AB001769,,08/09/1990 12:00 PM,,13,,,,
Far,09/13/1990 12:00 PM,,,17,,,,,,,,,,,,,7.91,,0.0382,,,,,,,,"GREGOIRE LAKE, COMPOSITE",AB07CE0120,,,mg/L,,,,90AB001770,,09/13/1990 12:00 PM,,13,,,,
Far,07/23/1991 8:00 AM,,,15,,,,,,,,,,,,,7.67,,0.038,,,,,,,,"GREGOIRE LAKE, COMPOSITE",AB07CE0120,,,mg/L,,,,91AB002504,,07/23/1991 8:00 AM,,13,,,,
Far,08/27/1991 12:00 PM,,,15,,,,,,,,,,,,,7.69,,0.0546,,,,,,,,"GREGOIRE LAKE, COMPOSITE",AB07CE0120,,,mg/L,,,,91AB002505,,08/27/1991 12:00 PM,,13,,,,
Far,09/25/1991 12:00 PM,,,15,,,,,,,,,,,,,7.73,,0.0371,,,,,,,,"GREGOIRE LAKE, COMPOSITE",AB07CE0120,,,mg/L,,,,91AB002506,,09/25/1991 12:00 PM,,13,,,,
Far,10/22/1991 9:25 AM,,,15,,,,,,,,,,,,,7.18,,0.0332,,,,,,,,"GREGOIRE LAKE, COMPOSITE",AB07CE0120,,,mg/L,,,,91AB002507,,10/22/1991 9:25 AM,,13,,,,
Far,06/15/1992 7:10 AM,,,16,,,,,,,,,,,,,7.87,,0.0203,,,,,,,,"GREGOIRE LAKE, COMPOSITE",AB07CE0120,,,mg/L,,,,92AB002678,,06/15/1992 7:10 AM,,13,,,,
Far,07/06/1992 6:45 AM,,,,,,,,,,,,,,,,,,0.0183,,,,,,,,"GREGOIRE LAKE, COMPOSITE",AB07CE0120,,,mg/L,,,,92AB002679,,07/06/1992 6:45 AM,,13,,,,
Far,08/11/1992 8:40 AM,,,16,,,,,,,,,,,,,7.98,,0.0252,,,,,,,,"GREGOIRE LAKE, COMPOSITE",AB07CE0120,,,mg/L,,,,92AB002680,,08/11/1992 8:40 AM,,13,,,,
Far,09/29/1992 8:00 AM,,,,,,,,,,,,,,,,,,0.0194,,,,,,,,"GREGOIRE LAKE, COMPOSITE",AB07CE0120,,,mg/L,,,,92AB002681,,09/29/1992 8:00 AM,,13,,,,
Far,06/14/1993 8:00 AM,,,16,,,,,,,,,,,,,7.78,,0.0214,,,,,,,,"GREGOIRE LAKE, COMPOSITE",AB07CE0120,,,mg/L,,,,93AB003002,,06/14/1993 8:00 AM,,13,,,,
Far,07/05/1993 7:30 AM,,,,,,,,,,,,,,,,,,0.0202,,,,,,,,"GREGOIRE LAKE, COMPOSITE",AB07CE0120,,,mg/L,,,,93AB003003,,07/05/1993 7:30 AM,,13,,,,
Far,07/07/1993 11:45 AM,,,,,,,,,,,,,,,,,,0.0266,,,,,,,,"GREGOIRE LAKE, COMPOSITE",AB07CE0120,,,mg/L,,,,93AB003004,,07/07/1993 11:45 AM,,13,,,,
Far,07/14/1993 11:00 AM,,,17,,,,,,,,,,,,0.46,8.24,,0.018,,,,,,,,"GREGOIRE LAKE, COMPOSITE",AB07CE0120,,,mg/L,,,,93AB003005,,07/14/1993 11:00 AM,,13,,,,
Far,07/28/1993 9:45 AM,,,,,,,,,,,,,,,,,,0.0161,,,,,,,,"GREGOIRE LAKE, COMPOSITE",AB07CE0120,,,mg/L,,,,93AB003006,,07/28/1993 9:45 AM,,13,,,,
Far,08/03/1993 8:15 AM,,,,,,,,,,,,,,,,,,0.0316,,,,,,,,"GREGOIRE LAKE, COMPOSITE",AB07CE0120,,,mg/L,,,,93AB003007,,08/03/1993 8:15 AM,,13,,,,
Far,08/31/1993 7:30 AM,,,,,,,,,,,,,,,,,,0.0218,,,,,,,,"GREGOIRE LAKE, COMPOSITE",AB07CE0120,,,mg/L,,,,93AB003008,,08/31/1993 7:30 AM,,13,,,,
Far,05/25/1994 6:30 AM,,,17,,,,,,,,,,,,,7.82,,0.0181,,,,,,,,"GREGOIRE LAKE, COMPOSITE",AB07CE0120,,,mg/L,,,,94AB001068,,05/25/1994 6:30 AM,,13,,,,
Far,07/17/1994 9:25 AM,,,16,,,,,,,,,,,,,8.36,,0.022,,,,,,,,"GREGOIRE LAKE, COMPOSITE",AB07CE0120,,,mg/L,,,,94AB001069,,07/17/1994 9:25 AM,,13,,,,
Far,08/01/1994 5:15 PM,,,,,,,,,,,,,,,,,,0.0243,,,,,,,,"GREGOIRE LAKE, COMPOSITE",AB07CE0120,,,mg/L,,,,94AB001070,,08/01/1994 5:15 PM,,13,,,,
Far,08/28/1994 4:30 PM,,,17,,,,,,,,,,,,,7.77,,0.0363,,,,,,,,"GREGOIRE LAKE, COMPOSITE",AB07CE0120,,,mg/L,,,,94AB001071,,08/28/1994 4:30 PM,,13,,,,
Far,09/12/1994 9:00 AM,,,,,,,,,,,,,,,,,,0.0301,,,,,,,,"GREGOIRE LAKE, COMPOSITE",AB07CE0120,,,mg/L,,,,94AB001072,,09/12/1994 9:00 AM,,13,,,,
Far,07/03/1995 4:00 PM,,,17,,,,,,,,,,,,,7.61,,0.0282,,,,,,,,"GREGOIRE LAKE, COMPOSITE",AB07CE0120,,,mg/L,,,,95AB002652,,07/03/1995 4:00 PM,,13,,,,
Far,07/23/1995 1:25 PM,,,,,,,,,,,,,,,,,,0.0317,,,,,,,,"GREGOIRE LAKE, COMPOSITE",AB07CE0120,,,mg/L,,,,95AB002653,,07/23/1995 1:25 PM,,13,,,,
Far,08/20/1995 11:10 AM,,,,,,,,,,,,,,,,,,0.0533,,,,,,,,"GREGOIRE LAKE, COMPOSITE",AB07CE0120,,,mg/L,,,,95AB002654,,08/20/1995 11:10 AM,,13,,,,
Far,09/10/1995 8:30 AM,,,16,,,,,,,,,,,,,7.64,,0.0339,,,,,,,,"GREGOIRE LAKE, COMPOSITE",AB07CE0120,,,mg/L,,,,95AB002655,,09/10/1995 8:30 AM,,13,,,,
Far,05/27/1996 9:00 AM,,,20,,,,,,,,,,,,,7.06,,0.025,,,,,,,,"GREGOIRE LAKE, COMPOSITE",AB07CE0120,,,mg/L,,,,96AB000822,,05/27/1996 9:00 AM,,13,,,,
Far,06/09/1996 1:30 PM,,,,,,,,,,,,,,,,,,0.0248,,,,,,,,"GREGOIRE LAKE, COMPOSITE",AB07CE0120,,,mg/L,,,,96SWE03182,,06/09/1996 1:30 PM,133,13,,,,
Far,07/02/1996 4:30 PM,,,15.5,,,,,,,,,,,,,7.2,,0.0284,,,,,,,,"GREGOIRE LAKE, COMPOSITE",AB07CE0120,,,mg/L,,,,96SWE00325,,07/02/1996 4:30 PM,133,13,,,,
Far,07/14/1996 9:35 AM,,,,,,,,,,,,,,,,,,0.0268,,,,,,,,"GREGOIRE LAKE, COMPOSITE",AB07CE0120,,,mg/L,,,,96SWE00585,,07/14/1996 9:35 AM,133,13,,,,
Far,08/18/1996 3:50 PM,,,,,,,,,,,,,,,,,,0.0341,,,,,,,,"GREGOIRE LAKE, COMPOSITE",AB07CE0120,,,mg/L,,,,96SWE01303,,08/18/1996 3:50 PM,133,13,,,,
Far,05/25/1997 1:00 PM,,,15.2,,,,,,,,,,,,,6.8,,0.0315,,,,,,,,"GREGOIRE LAKE, COMPOSITE",AB07CE0120,,,mg/L,,,,97SWE01474,,05/25/1997 1:00 PM,133,13,,,,
Far,06/11/1997 10:30 AM,,,,,,,,,,,,,,,,,,0.0228,,,,,,,,"GREGOIRE LAKE, COMPOSITE",AB07CE0120,,,mg/L,,,,97SWE01743,,06/11/1997 10:30 AM,133,13,,,,
Far,07/01/1997 3:45 PM,,,14.9,,,,,,,,,,,,,7.04,,0.0251,,,,,,,,"GREGOIRE LAKE, COMPOSITE",AB07CE0120,,,mg/L,,,,97SWE02002,,07/01/1997 3:45 PM,133,13,,,,
Far,07/20/1997 6:00 PM,,,,,,,,,,,,,,,,,,0.0273,,,,,,,,"GREGOIRE LAKE, COMPOSITE",AB07CE0120,,,mg/L,,,,97SWE02184,,07/20/1997 6:00 PM,133,13,,,,
Far,07/27/1997 1:45 PM,,,,,,,,,,,,,,,,,,0.0346,,,,,,,,"GREGOIRE LAKE, COMPOSITE",AB07CE0120,,,mg/L,,,,97SWE02353,,07/27/1997 1:45 PM,133,13,,,,
Far,08/18/1997 5:45 PM,,,,,,,,,,,,,,,,,,0.0347,,,,,,,,"GREGOIRE LAKE, COMPOSITE",AB07CE0120,,,mg/L,,,,97SWE02623,,08/18/1997 5:45 PM,133,13,,,,
Far,09/03/1997 4:50 PM,,,16.1,,,,,,,,,,,,,7.09,,0.0372,,,,,,,,"GREGOIRE LAKE, COMPOSITE",AB07CE0120,,,mg/L,,,,97SWE03192,,09/03/1997 4:50 PM,133,13,,,,
Far,09/23/1997 8:25 AM,,,,,,,,,,,,,,,,,,0.0481,,,,,,,,"GREGOIRE LAKE, COMPOSITE",AB07CE0120,,,mg/L,,,,97SWE03567,,09/23/1997 8:25 AM,133,13,,,,
Far,05/19/1998 12:20 PM,,,15.6,,,,,,,,,,,,,6.33,,0.0246,,,,,,,,"GREGOIRE LAKE, COMPOSITE",AB07CE0120,,,mg/L,,,,98SWE00744,,05/19/1998 12:20 PM,133,13,,,,
Far,06/21/1998 12:00 PM,,,,,,,,,,,,,,,,,,0.0237,,,,,,,,"GREGOIRE LAKE, COMPOSITE",AB07CE0120,,,mg/L,,,,98SWE01003,,06/21/1998 12:00 PM,133,13,,,,
Far,07/19/1998 4:45 PM,,,16.1,,,,,,,,,,,,,6.87,,0.0337,,,,,,,,"GREGOIRE LAKE, COMPOSITE",AB07CE0120,,,mg/L,,,,98SWE01386,,07/19/1998 4:45 PM,133,13,,,,
Far,08/16/1998 8:25 AM,,,,,,,,,,,,,,,,,,0.0448,,,,,,,,"GREGOIRE LAKE, COMPOSITE",AB07CE0120,,,mg/L,,,,98SWE01906,,08/16/1998 8:25 AM,133,13,,,,
Far,07/11/1999 12:00 PM,,,16.8,,,,,,,,,,,,,7.9,,0.0284,,,,,,,,"GREGOIRE LAKE, COMPOSITE",AB07CE0120,,,mg/L,,,,99SWE03309,,07/11/1999 12:00 PM,133,13,,,,
Far,08/05/1999 12:00 PM,,,,,,,,,,,,,,,,,,0.0342,,,,,,,,"GREGOIRE LAKE, COMPOSITE",AB07CE0120,,,mg/L,,,,99SWE04003,,08/05/1999 12:00 PM,133,13,,,,
Far,09/23/1999 12:00 PM,,,19.3,,,,,,,,,,,,,7.55,,0.0487,,,,,,,,"GREGOIRE LAKE, COMPOSITE",AB07CE0120,,,mg/L,,,,99SWE05033,,09/23/1999 12:00 PM,133,13,,,,
Far,05/31/2000 9:00 AM,,,,,,,,,,,,,,,,,,0.0248,,,,,,,,"GREGOIRE LAKE, COMPOSITE",AB07CE0120,,,mg/L,,,,00SWE01618,,05/31/2000 9:00 AM,133,13,,,,
Far,06/26/2000 10:30 AM,,,18.3,,,,,,,,,,,,,7.9,,0.0274,,,,,,,,"GREGOIRE LAKE, COMPOSITE",AB07CE0120,,,mg/L,,,,00SWE01947,,06/26/2000 10:30 AM,133,13,,,,
Far,07/31/2000 10:25 AM,,,,,,,,,,,,,,,,,,0.031,,,,,,,,"GREGOIRE LAKE, COMPOSITE",AB07CE0120,,,mg/L,,,,00SWE02855,,07/31/2000 10:25 AM,133,13,,,,
Far,08/31/2000 12:00 PM,,,18.7,,,,,,,,,,,,,8,,0.0569,,,,,,,,"GREGOIRE LAKE, COMPOSITE",AB07CE0120,,,mg/L,,,,00SWE03219,,08/31/2000 12:00 PM,133,13,,,,
Far,06/17/2001 11:31 AM,,,18.6,,,,,,,,,,,,,7.9,,0.027,,,,,,,,"GREGOIRE LAKE, COMPOSITE",AB07CE0120,,,mg/L,,,,01SWE01377,,06/17/2001 11:31 AM,133,13,,,,
Far,07/15/2001 12:30 PM,,,,,,,,,,,,,,,,,,0.0494,,,,,,,,"GREGOIRE LAKE, COMPOSITE",AB07CE0120,,,mg/L,,,,01SWE01868,,07/15/2001 12:30 PM,133,13,,,,
Far,08/26/2001 11:00 AM,,,20,,,,,,,,,,,,,7.7,,0.0667,,,,,,,,"GREGOIRE LAKE, COMPOSITE",AB07CE0120,,,mg/L,,,,01SWE02785,,08/26/2001 11:00 AM,133,13,,,,
Far,06/09/2002 11:54 AM,,,19.9,,,,,,,,,,,,,7.4,,0.0229,,,,,,,,"GREGOIRE LAKE, COMPOSITE",AB07CE0120,,,mg/L,,,,02SWE00728,,06/09/2002 11:54 AM,133,13,,,,
Far,07/24/2002 3:00 PM,,,,,,,,,,,,,,,,,,0.025,,,,,,,,"GREGOIRE LAKE, COMPOSITE",AB07CE0120,,,mg/L,,,,02SWE01869,,07/24/2002 3:00 PM,133,13,,,,
Far,09/12/2002 9:30 AM,,,19,,,,,,,,,,,,,7.8,,0.0241,,,,,,,,"GREGOIRE LAKE, COMPOSITE",AB07CE0120,,,mg/L,,,,02SWE02323,,09/12/2002 9:30 AM,133,13,,,,
Far,06/10/2003 5:02 PM,,,,,,,,,,,,,,,,7.65,,0.0266,,,,,,,,"GREGOIRE LAKE, COMPOSITE",AB07CE0120,,,pH units,,,,03SWE00800,,06/10/2003 5:02 PM,133,13,,,,
Far,07/06/2003 1:00 PM,,,,,,,,,,,,,,,,,,0.0316,,,,,,,,"GREGOIRE LAKE, COMPOSITE",AB07CE0120,,,mg/L,,,,03SWE01068,,07/06/2003 1:00 PM,133,13,,,,
Far,08/31/2003 11:17 AM,,,,,,,,,,,,,,,,,,0.0452,,,,,,,,"GREGOIRE LAKE, COMPOSITE",AB07CE0120,,,mg/L,,,,03SWE01811,,08/31/2003 11:17 AM,133,13,,,,
Far,06/22/2004 8:15 AM,,,,,,,,,,,,,,,0.55,7.9,,0.0278,,,,,,,,"GREGOIRE LAKE, COMPOSITE",AB07CE0120,,,mg/L,,,,04SWE01060,,06/22/2004 8:15 AM,133,13,,,,
Far,07/11/2004 10:28 AM,,,,,,,,,,,,,,,0.66,7.99,,0.0272,,,,,,,,"GREGOIRE LAKE, COMPOSITE",AB07CE0120,,,mg/L,,,,04SWE01327,,07/11/2004 10:28 AM,133,13,,,,
Far,08/02/2004 3:43 PM,,,,,,,,,,,,,,,0.92,8.04,,0.0441,,,,,,,,"GREGOIRE LAKE, COMPOSITE",AB07CE0120,,,mg/L,,,,04SWE01783,,08/02/2004 3:43 PM,133,13,,,,
Far,08/18/2004 9:00 AM,,,,,,,,,,,,,,,1.11,8.31,,0.0509,,,,,,,,"GREGOIRE LAKE, COMPOSITE",AB07CE0120,,,mg/L,,,,04SWE02012,,08/18/2004 9:00 AM,133,13,,,,
Far,09/13/2004 9:13 AM,,,,,,,,,,,,,,,0.85,7.75,,0.0505,,,,,,,,"GREGOIRE LAKE, COMPOSITE",AB07CE0120,,,mg/L,,,,04SWE02343,,09/13/2004 9:13 AM,133,13,,,,
Far,06/28/2005 3:30 PM,,,,,,,,,,,,,,,,,,0.0221,,,,,,,,"GREGOIRE LAKE, COMPOSITE",AB07CE0120,,,mg/L,,,,05SWE01502,,06/28/2005 3:30 PM,133,13,,,,
Far,07/12/2005 2:25 PM,,,,,,,,,,,,,,,,,,0.0258,,,,,,,,"GREGOIRE LAKE, COMPOSITE",AB07CE0120,,,mg/L,,,,05SWE01557,,07/12/2005 2:25 PM,133,13,,,,
Far,07/28/2005 8:45 AM,,,,,,,,,,,,,,,,,,0.031,,,,,,,,"GREGOIRE LAKE, COMPOSITE",AB07CE0120,,,mg/L,,,,05SWE01888,,07/28/2005 8:45 AM,133,13,,,,
Far,09/05/2005 1:15 PM,,,,,,,,,,,,,,,,,,0.0343,,,,,,,,"GREGOIRE LAKE, COMPOSITE",AB07CE0120,,,mg/L,,,,05SWE02849,,09/05/2005 1:15 PM,133,13,,,,
Far,07/09/2006 1:44 PM,,,,,,,,,,,,,,,0.73,7.85,,0.028,,,,,,,,"GREGOIRE LAKE, COMPOSITE",AB07CE0120,,,mg/L,,,,06SWE10216,,07/09/2006 1:44 PM,133,13,,,,
Far,07/25/2006 12:06 PM,,,,,,,,,,,,,,,0.61,7.99,,0.033,,,,,,,,"GREGOIRE LAKE, COMPOSITE",AB07CE0120,,,mg/L,,,,06SWE08389,,07/25/2006 12:06 PM,133,13,,,,
Far,08/11/2006 11:55 AM,,,,,,,,,,,,,,,1.04,7.87,,0.039,,,,,,,,"GREGOIRE LAKE, COMPOSITE",AB07CE0120,,,mg/L,,,,06SWE08639,,08/11/2006 11:55 AM,133,13,,,,
Far,08/29/2006 9:23 AM,,,,,,,,,,,,,,,0.58,7.97,,0.036,,,,,,,,"GREGOIRE LAKE, COMPOSITE",AB07CE0120,,,mg/L,,,,06SWE08796,,08/29/2006 9:23 AM,133,13,,,,
Far,09/20/2006 7:56 AM,,,,,,,,,,,,,,,0.57,7.9,,0.037,,,,,,,,"GREGOIRE LAKE, COMPOSITE",AB07CE0120,,,mg/L,,,,06SWE08967,,09/20/2006 7:56 AM,133,13,,,,
Far,06/27/2007 4:24 PM,,,,,,,,,,,,,,,,,,0.021,,,,,,,,"GREGOIRE LAKE, COMPOSITE",AB07CE0120,,,mg/L,,,,07SWE10031,,06/27/2007 4:24 PM,133,13,,,,
Far,07/22/2007 12:00 PM,,,,,,,,,,,,,,,,,,0.032,,,,,,,,"GREGOIRE LAKE, COMPOSITE",AB07CE0120,,,mg/L,,,,07SWE10032,,07/22/2007 12:00 PM,133,13,,,,
Far,08/07/2007 11:00 AM,,,,,,,,,,,,,,,,,,0.036,,,,,,,,"GREGOIRE LAKE, COMPOSITE",AB07CE0120,,,mg/L,,,,07SWE10035,,08/07/2007 11:00 AM,133,13,,,,
Far,08/27/2007 10:00 AM,,,,,,,,,,,,,,,,,,0.051,,,,,,,,"GREGOIRE LAKE, COMPOSITE",AB07CE0120,,,mg/L,,,,07SWE10062,,08/27/2007 10:00 AM,133,13,,,,
Far,09/19/2007 4:30 PM,,,,,,,,,,,,,,,,,,0.034,,,,,,,,"GREGOIRE LAKE, COMPOSITE",AB07CE0120,,,mg/L,,,,07SWE10072,,09/19/2007 4:30 PM,133,13,,,,
Far,06/18/2008 8:25 AM,,,,,,,,,,,,,,,0.63,7.12,,0.039,0.011,,,,,,,"GREGOIRE LAKE, COMPOSITE",AB07CE0120,,,mg/L,,,,08SWE08737,,06/18/2008 8:25 AM,133,13,,,,
Far,07/14/2008 9:45 AM,,,,,,,,,,,,,,,0.82,7.3,,0.04,0.008,,,,,,,"GREGOIRE LAKE, COMPOSITE",AB07CE0120,,,mg/L,,,,08SWE10290,,07/14/2008 9:45 AM,133,13,,,,
Far,08/06/2008 8:25 AM,,,,,,,,,,,,,,,0.76,8.09,,0.044,0.017,,,,,,,"GREGOIRE LAKE, COMPOSITE",AB07CE0120,,,mg/L,,,,08SWE10328,,08/06/2008 8:25 AM,133,13,,,,
Far,09/04/2008 10:00 AM,,,,,,,,,,,,,,,0.91,6.9,,0.057,0.011,,,,,,,"GREGOIRE LAKE, COMPOSITE",AB07CE0120,,,mg/L,,,,08SWE10363,,09/04/2008 10:00 AM,133,13,,,,
Far,09/29/2008 9:15 AM,,,,,,,,,,,,,,,0.82,6.87,,0.057,0.012,,,,,,,"GREGOIRE LAKE, COMPOSITE",AB07CE0120,,,mg/L,,,,08SWE10402,,09/29/2008 9:15 AM,133,13,,,,
Far,06/19/2013 8:15 AM,,,,,,,,,,,,,,,0.668,7.76,,0.039,0.028,,,,,,,"GREGOIRE LAKE, COMPOSITE",AB07CE0120,,,mg/L,,,,13SWE10194,,06/19/2013 8:15 AM,133,13,,,,
Far,07/16/2013 8:15 AM,,,,,,,,,,,,,,,0.75,7.98,,0.053,0.04,,,,,,,"GREGOIRE LAKE, COMPOSITE",AB07CE0120,,,mg/L,,,,13SWE10498,,07/16/2013 8:15 AM,133,13,,,,
Far,07/27/2013 9:30 AM,,82.9,,,,0.632,,0.0911,,,,,1.08,,0.71,7.85,,0.009,0.007,,0.348,,,,,"GREGOIRE LAKE, COMPOSITE",AB07CE0120,,,ug/L,,,,13SWE10651,,07/27/2013 9:30 AM,133,13,,,,
Far,08/27/2013 8:45 AM,,,,,,,,,,,,,,,0.9,7.84,,0.052,0.007,,,,,,,"GREGOIRE LAKE, COMPOSITE",AB07CE0120,,,mg/L,,,,13SWE07558,,08/27/2013 8:45 AM,133,13,,,,
Far,06/26/2017 10:15 AM,,,19,,,,,,,,,,,,0.71,7.81,,0.022,0.0048,,,,,,,"GREGOIRE LAKE, COMPOSITE",AB07CE0120,,,mg/L,,,,17SWE06669,,06/26/2017 10:15 AM,133,13,,,,
Far,07/26/2017 9:00 AM,,,21,,,,,,,,,,,,1.2,8.62,,0.032,0.0052,,,,,,,"GREGOIRE LAKE, COMPOSITE",AB07CE0120,,,mg/L,,,,17SWE04601,,07/26/2017 9:00 AM,133,13,,,,
Far,08/23/2017 8:45 AM,,,21,,,,,,,,,,,,0.96,7.93,,0.034,0.0053,,,,,,,"GREGOIRE LAKE, COMPOSITE",AB07CE0120,,,mg/L,,,,17SWE07200,,08/23/2017 8:45 AM,133,13,,,,
Far,09/24/2017 8:30 AM,,,22,,,,,,,,,,,,0.79,7.89,,0.026,0.0074,,,,,,,"GREGOIRE LAKE, COMPOSITE",AB07CE0120,,,mg/L,,,,17SWE14736,,09/24/2017 8:30 AM,133,13,,,,
Far,06/18/2021 9:11 AM,,,17,,,,,,,,,,,,0.86,7.82,,0.027,0.0053,,,,,,,"GREGOIRE LAKE, COMPOSITE",AB07CE0120,,,mg/L,,,,21SWE00888,,06/18/2021 9:11 AM,133,13,,,,
Far,07/09/2021 3:30 PM,,,17,,,,,,,,,,,,0.72,7.41,,0.021,,,,,,,,"GREGOIRE LAKE, COMPOSITE",AB07CE0120,,,mg/L,,,,21SWE00997,,07/09/2021 3:30 PM,133,13,,,,
Far,08/20/2021 3:00 PM,,,14,,,,,,,,,,,,0.66,6.92,,0.025,0.0041,,,,,,,"GREGOIRE LAKE, COMPOSITE",AB07CE0120,,,mg/L,,,,21SWE01429,,08/20/2021 3:00 PM,133,13,,,,
Far,09/17/2021 1:45 PM,,,17,,,,,,,,,,,,0.82,7.47,,0.039,0.0066,,,,,,,"GREGOIRE LAKE, COMPOSITE",AB07CE0120,,,mg/L,,,,21SWE01688,,09/17/2021 1:45 PM,133,13,,,,
Far,06/12/2025 9:00 AM,,,20,,,,,,,,,,,0.35,0.67,7.29,,0.02,0.0053,,,,,,,"GREGOIRE LAKE, COMPOSITE",AB07CE0120,,,mg/L,,,,25SWE01094,,06/12/2025 9:00 AM,133,13,,,,
Far,07/14/2025 9:10 AM,,,22,,,,,,,,,,,0.35,0.77,7.95,,0.023,0.0034,,,,,,,"GREGOIRE LAKE, COMPOSITE",AB07CE0120,,,mg/L,,,,25SWE01319,,07/14/2025 9:10 AM,133,13,,,,
Far,08/20/2025 9:00 AM,,,21,,,,,,,,,,,0.38,0.67,7.98,,0.02,0.006,,,,,,,"GREGOIRE LAKE, COMPOSITE",AB07CE0120,,,mg/L,,,,25SWE01559,,08/20/2025 9:00 AM,133,13,,,,
Far,10/06/2025 12:40 PM,,,22,,,,,,,,,,,0.28,0.7,7.41,,0.031,0.011,,,,,,,"GREGOIRE LAKE, COMPOSITE",AB07CE0120,,,mg/L,,,,25SWE03905,,10/06/2025 12:40 PM,133,13,,,,
Far,08/18/1988 10:30 AM,,,15,,,,,,,,,,,,0.64,7.5,,,,,,,,,,"GREGOIRE LAKE, PROFILE",AB07CE0110,,,mg/L,,,,88AB003274,,08/18/1988 10:30 AM,,1,,,,
Far,09/13/1989 12:30 PM,,,,,,,,,,,,,,,,,7.7,,,,,,,9.6,,"GREGOIRE LAKE, PROFILE",AB07CE0110,,,pH units,,,,89AB003284,,09/13/1989 12:30 PM,122,1,,,,
Far,09/13/1989 12:31 PM,,,,,,,,,,,,,,,,,7.8,,,,,,,9.5,,"GREGOIRE LAKE, PROFILE",AB07CE0110,,,pH units,,,,89AB003285,,09/13/1989 12:31 PM,122,1,,,,
Far,09/13/1989 12:32 PM,,,,,,,,,,,,,,,,,7.8,,,,,,,9.4,,"GREGOIRE LAKE, PROFILE",AB07CE0110,,,pH units,,,,89AB003286,,09/13/1989 12:32 PM,122,1,,,,
Far,09/13/1989 12:33 PM,,,,,,,,,,,,,,,,,7.8,,,,,,,9.2,,"GREGOIRE LAKE, PROFILE",AB07CE0110,,,pH units,,,,89AB003287,,09/13/1989 12:33 PM,122,1,,,,
Far,09/13/1989 12:34 PM,,,,,,,,,,,,,,,,,7.8,,,,,,,8.9,,"GREGOIRE LAKE, PROFILE",AB07CE0110,,,pH units,,,,89AB003288,,09/13/1989 12:34 PM,122,1,,,,
Far,09/13/1989 12:35 PM,,,,,,,,,,,,,,,,,7.7,,,,,,,9.44,,"GREGOIRE LAKE, PROFILE",AB07CE0110,,,pH units,,,,89AB003289,,09/13/1989 12:35 PM,122,1,,,,
Far,09/13/1989 12:36 PM,,,,,,,,,,,,,,,,,7.6,,,,,,,8.6,,"GREGOIRE LAKE, PROFILE",AB07CE0110,,,pH units,,,,89AB003290,,09/13/1989 12:36 PM,122,1,,,,
Far,03/16/1990 11:31 AM,,,21,,,,,,,,,,,,0.43,7.28,7.8,0.0187,0.014,,,,,11,,"GREGOIRE LAKE, PROFILE",AB07CE0110,,,mg/L,,,,90AB001758,,03/16/1990 11:31 AM,,1,,,,
Far,03/16/1990 11:32 AM,,,,,,,,,,,,,,,,,7.7,,,,,,,10.2,,"GREGOIRE LAKE, PROFILE",AB07CE0110,,,pH units,,,,90AB001759,,03/16/1990 11:32 AM,122,1,,,,
Far,03/16/1990 11:33 AM,,,20,,,,,,,,,,,,0.44,7.23,7.7,0.0143,0.0116,,,,,9.7,,"GREGOIRE LAKE, PROFILE",AB07CE0110,,,mg/L,,,,90AB001760,,03/16/1990 11:33 AM,,1,,,,
Far,03/16/1990 11:34 AM,,,,,,,,,,,,,,,,,7.6,,,,,,,6.3,,"GREGOIRE LAKE, PROFILE",AB07CE0110,,,pH units,,,,90AB001761,,03/16/1990 11:34 AM,122,1,,,,
Far,03/16/1990 11:35 AM,,,21,,,,,,,,,,,,0.42,7.15,7.5,0.0169,0.0132,,,,,4.5,,"GREGOIRE LAKE, PROFILE",AB07CE0110,,,mg/L,,,,90AB001762,,03/16/1990 11:35 AM,,1,,,,
Far,08/21/1990 4:30 PM,,,,,,,,,,,,,,,,,8.6,,,,,,,9.9,,"GREGOIRE LAKE, PROFILE",AB07CE0110,,,pH units,,,,90AB001763,,08/21/1990 4:30 PM,122,1,,,,
Far,08/21/1990 4:31 PM,,,,,,,,,,,,,,,,,8.6,,,,,,,9.9,,"GREGOIRE LAKE, PROFILE",AB07CE0110,,,pH units,,,,90AB001764,,08/21/1990 4:31 PM,122,1,,,,
Far,08/21/1990 4:32 PM,,,,,,,,,,,,,,,,,8.6,,,,,,,9.9,,"GREGOIRE LAKE, PROFILE",AB07CE0110,,,pH units,,,,90AB001765,,08/21/1990 4:32 PM,122,1,,,,
Far,08/21/1990 4:33 PM,,,,,,,,,,,,,,,,,8.3,,,,,,,9.2,,"GREGOIRE LAKE, PROFILE",AB07CE0110,,,pH units,,,,90AB001766,,08/21/1990 4:33 PM,122,1,,,,
Far,08/21/1990 4:34 PM,,,,,,,,,,,,,,,,,7.8,,,,,,,8,,"GREGOIRE LAKE, PROFILE",AB07CE0110,,,pH units,,,,90AB001767,,08/21/1990 4:34 PM,122,1,,,,
Far,01/23/1991 3:01 PM,,,28,,,,,,,,,,,,0.91,8.23,7.35,0.0127,,,,,,12.34,,"GREGOIRE LAKE, PROFILE",AB07CE0110,,,mg/L,,,,91AB002492,,01/23/1991 3:01 PM,,1,,,,
Far,01/23/1991 3:02 PM,,,,,,,,,,,,,,,,,7.3,,,,,,,11.6,,"GREGOIRE LAKE, PROFILE",AB07CE0110,,,pH units,,,,91AB002493,,01/23/1991 3:02 PM,122,1,,,,
Far,01/23/1991 3:03 PM,,,19,,,,,,,,,,,,0.44,7.04,7.26,0.0128,,,,,,11.29,,"GREGOIRE LAKE, PROFILE",AB07CE0110,,,mg/L,,,,91AB002494,,01/23/1991 3:03 PM,,1,,,,
Far,01/23/1991 3:04 PM,,,,,,,,,,,,,,,,,7.1,,,,,,,8.69,,"GREGOIRE LAKE, PROFILE",AB07CE0110,,,pH units,,,,91AB002495,,01/23/1991 3:04 PM,122,1,,,,
Far,01/23/1991 3:05 PM,,,20,,,,,,,,,,,,0.48,7.03,7.03,0.0162,,,,,,6.66,,"GREGOIRE LAKE, PROFILE",AB07CE0110,,,mg/L,,,,91AB002496,,01/23/1991 3:05 PM,,1,,,,
Far,08/15/1991 4:30 PM,,,,,,,,,,,,,,,,,8.5,,,,,,,9.6,,"GREGOIRE LAKE, PROFILE",AB07CE0110,,,pH units,,,,91AB002497,,08/15/1991 4:30 PM,122,1,,,,
Far,08/15/1991 4:31 PM,,,,,,,,,,,,,,,,,8.5,,,,,,,9.4,,"GREGOIRE LAKE, PROFILE",AB07CE0110,,,pH units,,,,91AB002498,,08/15/1991 4:31 PM,122,1,,,,
Far,08/15/1991 4:32 PM,,,,,,,,,,,,,,,,,8.5,,,,,,,9.3,,"GREGOIRE LAKE, PROFILE",AB07CE0110,,,pH units,,,,91AB002499,,08/15/1991 4:32 PM,122,1,,,,
Far,08/15/1991 4:33 PM,,,,,,,,,,,,,,,,,8.5,,,,,,,9.3,,"GREGOIRE LAKE, PROFILE",AB07CE0110,,,pH units,,,,91AB002500,,08/15/1991 4:33 PM,122,1,,,,
Far,08/15/1991 4:34 PM,,,,,,,,,,,,,,,,,8.4,,,,,,,9,,"GREGOIRE LAKE, PROFILE",AB07CE0110,,,pH units,,,,91AB002501,,08/15/1991 4:34 PM,122,1,,,,
Far,08/15/1991 4:35 PM,,,,,,,,,,,,,,,,,7.6,,,,,,,2.9,,"GREGOIRE LAKE, PROFILE",AB07CE0110,,,pH units,,,,91AB002502,,08/15/1991 4:35 PM,122,1,,,,
Far,08/15/1991 4:36 PM,,,,,,,,,,,,,,,,,7.5,,,,,,,0.4,,"GREGOIRE LAKE, PROFILE",AB07CE0110,,,pH units,,,,91AB002503,,08/15/1991 4:36 PM,122,1,,,,
Far,08/12/1992 4:40 PM,,,,,,,,,,,,,,,,,7.92,,,,,,,8.74,,"GREGOIRE LAKE, PROFILE",AB07CE0110,,,pH units,,,,92AB002672,,08/12/1992 4:40 PM,122,1,,,,
Far,08/12/1992 4:41 PM,,,,,,,,,,,,,,,,,7.96,,,,,,,8.73,,"GREGOIRE LAKE, PROFILE",AB07CE0110,,,pH units,,,,92AB002673,,08/12/1992 4:41 PM,122,1,,,,
Far,08/12/1992 4:42 PM,,,,,,,,,,,,,,,,,8.11,,,,,,,8.95,,"GREGOIRE LAKE, PROFILE",AB07CE0110,,,pH units,,,,92AB002674,,08/12/1992 4:42 PM,122,1,,,,
Far,08/12/1992 4:43 PM,,,,,,,,,,,,,,,,,8.09,,,,,,,8.69,,"GREGOIRE LAKE, PROFILE",AB07CE0110,,,pH units,,,,92AB002675,,08/12/1992 4:43 PM,122,1,,,,
Far,08/12/1992 4:44 PM,,,,,,,,,,,,,,,,,7.97,,,,,,,8.14,,"GREGOIRE LAKE, PROFILE",AB07CE0110,,,pH units,,,,92AB002676,,08/12/1992 4:44 PM,122,1,,,,
Far,08/12/1992 4:45 PM,,,,,,,,,,,,,,,,,7.84,,,,,,,7.69,,"GREGOIRE LAKE, PROFILE",AB07CE0110,,,pH units,,,,92AB002677,,08/12/1992 4:45 PM,122,1,,,,
Far,07/14/1993 11:00 AM,,,,,,,,,,,,,,,,,8.23,,,,,,,9.82,,"GREGOIRE LAKE, PROFILE",AB07CE0110,,,pH units,,,,93AB002994,,07/14/1993 11:00 AM,122,1,,,,
Far,07/14/1993 11:01 AM,,,,,,,,,,,,,,,,,8.24,,,,,,,9.66,,"GREGOIRE LAKE, PROFILE",AB07CE0110,,,pH units,,,,93AB002995,,07/14/1993 11:01 AM,122,1,,,,
Far,07/14/1993 11:02 AM,,,,,,,,,,,,,,,,,8.25,,,,,,,9.65,,"GREGOIRE LAKE, PROFILE",AB07CE0110,,,pH units,,,,93AB002996,,07/14/1993 11:02 AM,122,1,,,,
Far,07/14/1993 11:03 AM,,,,,,,,,,,,,,,,,8.23,,,,,,,9.61,,"GREGOIRE LAKE, PROFILE",AB07CE0110,,,pH units,,,,93AB002997,,07/14/1993 11:03 AM,122,1,,,,
Far,07/14/1993 11:04 AM,,,,,,,,,,,,,,,,,8.18,,,,,,,9.5,,"GREGOIRE LAKE, PROFILE",AB07CE0110,,,pH units,,,,93AB002998,,07/14/1993 11:04 AM,122,1,,,,
Far,07/14/1993 11:05 AM,,,,,,,,,,,,,,,,,8,,,,,,,9.06,,"GREGOIRE LAKE, PROFILE",AB07CE0110,,,pH units,,,,93AB002999,,07/14/1993 11:05 AM,122,1,,,,
Far,07/14/1993 11:06 AM,,,,,,,,,,,,,,,,,7.97,,,,,,,8.96,,"GREGOIRE LAKE, PROFILE",AB07CE0110,,,pH units,,,,93AB003000,,07/14/1993 11:06 AM,122,1,,,,
Far,07/14/1993 11:07 AM,,,,,,,,,,,,,,,,,7.67,,,,,,,8.06,,"GREGOIRE LAKE, PROFILE",AB07CE0110,,,pH units,,,,93AB003001,,07/14/1993 11:07 AM,122,1,,,,
Far,03/11/1994 9:45 AM,,,21,,,,,,,,,,,,0.42,7.56,7.38,0.0165,0.0134,,,,,12.1,,"GREGOIRE LAKE, PROFILE",AB07CE0110,,,mg/L,,,,94AB001062,,03/11/1994 9:45 AM,,1,,,,
Far,03/11/1994 9:46 AM,,,,,,,,,,,,,,,,,7.37,,,,,,,10.85,,"GREGOIRE LAKE, PROFILE",AB07CE0110,,,pH units,,,,94AB001063,,03/11/1994 9:46 AM,122,1,,,,
Far,03/11/1994 9:47 AM,,,20,,,,,,,,,,,,0.38,7.44,7.29,0.015,0.0131,,,,,10.32,,"GREGOIRE LAKE, PROFILE",AB07CE0110,,,mg/L,,,,94AB001064,,03/11/1994 9:47 AM,,1,,,,
Far,03/11/1994 9:48 AM,,,,,,,,,,,,,,,,,7.2,,,,,,,8.77,,"GREGOIRE LAKE, PROFILE",AB07CE0110,,,pH units,,,,94AB001065,,03/11/1994 9:48 AM,122,1,,,,
Far,03/11/1994 9:49 AM,,,21,,,,,,,,,,,,0.38,7.18,7.05,0.0176,0.0149,,,,,4.63,,"GREGOIRE LAKE, PROFILE",AB07CE0110,,,mg/L,,,,94AB001066,,03/11/1994 9:49 AM,,1,,,,
Far,03/11/1994 9:50 AM,,,,,,,,,,,,,,,,,6.93,,,,,,,1.8,,"GREGOIRE LAKE, PROFILE",AB07CE0110,,,pH units,,,,94AB001067,,03/11/1994 9:50 AM,122,1,,,,
Far,08/01/1996 10:45 AM,,,,,,,,,,,,,,,,,7.58,,,,,,,7.89,,"GREGOIRE LAKE, PROFILE",AB07CE0110,,,pH units,,,,96SWE02508,,08/01/1996 10:45 AM,122,1,,,,
Far,08/01/1996 10:47 AM,,,,,,,,,,,,,,,,,7.54,,,,,,,7.86,,"GREGOIRE LAKE, PROFILE",AB07CE0110,,,pH units,,,,96SWE02510,,08/01/1996 10:47 AM,122,1,,,,
Far,08/01/1996 10:49 AM,,,,,,,,,,,,,,,,,7.54,,,,,,,7.84,,"GREGOIRE LAKE, PROFILE",AB07CE0110,,,pH units,,,,96SWE02512,,08/01/1996 10:49 AM,122,1,,,,
Far,08/01/1996 10:51 AM,,,,,,,,,,,,,,,,,7.54,,,,,,,7.85,,"GREGOIRE LAKE, PROFILE",AB07CE0110,,,pH units,,,,96SWE02514,,08/01/1996 10:51 AM,122,1,,,,
Far,08/01/1996 10:53 AM,,,,,,,,,,,,,,,,,7.53,,,,,,,7.79,,"GREGOIRE LAKE, PROFILE",AB07CE0110,,,pH units,,,,96SWE02516,,08/01/1996 10:53 AM,122,1,,,,
Far,08/01/1996 10:54 AM,,,,,,,,,,,,,,,,,7.54,,,,,,,7.76,,"GREGOIRE LAKE, PROFILE",AB07CE0110,,,pH units,,,,96SWE02517,,08/01/1996 10:54 AM,122,1,,,,
Far,02/27/1997 1:00 PM,,,18,,,,,,,,,,,,0.4,7.05,7.06,0.022,,,,,,11.8,,"GREGOIRE LAKE, PROFILE",AB07CE0110,,,mg/L,,,,97SWE00263,,02/27/1997 1:00 PM,,1,,,,
Far,02/27/1997 1:03 PM,,,,,,,,,,,,,,,,,7.02,,,,,,,11.96,,"GREGOIRE LAKE, PROFILE",AB07CE0110,,,pH units,,,,97SWE00264,,02/27/1997 1:03 PM,122,1,,,,
Far,02/27/1997 1:05 PM,,,17.2,,,,,,,,,,,,0.41,6.98,6.95,0.0177,,,,,,11.1,,"GREGOIRE LAKE, PROFILE",AB07CE0110,,,mg/L,,,,97SWE00265,,02/27/1997 1:05 PM,,1,,,,
Far,02/27/1997 1:07 PM,,,,,,,,,,,,,,,,,6.83,,,,,,,8.53,,"GREGOIRE LAKE, PROFILE",AB07CE0110,,,pH units,,,,97SWE00266,,02/27/1997 1:07 PM,122,1,,,,
Far,02/27/1997 1:10 PM,,,,,,,,,,,,,,,0.45,,6.7,0.0209,,,,,,5.47,,"GREGOIRE LAKE, PROFILE",AB07CE0110,,,mg/L,,,,97SWE00267,,02/27/1997 1:10 PM,,1,,,,
Far,02/27/1997 1:13 PM,,,,,,,,,,,,,,,,,6.61,,,,,,,2.87,,"GREGOIRE LAKE, PROFILE",AB07CE0110,,,pH units,,,,97SWE00268,,02/27/1997 1:13 PM,122,1,,,,
Far,02/27/1997 1:15 PM,,,18.2,,,,,,,,,,,,0.48,6.77,6.55,0.0276,,,,,,0.77,,"GREGOIRE LAKE, PROFILE",AB07CE0110,,,mg/L,,,,97SWE00269,,02/27/1997 1:15 PM,,1,,,,
Far,08/20/1997 9:55 AM,,,,,,,,,,,,,,,,,7.85,,,,,,,8.73,,"GREGOIRE LAKE, PROFILE",AB07CE0110,,,pH units,,,,97SWE02811,,08/20/1997 9:55 AM,122,1,,,,
Far,08/20/1997 9:56 AM,,,,,,,,,,,,,,,,,7.79,,,,,,,8.69,,"GREGOIRE LAKE, PROFILE",AB07CE0110,,,pH units,,,,97SWE02813,,08/20/1997 9:56 AM,122,1,,,,
Far,08/20/1997 9:57 AM,,,,,,,,,,,,,,,,,7.78,,,,,,,8.58,,"GREGOIRE LAKE, PROFILE",AB07CE0110,,,pH units,,,,97SWE02815,,08/20/1997 9:57 AM,122,1,,,,
Far,08/20/1997 10:00 AM,,,,,,,,,,,,,,,,,7.75,,,,,,,8.5,,"GREGOIRE LAKE, PROFILE",AB07CE0110,,,pH units,,,,97SWE02817,,08/20/1997 10:00 AM,122,1,,,,
Far,08/20/1997 10:03 AM,,,,,,,,,,,,,,,,,7.76,,,,,,,8.44,,"GREGOIRE LAKE, PROFILE",AB07CE0110,,,pH units,,,,97SWE02819,,08/20/1997 10:03 AM,122,1,,,,
Far,08/20/1997 10:05 AM,,,,,,,,,,,,,,,,,7.77,,,,,,,8.51,,"GREGOIRE LAKE, PROFILE",AB07CE0110,,,pH units,,,,97SWE02820,,08/20/1997 10:05 AM,122,1,,,,
Far,08/20/1997 10:06 AM,,,,,,,,,,,,,,,,,7.69,,,,,,,8.12,,"GREGOIRE LAKE, PROFILE",AB07CE0110,,,pH units,,,,97SWE02821,,08/20/1997 10:06 AM,122,1,,,,
Far,08/20/1997 10:09 AM,,,,,,,,,,,,,,,,,7.27,,,,,,,5.78,,"GREGOIRE LAKE, PROFILE",AB07CE0110,,,pH units,,,,97SWE02822,,08/20/1997 10:09 AM,122,1,,,,
Far,08/23/2000 1:33 PM,,,,,,,,,,,,,,,,,8.11,,,,,,,9.68,,"GREGOIRE LAKE, PROFILE",AB07CE0110,,,pH units,,,,00SWE03778,,08/23/2000 1:33 PM,122,1,,,,
Far,08/23/2000 1:35 PM,,,,,,,,,,,,,,,,,8.11,,,,,,,9.68,,"GREGOIRE LAKE, PROFILE",AB07CE0110,,,pH units,,,,00SWE03780,,08/23/2000 1:35 PM,122,1,,,,
Far,08/23/2000 1:37 PM,,,,,,,,,,,,,,,,,8.02,,,,,,,9.57,,"GREGOIRE LAKE, PROFILE",AB07CE0110,,,pH units,,,,00SWE03782,,08/23/2000 1:37 PM,122,1,,,,
Far,08/23/2000 1:39 PM,,,,,,,,,,,,,,,,,8.01,,,,,,,9.47,,"GREGOIRE LAKE, PROFILE",AB07CE0110,,,pH units,,,,00SWE03784,,08/23/2000 1:39 PM,122,1,,,,
Far,08/23/2000 1:40 PM,,,,,,,,,,,,,,,,,7.97,,,,,,,9.37,,"GREGOIRE LAKE, PROFILE",AB07CE0110,,,pH units,,,,00SWE03785,,08/23/2000 1:40 PM,122,1,,,,
Far,08/23/2000 1:41 PM,,,,,,,,,,,,,,,,,7.92,,,,,,,9.18,,"GREGOIRE LAKE, PROFILE",AB07CE0110,,,pH units,,,,00SWE03786,,08/23/2000 1:41 PM,122,1,,,,
Far,06/22/2004 8:25 AM,,,,,,,,,,,,,,,,,7.89,,,,,,,9.42,,"GREGOIRE LAKE, PROFILE",AB07CE0110,,,pH units,,,,04SWE01066,,06/22/2004 8:25 AM,122,1,,,,
Far,06/22/2004 8:26 AM,,,,,,,,,,,,,,,,,7.88,,,,,,,9.41,,"GREGOIRE LAKE, PROFILE",AB07CE0110,,,pH units,,,,04SWE01067,,06/22/2004 8:26 AM,122,1,,,,
Far,06/22/2004 8:27 AM,,,,,,,,,,,,,,,,,7.88,,,,,,,9.39,,"GREGOIRE LAKE, PROFILE",AB07CE0110,,,pH units,,,,04SWE01068,,06/22/2004 8:27 AM,122,1,,,,
Far,06/22/2004 8:28 AM,,,,,,,,,,,,,,,,,7.88,,,,,,,9.4,,"GREGOIRE LAKE, PROFILE",AB07CE0110,,,pH units,,,,04SWE01069,,06/22/2004 8:28 AM,122,1,,,,
Far,06/22/2004 8:29 AM,,,,,,,,,,,,,,,,,7.87,,,,,,,9.39,,"GREGOIRE LAKE, PROFILE",AB07CE0110,,,pH units,,,,04SWE01070,,06/22/2004 8:29 AM,122,1,,,,
Far,06/22/2004 8:30 AM,,,,,,,,,,,,,,,,,7.85,,,,,,,9.37,,"GREGOIRE LAKE, PROFILE",AB07CE0110,,,pH units,,,,04SWE01071,,06/22/2004 8:30 AM,122,1,,,,
Far,06/22/2004 8:31 AM,,,,,,,,,,,,,,,,,7.83,,,,,,,9.22,,"GREGOIRE LAKE, PROFILE",AB07CE0110,,,pH units,,,,04SWE01072,,06/22/2004 8:31 AM,122,1,,,,
Far,08/18/2004 9:02 AM,,,,,,,,,,,,,,,,,8.99,,,,,,,7.62,,"GREGOIRE LAKE, PROFILE",AB07CE0110,,,pH units,,,,04SWE02020,,08/18/2004 9:02 AM,122,1,,,,
Far,08/18/2004 9:04 AM,,,,,,,,,,,,,,,,,8.98,,,,,,,7.58,,"GREGOIRE LAKE, PROFILE",AB07CE0110,,,pH units,,,,04SWE02021,,08/18/2004 9:04 AM,122,1,,,,
Far,08/18/2004 9:06 AM,,,,,,,,,,,,,,,,,8.98,,,,,,,7.56,,"GREGOIRE LAKE, PROFILE",AB07CE0110,,,pH units,,,,04SWE02022,,08/18/2004 9:06 AM,122,1,,,,
Far,08/18/2004 9:08 AM,,,,,,,,,,,,,,,,,8.98,,,,,,,7.49,,"GREGOIRE LAKE, PROFILE",AB07CE0110,,,pH units,,,,04SWE02023,,08/18/2004 9:08 AM,122,1,,,,
Far,08/18/2004 9:10 AM,,,,,,,,,,,,,,,,,8.98,,,,,,,7.51,,"GREGOIRE LAKE, PROFILE",AB07CE0110,,,pH units,,,,04SWE02024,,08/18/2004 9:10 AM,122,1,,,,
Far,08/18/2004 9:12 AM,,,,,,,,,,,,,,,,,8.98,,,,,,,7.53,,"GREGOIRE LAKE, PROFILE",AB07CE0110,,,pH units,,,,04SWE02025,,08/18/2004 9:12 AM,122,1,,,,
Far,08/18/2004 9:14 AM,,,,,,,,,,,,,,,,,8.98,,,,,,,7.49,,"GREGOIRE LAKE, PROFILE",AB07CE0110,,,pH units,,,,04SWE02026,,08/18/2004 9:14 AM,122,1,,,,
Far,08/18/2004 9:16 AM,,,,,,,,,,,,,,,,,8.95,,,,,,,7.42,,"GREGOIRE LAKE, PROFILE",AB07CE0110,,,pH units,,,,04SWE02027,,08/18/2004 9:16 AM,122,1,,,,
Far,06/30/2006 6:22 AM,,,,,,,,,,,,,,,,,8.25,,,,,,,8.8,,"GREGOIRE LAKE, PROFILE",AB07CE0110,,,pH units,,,,06SWE10219,,06/30/2006 6:22 AM,122,1,,,,
Far,06/30/2006 6:23 AM,,,,,,,,,,,,,,,,,8.25,,,,,,,8.77,,"GREGOIRE LAKE, PROFILE",AB07CE0110,,,pH units,,,,06SWE10220,,06/30/2006 6:23 AM,122,1,,,,
Far,06/30/2006 6:24 AM,,,,,,,,,,,,,,,,,8.23,,,,,,,8.71,,"GREGOIRE LAKE, PROFILE",AB07CE0110,,,pH units,,,,06SWE10221,,06/30/2006 6:24 AM,122,1,,,,
Far,06/30/2006 6:25 AM,,,,,,,,,,,,,,,,,8.22,,,,,,,8.69,,"GREGOIRE LAKE, PROFILE",AB07CE0110,,,pH units,,,,06SWE10222,,06/30/2006 6:25 AM,122,1,,,,
Far,06/30/2006 6:26 AM,,,,,,,,,,,,,,,,,8.19,,,,,,,8.7,,"GREGOIRE LAKE, PROFILE",AB07CE0110,,,pH units,,,,06SWE10223,,06/30/2006 6:26 AM,122,1,,,,
Far,06/30/2006 6:27 AM,,,,,,,,,,,,,,,,,8.21,,,,,,,8.67,,"GREGOIRE LAKE, PROFILE",AB07CE0110,,,pH units,,,,06SWE10224,,06/30/2006 6:27 AM,122,1,,,,
Far,06/30/2006 6:29 AM,,,,,,,,,,,,,,,,,8.15,,,,,,,8.57,,"GREGOIRE LAKE, PROFILE",AB07CE0110,,,pH units,,,,06SWE10225,,06/30/2006 6:29 AM,122,1,,,,
Far,07/25/2006 7:22 AM,,,,,,,,,,,,,,,,,8.26,,,,,,,7.65,,"GREGOIRE LAKE, PROFILE",AB07CE0110,,,pH units,,,,06SWE08390,,07/25/2006 7:22 AM,122,1,,,,
Far,07/25/2006 7:23 AM,,,,,,,,,,,,,,,,,8.24,,,,,,,7.63,,"GREGOIRE LAKE, PROFILE",AB07CE0110,,,pH units,,,,06SWE08391,,07/25/2006 7:23 AM,122,1,,,,
Far,07/25/2006 7:24 AM,,,,,,,,,,,,,,,,,8.2,,,,,,,7.59,,"GREGOIRE LAKE, PROFILE",AB07CE0110,,,pH units,,,,06SWE08392,,07/25/2006 7:24 AM,122,1,,,,
Far,07/25/2006 7:25 AM,,,,,,,,,,,,,,,,,8.07,,,,,,,7.4,,"GREGOIRE LAKE, PROFILE",AB07CE0110,,,pH units,,,,06SWE08393,,07/25/2006 7:25 AM,122,1,,,,
Far,07/25/2006 7:26 AM,,,,,,,,,,,,,,,,,7.78,,,,,,,7.03,,"GREGOIRE LAKE, PROFILE",AB07CE0110,,,pH units,,,,06SWE08394,,07/25/2006 7:26 AM,122,1,,,,
Far,07/25/2006 7:26 AM,,,,,,,,,,,,,,,,,7.56,,,,,,,6.28,,"GREGOIRE LAKE, PROFILE",AB07CE0110,,,pH units,,,,06SWE08395,,07/25/2006 7:26 AM,122,1,,,,
Far,07/25/2006 7:27 AM,,,,,,,,,,,,,,,,,7.34,,,,,,,5.04,,"GREGOIRE LAKE, PROFILE",AB07CE0110,,,pH units,,,,06SWE08396,,07/25/2006 7:27 AM,122,1,,,,
Far,07/25/2006 7:28 AM,,,,,,,,,,,,,,,,,7.22,,,,,,,3.93,,"GREGOIRE LAKE, PROFILE",AB07CE0110,,,pH units,,,,06SWE08397,,07/25/2006 7:28 AM,122,1,,,,
Far,08/11/2006 12:17 PM,,,,,,,,,,,,,,,,,7.79,,,,,,,8.32,,"GREGOIRE LAKE, PROFILE",AB07CE0110,,,pH units,,,,06SWE08640,,08/11/2006 12:17 PM,122,1,,,,
Far,08/11/2006 12:17 PM,,,,,,,,,,,,,,,,,7.78,,,,,,,8.29,,"GREGOIRE LAKE, PROFILE",AB07CE0110,,,pH units,,,,06SWE08641,,08/11/2006 12:17 PM,122,1,,,,
Far,08/11/2006 12:18 PM,,,,,,,,,,,,,,,,,7.77,,,,,,,8.28,,"GREGOIRE LAKE, PROFILE",AB07CE0110,,,pH units,,,,06SWE08642,,08/11/2006 12:18 PM,122,1,,,,
Far,08/11/2006 12:18 PM,,,,,,,,,,,,,,,,,7.76,,,,,,,8.25,,"GREGOIRE LAKE, PROFILE",AB07CE0110,,,pH units,,,,06SWE08643,,08/11/2006 12:18 PM,122,1,,,,
Far,08/11/2006 12:19 PM,,,,,,,,,,,,,,,,,7.76,,,,,,,8.24,,"GREGOIRE LAKE, PROFILE",AB07CE0110,,,pH units,,,,06SWE08644,,08/11/2006 12:19 PM,122,1,,,,
Far,08/11/2006 12:20 PM,,,,,,,,,,,,,,,,,7.75,,,,,,,8.21,,"GREGOIRE LAKE, PROFILE",AB07CE0110,,,pH units,,,,06SWE08645,,08/11/2006 12:20 PM,122,1,,,,
Far,08/11/2006 12:20 PM,,,,,,,,,,,,,,,,,7.71,,,,,,,8.1,,"GREGOIRE LAKE, PROFILE",AB07CE0110,,,pH units,,,,06SWE08646,,08/11/2006 12:20 PM,122,1,,,,
Far,08/11/2006 12:21 PM,,,,,,,,,,,,,,,,,7.36,,,,,,,6.48,,"GREGOIRE LAKE, PROFILE",AB07CE0110,,,pH units,,,,06SWE08647,,08/11/2006 12:21 PM,122,1,,,,
Far,08/29/2006 9:46 AM,,,,,,,,,,,,,,,,,7.94,,,,,,,8.9,,"GREGOIRE LAKE, PROFILE",AB07CE0110,,,pH units,,,,06SWE08797,,08/29/2006 9:46 AM,122,1,,,,
Far,08/29/2006 9:46 AM,,,,,,,,,,,,,,,,,7.93,,,,,,,8.86,,"GREGOIRE LAKE, PROFILE",AB07CE0110,,,pH units,,,,06SWE08798,,08/29/2006 9:46 AM,122,1,,,,
Far,08/29/2006 9:47 AM,,,,,,,,,,,,,,,,,7.92,,,,,,,8.79,,"GREGOIRE LAKE, PROFILE",AB07CE0110,,,pH units,,,,06SWE08799,,08/29/2006 9:47 AM,122,1,,,,
Far,08/29/2006 9:48 AM,,,,,,,,,,,,,,,,,7.88,,,,,,,8.77,,"GREGOIRE LAKE, PROFILE",AB07CE0110,,,pH units,,,,06SWE08800,,08/29/2006 9:48 AM,122,1,,,,
Far,08/29/2006 9:49 AM,,,,,,,,,,,,,,,,,7.87,,,,,,,8.74,,"GREGOIRE LAKE, PROFILE",AB07CE0110,,,pH units,,,,06SWE08801,,08/29/2006 9:49 AM,122,1,,,,
Far,08/29/2006 9:49 AM,,,,,,,,,,,,,,,,,7.85,,,,,,,8.68,,"GREGOIRE LAKE, PROFILE",AB07CE0110,,,pH units,,,,06SWE08802,,08/29/2006 9:49 AM,122,1,,,,
Far,08/29/2006 9:50 AM,,,,,,,,,,,,,,,,,7.82,,,,,,,8.55,,"GREGOIRE LAKE, PROFILE",AB07CE0110,,,pH units,,,,06SWE08803,,08/29/2006 9:50 AM,122,1,,,,
Far,08/29/2006 9:51 AM,,,,,,,,,,,,,,,,,7.82,,,,,,,8.57,,"GREGOIRE LAKE, PROFILE",AB07CE0110,,,pH units,,,,06SWE08804,,08/29/2006 9:51 AM,122,1,,,,
Far,09/20/2006 7:44 AM,,,,,,,,,,,,,,,,,7.9,,,,,,,9.97,,"GREGOIRE LAKE, PROFILE",AB07CE0110,,,pH units,,,,06SWE08968,,09/20/2006 7:44 AM,122,1,,,,
Far,09/20/2006 7:44 AM,,,,,,,,,,,,,,,,,7.9,,,,,,,9.96,,"GREGOIRE LAKE, PROFILE",AB07CE0110,,,pH units,,,,06SWE08969,,09/20/2006 7:44 AM,122,1,,,,
Far,09/20/2006 7:45 AM,,,,,,,,,,,,,,,,,7.91,,,,,,,9.87,,"GREGOIRE LAKE, PROFILE",AB07CE0110,,,pH units,,,,06SWE08970,,09/20/2006 7:45 AM,122,1,,,,
Far,09/20/2006 7:45 AM,,,,,,,,,,,,,,,,,7.92,,,,,,,9.9,,"GREGOIRE LAKE, PROFILE",AB07CE0110,,,pH units,,,,06SWE08971,,09/20/2006 7:45 AM,122,1,,,,
Far,09/20/2006 7:46 AM,,,,,,,,,,,,,,,,,7.92,,,,,,,9.89,,"GREGOIRE LAKE, PROFILE",AB07CE0110,,,pH units,,,,06SWE08972,,09/20/2006 7:46 AM,122,1,,,,
Far,09/20/2006 7:46 AM,,,,,,,,,,,,,,,,,7.92,,,,,,,9.86,,"GREGOIRE LAKE, PROFILE",AB07CE0110,,,pH units,,,,06SWE08973,,09/20/2006 7:46 AM,122,1,,,,
Far,09/20/2006 7:47 AM,,,,,,,,,,,,,,,,,7.92,,,,,,,9.84,,"GREGOIRE LAKE, PROFILE",AB07CE0110,,,pH units,,,,06SWE08974,,09/20/2006 7:47 AM,122,1,,,,
Far,09/20/2006 7:48 AM,,,,,,,,,,,,,,,,,7.92,,,,,,,9.85,,"GREGOIRE LAKE, PROFILE",AB07CE0110,,,pH units,,,,06SWE08975,,09/20/2006 7:48 AM,122,1,,,,
Far,06/18/2008 8:25 AM,,,,,,,,,,,,,,,,,8.01,,,,,,,8.9,,"GREGOIRE LAKE, PROFILE",AB07CE0110,,,pH units,,,,08SWE08739,,06/18/2008 8:25 AM,122,1,,,,
Far,06/18/2008 8:26 AM,,,,,,,,,,,,,,,,,8,,,,,,,8.84,,"GREGOIRE LAKE, PROFILE",AB07CE0110,,,pH units,,,,08SWE08740,,06/18/2008 8:26 AM,122,1,,,,
Far,06/18/2008 8:26 AM,,,,,,,,,,,,,,,,,7.98,,,,,,,8.79,,"GREGOIRE LAKE, PROFILE",AB07CE0110,,,pH units,,,,08SWE08741,,06/18/2008 8:26 AM,122,1,,,,
Far,06/18/2008 8:28 AM,,,,,,,,,,,,,,,,,7.97,,,,,,,8.7,,"GREGOIRE LAKE, PROFILE",AB07CE0110,,,pH units,,,,08SWE08742,,06/18/2008 8:28 AM,122,1,,,,
Far,06/18/2008 8:28 AM,,,,,,,,,,,,,,,,,7.95,,,,,,,8.69,,"GREGOIRE LAKE, PROFILE",AB07CE0110,,,pH units,,,,08SWE08743,,06/18/2008 8:28 AM,122,1,,,,
Far,06/18/2008 8:29 AM,,,,,,,,,,,,,,,,,7.94,,,,,,,8.65,,"GREGOIRE LAKE, PROFILE",AB07CE0110,,,pH units,,,,08SWE08744,,06/18/2008 8:29 AM,122,1,,,,
Far,06/18/2008 8:31 AM,,,,,,,,,,,,,,,,,7.92,,,,,,,8.61,,"GREGOIRE LAKE, PROFILE",AB07CE0110,,,pH units,,,,08SWE08745,,06/18/2008 8:31 AM,122,1,,,,
Far,06/18/2008 8:32 AM,,,,,,,,,,,,,,,,,7.9,,,,,,,8.57,,"GREGOIRE LAKE, PROFILE",AB07CE0110,,,pH units,,,,08SWE08746,,06/18/2008 8:32 AM,122,1,,,,
Far,06/18/2008 8:33 AM,,,,,,,,,,,,,,,,,7.89,,,,,,,8.52,,"GREGOIRE LAKE, PROFILE",AB07CE0110,,,pH units,,,,08SWE08747,,06/18/2008 8:33 AM,122,1,,,,
Far,06/18/2008 8:34 AM,,,,,,,,,,,,,,,,,7.89,,,,,,,8.58,,"GREGOIRE LAKE, PROFILE",AB07CE0110,,,pH units,,,,08SWE08748,,06/18/2008 8:34 AM,122,1,,,,
Far,06/18/2008 8:35 AM,,,,,,,,,,,,,,,,,7.89,,,,,,,8.59,,"GREGOIRE LAKE, PROFILE",AB07CE0110,,,pH units,,,,08SWE08749,,06/18/2008 8:35 AM,122,1,,,,
Far,06/18/2008 8:36 AM,,,,,,,,,,,,,,,,,7.9,,,,,,,8.64,,"GREGOIRE LAKE, PROFILE",AB07CE0110,,,pH units,,,,08SWE08750,,06/18/2008 8:36 AM,122,1,,,,
Far,06/18/2008 8:37 AM,,,,,,,,,,,,,,,,,7.89,,,,,,,8.59,,"GREGOIRE LAKE, PROFILE",AB07CE0110,,,pH units,,,,08SWE08751,,06/18/2008 8:37 AM,122,1,,,,
Far,06/18/2008 8:38 AM,,,,,,,,,,,,,,,,,7.88,,,,,,,8.59,,"GREGOIRE LAKE, PROFILE",AB07CE0110,,,pH units,,,,08SWE08752,,06/18/2008 8:38 AM,122,1,,,,
Far,06/18/2008 8:39 AM,,,,,,,,,,,,,,,,,7.84,,,,,,,8.34,,"GREGOIRE LAKE, PROFILE",AB07CE0110,,,pH units,,,,08SWE08753,,06/18/2008 8:39 AM,122,1,,,,
Far,07/14/2008 9:23 AM,,,,,,,,,,,,,,,,,8.54,,,,,,,10.64,,"GREGOIRE LAKE, PROFILE",AB07CE0110,,,pH units,,,,08SWE10292,,07/14/2008 9:23 AM,122,1,,,,
Far,07/14/2008 9:25 AM,,,,,,,,,,,,,,,,,8.54,,,,,,,10.76,,"GREGOIRE LAKE, PROFILE",AB07CE0110,,,pH units,,,,08SWE10293,,07/14/2008 9:25 AM,122,1,,,,
Far,07/14/2008 9:25 AM,,,,,,,,,,,,,,,,,8.53,,,,,,,10.82,,"GREGOIRE LAKE, PROFILE",AB07CE0110,,,pH units,,,,08SWE10294,,07/14/2008 9:25 AM,122,1,,,,
Far,07/14/2008 9:27 AM,,,,,,,,,,,,,,,,,8.53,,,,,,,10.88,,"GREGOIRE LAKE, PROFILE",AB07CE0110,,,pH units,,,,08SWE10295,,07/14/2008 9:27 AM,122,1,,,,
Far,07/14/2008 9:28 AM,,,,,,,,,,,,,,,,,8.52,,,,,,,10.9,,"GREGOIRE LAKE, PROFILE",AB07CE0110,,,pH units,,,,08SWE10296,,07/14/2008 9:28 AM,122,1,,,,
Far,07/14/2008 9:30 AM,,,,,,,,,,,,,,,,,8.5,,,,,,,10.87,,"GREGOIRE LAKE, PROFILE",AB07CE0110,,,pH units,,,,08SWE10297,,07/14/2008 9:30 AM,122,1,,,,
Far,07/14/2008 9:31 AM,,,,,,,,,,,,,,,,,8.49,,,,,,,10.9,,"GREGOIRE LAKE, PROFILE",AB07CE0110,,,pH units,,,,08SWE10298,,07/14/2008 9:31 AM,122,1,,,,
Far,07/14/2008 9:33 AM,,,,,,,,,,,,,,,,,8.48,,,,,,,10.92,,"GREGOIRE LAKE, PROFILE",AB07CE0110,,,pH units,,,,08SWE10299,,07/14/2008 9:33 AM,122,1,,,,
Far,07/14/2008 9:35 AM,,,,,,,,,,,,,,,,,8.47,,,,,,,10.87,,"GREGOIRE LAKE, PROFILE",AB07CE0110,,,pH units,,,,08SWE10300,,07/14/2008 9:35 AM,122,1,,,,
Far,07/14/2008 9:37 AM,,,,,,,,,,,,,,,,,8.47,,,,,,,10.93,,"GREGOIRE LAKE, PROFILE",AB07CE0110,,,pH units,,,,08SWE10301,,07/14/2008 9:37 AM,122,1,,,,
Far,07/14/2008 9:38 AM,,,,,,,,,,,,,,,,,8.47,,,,,,,10.84,,"GREGOIRE LAKE, PROFILE",AB07CE0110,,,pH units,,,,08SWE10302,,07/14/2008 9:38 AM,122,1,,,,
Far,07/14/2008 9:39 AM,,,,,,,,,,,,,,,,,8.47,,,,,,,10.92,,"GREGOIRE LAKE, PROFILE",AB07CE0110,,,pH units,,,,08SWE10303,,07/14/2008 9:39 AM,122,1,,,,
Far,07/14/2008 9:40 AM,,,,,,,,,,,,,,,,,8.46,,,,,,,10.88,,"GREGOIRE LAKE, PROFILE",AB07CE0110,,,pH units,,,,08SWE10304,,07/14/2008 9:40 AM,122,1,,,,
Far,07/14/2008 9:41 AM,,,,,,,,,,,,,,,,,8.44,,,,,,,10.8,,"GREGOIRE LAKE, PROFILE",AB07CE0110,,,pH units,,,,08SWE10305,,07/14/2008 9:41 AM,122,1,,,,
Far,07/14/2008 9:43 AM,,,,,,,,,,,,,,,,,8.41,,,,,,,10.78,,"GREGOIRE LAKE, PROFILE",AB07CE0110,,,pH units,,,,08SWE10306,,07/14/2008 9:43 AM,122,1,,,,
Far,08/06/2008 7:51 AM,,,,,,,,,,,,,,,,,8.87,,,,,,,10.46,,"GREGOIRE LAKE, PROFILE",AB07CE0110,,,pH units,,,,08SWE10330,,08/06/2008 7:51 AM,122,1,,,,
Far,08/06/2008 7:52 AM,,,,,,,,,,,,,,,,,8.86,,,,,,,10.43,,"GREGOIRE LAKE, PROFILE",AB07CE0110,,,pH units,,,,08SWE10331,,08/06/2008 7:52 AM,122,1,,,,
Far,08/06/2008 7:54 AM,,,,,,,,,,,,,,,,,8.86,,,,,,,10.39,,"GREGOIRE LAKE, PROFILE",AB07CE0110,,,pH units,,,,08SWE10332,,08/06/2008 7:54 AM,122,1,,,,
Far,08/06/2008 7:59 AM,,,,,,,,,,,,,,,,,8.82,,,,,,,10.22,,"GREGOIRE LAKE, PROFILE",AB07CE0110,,,pH units,,,,08SWE10333,,08/06/2008 7:59 AM,122,1,,,,
Far,08/06/2008 8:00 AM,,,,,,,,,,,,,,,,,8.8,,,,,,,10.21,,"GREGOIRE LAKE, PROFILE",AB07CE0110,,,pH units,,,,08SWE10334,,08/06/2008 8:00 AM,122,1,,,,
Far,08/06/2008 8:01 AM,,,,,,,,,,,,,,,,,8.8,,,,,,,10.17,,"GREGOIRE LAKE, PROFILE",AB07CE0110,,,pH units,,,,08SWE10335,,08/06/2008 8:01 AM,122,1,,,,
Far,08/06/2008 8:02 AM,,,,,,,,,,,,,,,,,8.8,,,,,,,10.18,,"GREGOIRE LAKE, PROFILE",AB07CE0110,,,pH units,,,,08SWE10336,,08/06/2008 8:02 AM,122,1,,,,
Far,08/06/2008 8:05 AM,,,,,,,,,,,,,,,,,8.79,,,,,,,10.11,,"GREGOIRE LAKE, PROFILE",AB07CE0110,,,pH units,,,,08SWE10337,,08/06/2008 8:05 AM,122,1,,,,
Far,08/06/2008 8:06 AM,,,,,,,,,,,,,,,,,8.54,,,,,,,9.41,,"GREGOIRE LAKE, PROFILE",AB07CE0110,,,pH units,,,,08SWE10338,,08/06/2008 8:06 AM,122,1,,,,
Far,08/06/2008 8:08 AM,,,,,,,,,,,,,,,,,8.53,,,,,,,9.34,,"GREGOIRE LAKE, PROFILE",AB07CE0110,,,pH units,,,,08SWE10339,,08/06/2008 8:08 AM,122,1,,,,
Far,08/06/2008 8:09 AM,,,,,,,,,,,,,,,,,8.46,,,,,,,9.19,,"GREGOIRE LAKE, PROFILE",AB07CE0110,,,pH units,,,,08SWE10340,,08/06/2008 8:09 AM,122,1,,,,
Far,08/06/2008 8:11 AM,,,,,,,,,,,,,,,,,8.12,,,,,,,8.35,,"GREGOIRE LAKE, PROFILE",AB07CE0110,,,pH units,,,,08SWE10341,,08/06/2008 8:11 AM,122,1,,,,
Far,08/06/2008 8:14 AM,,,,,,,,,,,,,,,,,7.79,,,,,,,7.09,,"GREGOIRE LAKE, PROFILE",AB07CE0110,,,pH units,,,,08SWE10342,,08/06/2008 8:14 AM,122,1,,,,
Far,08/06/2008 8:15 AM,,,,,,,,,,,,,,,,,7.76,,,,,,,7.05,,"GREGOIRE LAKE, PROFILE",AB07CE0110,,,pH units,,,,08SWE10343,,08/06/2008 8:15 AM,122,1,,,,
Far,09/04/2008 9:44 AM,,,,,,,,,,,,,,,,,8.38,,,,,,,9.71,,"GREGOIRE LAKE, PROFILE",AB07CE0110,,,pH units,,,,08SWE10365,,09/04/2008 9:44 AM,122,1,,,,
Far,09/04/2008 9:45 AM,,,,,,,,,,,,,,,,,8.39,,,,,,,9.69,,"GREGOIRE LAKE, PROFILE",AB07CE0110,,,pH units,,,,08SWE10366,,09/04/2008 9:45 AM,122,1,,,,
Far,09/04/2008 9:46 AM,,,,,,,,,,,,,,,,,8.39,,,,,,,9.66,,"GREGOIRE LAKE, PROFILE",AB07CE0110,,,pH units,,,,08SWE10367,,09/04/2008 9:46 AM,122,1,,,,
Far,09/04/2008 9:47 AM,,,,,,,,,,,,,,,,,8.38,,,,,,,9.63,,"GREGOIRE LAKE, PROFILE",AB07CE0110,,,pH units,,,,08SWE10368,,09/04/2008 9:47 AM,122,1,,,,
Far,09/04/2008 9:48 AM,,,,,,,,,,,,,,,,,8.36,,,,,,,9.58,,"GREGOIRE LAKE, PROFILE",AB07CE0110,,,pH units,,,,08SWE10369,,09/04/2008 9:48 AM,122,1,,,,
Far,09/04/2008 9:49 AM,,,,,,,,,,,,,,,,,8.35,,,,,,,9.53,,"GREGOIRE LAKE, PROFILE",AB07CE0110,,,pH units,,,,08SWE10370,,09/04/2008 9:49 AM,122,1,,,,
Far,09/04/2008 9:50 AM,,,,,,,,,,,,,,,,,8.33,,,,,,,9.49,,"GREGOIRE LAKE, PROFILE",AB07CE0110,,,pH units,,,,08SWE10371,,09/04/2008 9:50 AM,122,1,,,,
Far,09/04/2008 9:50 AM,,,,,,,,,,,,,,,,,8.33,,,,,,,9.46,,"GREGOIRE LAKE, PROFILE",AB07CE0110,,,pH units,,,,08SWE10372,,09/04/2008 9:50 AM,122,1,,,,
Far,09/04/2008 9:51 AM,,,,,,,,,,,,,,,,,8.33,,,,,,,9.44,,"GREGOIRE LAKE, PROFILE",AB07CE0110,,,pH units,,,,08SWE10373,,09/04/2008 9:51 AM,122,1,,,,
Far,09/04/2008 9:52 AM,,,,,,,,,,,,,,,,,8.32,,,,,,,9.44,,"GREGOIRE LAKE, PROFILE",AB07CE0110,,,pH units,,,,08SWE10374,,09/04/2008 9:52 AM,122,1,,,,
Far,09/04/2008 9:53 AM,,,,,,,,,,,,,,,,,8.32,,,,,,,9.42,,"GREGOIRE LAKE, PROFILE",AB07CE0110,,,pH units,,,,08SWE10375,,09/04/2008 9:53 AM,122,1,,,,
Far,09/04/2008 9:54 AM,,,,,,,,,,,,,,,,,8.32,,,,,,,9.4,,"GREGOIRE LAKE, PROFILE",AB07CE0110,,,pH units,,,,08SWE10376,,09/04/2008 9:54 AM,122,1,,,,
Far,09/04/2008 9:55 AM,,,,,,,,,,,,,,,,,8.31,,,,,,,9.41,,"GREGOIRE LAKE, PROFILE",AB07CE0110,,,pH units,,,,08SWE10377,,09/04/2008 9:55 AM,122,1,,,,
Far,09/04/2008 9:56 AM,,,,,,,,,,,,,,,,,8.32,,,,,,,9.4,,"GREGOIRE LAKE, PROFILE",AB07CE0110,,,pH units,,,,08SWE10378,,09/04/2008 9:56 AM,122,1,,,,
Far,09/04/2008 9:57 AM,,,,,,,,,,,,,,,,,8.31,,,,,,,9.37,,"GREGOIRE LAKE, PROFILE",AB07CE0110,,,pH units,,,,08SWE10379,,09/04/2008 9:57 AM,122,1,,,,
Far,09/29/2008 8:59 AM,,,,,,,,,,,,,,,,,8.03,,,,,,,10.5,,"GREGOIRE LAKE, PROFILE",AB07CE0110,,,pH units,,,,08SWE10404,,09/29/2008 8:59 AM,122,1,,,,
Far,09/29/2008 9:00 AM,,,,,,,,,,,,,,,,,7.99,,,,,,,10.48,,"GREGOIRE LAKE, PROFILE",AB07CE0110,,,pH units,,,,08SWE10405,,09/29/2008 9:00 AM,122,1,,,,
Far,09/29/2008 9:00 AM,,,,,,,,,,,,,,,,,8,,,,,,,10.45,,"GREGOIRE LAKE, PROFILE",AB07CE0110,,,pH units,,,,08SWE10406,,09/29/2008 9:00 AM,122,1,,,,
Far,09/29/2008 9:01 AM,,,,,,,,,,,,,,,,,7.97,,,,,,,10.42,,"GREGOIRE LAKE, PROFILE",AB07CE0110,,,pH units,,,,08SWE10407,,09/29/2008 9:01 AM,122,1,,,,
Far,09/29/2008 9:02 AM,,,,,,,,,,,,,,,,,7.99,,,,,,,10.41,,"GREGOIRE LAKE, PROFILE",AB07CE0110,,,pH units,,,,08SWE10408,,09/29/2008 9:02 AM,122,1,,,,
Far,09/29/2008 9:03 AM,,,,,,,,,,,,,,,,,7.97,,,,,,,10.38,,"GREGOIRE LAKE, PROFILE",AB07CE0110,,,pH units,,,,08SWE10409,,09/29/2008 9:03 AM,122,1,,,,
Far,09/29/2008 9:04 AM,,,,,,,,,,,,,,,,,7.97,,,,,,,10.35,,"GREGOIRE LAKE, PROFILE",AB07CE0110,,,pH units,,,,08SWE10410,,09/29/2008 9:04 AM,122,1,,,,
Far,09/29/2008 9:05 AM,,,,,,,,,,,,,,,,,7.96,,,,,,,10.34,,"GREGOIRE LAKE, PROFILE",AB07CE0110,,,pH units,,,,08SWE10411,,09/29/2008 9:05 AM,122,1,,,,
Far,09/29/2008 9:06 AM,,,,,,,,,,,,,,,,,7.96,,,,,,,10.3,,"GREGOIRE LAKE, PROFILE",AB07CE0110,,,pH units,,,,08SWE10412,,09/29/2008 9:06 AM,122,1,,,,
Far,09/29/2008 9:07 AM,,,,,,,,,,,,,,,,,7.94,,,,,,,10.27,,"GREGOIRE LAKE, PROFILE",AB07CE0110,,,pH units,,,,08SWE10413,,09/29/2008 9:07 AM,122,1,,,,
Far,09/29/2008 9:08 AM,,,,,,,,,,,,,,,,,7.94,,,,,,,10.24,,"GREGOIRE LAKE, PROFILE",AB07CE0110,,,pH units,,,,08SWE10414,,09/29/2008 9:08 AM,122,1,,,,
Far,09/29/2008 9:09 AM,,,,,,,,,,,,,,,,,7.94,,,,,,,10.06,,"GREGOIRE LAKE, PROFILE",AB07CE0110,,,pH units,,,,08SWE10415,,09/29/2008 9:09 AM,122,1,,,,
Far,06/19/2013 9:06 AM,,,,,,,,,,,,,,,,,7.92,,,,,,,8.67,,"GREGOIRE LAKE, PROFILE",AB07CE0110,,,pH units,,,,13SWE10196,,06/19/2013 9:06 AM,122,1,,,,
Far,06/19/2013 9:07 AM,,,,,,,,,,,,,,,,,7.27,,,,,,,8.67,,"GREGOIRE LAKE, PROFILE",AB07CE0110,,,pH units,,,,13SWE10197,,06/19/2013 9:07 AM,122,1,,,,
Far,06/19/2013 9:08 AM,,,,,,,,,,,,,,,,,7.68,,,,,,,8.71,,"GREGOIRE LAKE, PROFILE",AB07CE0110,,,pH units,,,,13SWE10198,,06/19/2013 9:08 AM,122,1,,,,
Far,06/19/2013 9:09 AM,,,,,,,,,,,,,,,,,7.73,,,,,,,8.71,,"GREGOIRE LAKE, PROFILE",AB07CE0110,,,pH units,,,,13SWE10199,,06/19/2013 9:09 AM,122,1,,,,
Far,06/19/2013 9:10 AM,,,,,,,,,,,,,,,,,7.72,,,,,,,8.73,,"GREGOIRE LAKE, PROFILE",AB07CE0110,,,pH units,,,,13SWE10200,,06/19/2013 9:10 AM,122,1,,,,
Far,06/19/2013 9:11 AM,,,,,,,,,,,,,,,,,7.71,,,,,,,8.72,,"GREGOIRE LAKE, PROFILE",AB07CE0110,,,pH units,,,,13SWE10201,,06/19/2013 9:11 AM,122,1,,,,
Far,06/19/2013 9:12 AM,,,,,,,,,,,,,,,,,7.7,,,,,,,8.74,,"GREGOIRE LAKE, PROFILE",AB07CE0110,,,pH units,,,,13SWE10202,,06/19/2013 9:12 AM,122,1,,,,
Far,06/19/2013 9:13 AM,,,,,,,,,,,,,,,,,7.68,,,,,,,8.73,,"GREGOIRE LAKE, PROFILE",AB07CE0110,,,pH units,,,,13SWE10203,,06/19/2013 9:13 AM,122,1,,,,
Far,06/19/2013 9:14 AM,,,,,,,,,,,,,,,,,7.62,,,,,,,8.57,,"GREGOIRE LAKE, PROFILE",AB07CE0110,,,pH units,,,,13SWE10204,,06/19/2013 9:14 AM,122,1,,,,
Far,06/19/2013 9:15 AM,,,,,,,,,,,,,,,,,7.53,,,,,,,8.09,,"GREGOIRE LAKE, PROFILE",AB07CE0110,,,pH units,,,,13SWE10205,,06/19/2013 9:15 AM,122,1,,,,
Far,06/19/2013 9:16 AM,,,,,,,,,,,,,,,,,7.44,,,,,,,7.53,,"GREGOIRE LAKE, PROFILE",AB07CE0110,,,pH units,,,,13SWE10206,,06/19/2013 9:16 AM,122,1,,,,
Far,06/19/2013 9:17 AM,,,,,,,,,,,,,,,,,7.38,,,,,,,7.12,,"GREGOIRE LAKE, PROFILE",AB07CE0110,,,pH units,,,,13SWE10207,,06/19/2013 9:17 AM,122,1,,,,
Far,06/19/2013 9:18 AM,,,,,,,,,,,,,,,,,7.31,,,,,,,6.67,,"GREGOIRE LAKE, PROFILE",AB07CE0110,,,pH units,,,,13SWE10208,,06/19/2013 9:18 AM,122,1,,,,
Far,06/19/2013 9:19 AM,,,,,,,,,,,,,,,,,7.26,,,,,,,6.34,,"GREGOIRE LAKE, PROFILE",AB07CE0110,,,pH units,,,,13SWE10209,,06/19/2013 9:19 AM,122,1,,,,
Far,06/19/2013 9:20 AM,,,,,,,,,,,,,,,,,7.22,,,,,,,5.81,,"GREGOIRE LAKE, PROFILE",AB07CE0110,,,pH units,,,,13SWE10210,,06/19/2013 9:20 AM,122,1,,,,
Far,06/19/2013 9:21 AM,,,,,,,,,,,,,,,,,7.19,,,,,,,5.43,,"GREGOIRE LAKE, PROFILE",AB07CE0110,,,pH units,,,,13SWE10211,,06/19/2013 9:21 AM,122,1,,,,
Far,07/16/2013 9:11 AM,,,,,,,,,,,,,,,,,7.72,,,,,,,8.75,,"GREGOIRE LAKE, PROFILE",AB07CE0110,,,pH units,,,,13SWE10500,,07/16/2013 9:11 AM,122,1,,,,
Far,07/16/2013 9:12 AM,,,,,,,,,,,,,,,,,7.73,,,,,,,8.8,,"GREGOIRE LAKE, PROFILE",AB07CE0110,,,pH units,,,,13SWE10501,,07/16/2013 9:12 AM,122,1,,,,
Far,07/16/2013 9:13 AM,,,,,,,,,,,,,,,,,7.84,,,,,,,8.78,,"GREGOIRE LAKE, PROFILE",AB07CE0110,,,pH units,,,,13SWE10502,,07/16/2013 9:13 AM,122,1,,,,
Far,07/16/2013 9:14 AM,,,,,,,,,,,,,,,,,7.81,,,,,,,8.74,,"GREGOIRE LAKE, PROFILE",AB07CE0110,,,pH units,,,,13SWE10503,,07/16/2013 9:14 AM,122,1,,,,
Far,07/16/2013 9:15 AM,,,,,,,,,,,,,,,,,7.84,,,,,,,8.75,,"GREGOIRE LAKE, PROFILE",AB07CE0110,,,pH units,,,,13SWE10504,,07/16/2013 9:15 AM,122,1,,,,
Far,07/16/2013 9:16 AM,,,,,,,,,,,,,,,,,7.8,,,,,,,8.7,,"GREGOIRE LAKE, PROFILE",AB07CE0110,,,pH units,,,,13SWE10505,,07/16/2013 9:16 AM,122,1,,,,
Far,07/16/2013 9:17 AM,,,,,,,,,,,,,,,,,7.82,,,,,,,8.73,,"GREGOIRE LAKE, PROFILE",AB07CE0110,,,pH units,,,,13SWE10506,,07/16/2013 9:17 AM,122,1,,,,
Far,07/16/2013 9:18 AM,,,,,,,,,,,,,,,,,7.81,,,,,,,8.68,,"GREGOIRE LAKE, PROFILE",AB07CE0110,,,pH units,,,,13SWE10507,,07/16/2013 9:18 AM,122,1,,,,
Far,07/16/2013 9:19 AM,,,,,,,,,,,,,,,,,7.8,,,,,,,8.65,,"GREGOIRE LAKE, PROFILE",AB07CE0110,,,pH units,,,,13SWE10508,,07/16/2013 9:19 AM,122,1,,,,
Far,07/16/2013 9:20 AM,,,,,,,,,,,,,,,,,7.78,,,,,,,8.62,,"GREGOIRE LAKE, PROFILE",AB07CE0110,,,pH units,,,,13SWE10509,,07/16/2013 9:20 AM,122,1,,,,
Far,07/16/2013 9:21 AM,,,,,,,,,,,,,,,,,7.7,,,,,,,8.57,,"GREGOIRE LAKE, PROFILE",AB07CE0110,,,pH units,,,,13SWE10510,,07/16/2013 9:21 AM,122,1,,,,
Far,07/16/2013 9:22 AM,,,,,,,,,,,,,,,,,7.68,,,,,,,8.42,,"GREGOIRE LAKE, PROFILE",AB07CE0110,,,pH units,,,,13SWE10511,,07/16/2013 9:22 AM,122,1,,,,
Far,07/27/2013 10:08 AM,,,,,,,,,,,,,,,,,8.22,,,,,,,8.97,,"GREGOIRE LAKE, PROFILE",AB07CE0110,,,pH units,,,,13SWE10653,,07/27/2013 10:08 AM,122,1,,,,
Far,07/27/2013 10:09 AM,,,,,,,,,,,,,,,,,8.22,,,,,,,8.97,,"GREGOIRE LAKE, PROFILE",AB07CE0110,,,pH units,,,,13SWE10654,,07/27/2013 10:09 AM,122,1,,,,
Far,07/27/2013 10:10 AM,,,,,,,,,,,,,,,,,8.23,,,,,,,8.97,,"GREGOIRE LAKE, PROFILE",AB07CE0110,,,pH units,,,,13SWE10655,,07/27/2013 10:10 AM,122,1,,,,
Far,07/27/2013 10:11 AM,,,,,,,,,,,,,,,,,8.22,,,,,,,8.91,,"GREGOIRE LAKE, PROFILE",AB07CE0110,,,pH units,,,,13SWE10656,,07/27/2013 10:11 AM,122,1,,,,
Far,07/27/2013 10:12 AM,,,,,,,,,,,,,,,,,8.21,,,,,,,8.94,,"GREGOIRE LAKE, PROFILE",AB07CE0110,,,pH units,,,,13SWE10657,,07/27/2013 10:12 AM,122,1,,,,
Far,07/27/2013 10:13 AM,,,,,,,,,,,,,,,,,8.21,,,,,,,8.89,,"GREGOIRE LAKE, PROFILE",AB07CE0110,,,pH units,,,,13SWE10658,,07/27/2013 10:13 AM,122,1,,,,
Far,07/27/2013 10:14 AM,,,,,,,,,,,,,,,,,8.21,,,,,,,8.89,,"GREGOIRE LAKE, PROFILE",AB07CE0110,,,pH units,,,,13SWE10659,,07/27/2013 10:14 AM,122,1,,,,
Far,07/27/2013 10:15 AM,,,,,,,,,,,,,,,,,8.2,,,,,,,8.9,,"GREGOIRE LAKE, PROFILE",AB07CE0110,,,pH units,,,,13SWE10660,,07/27/2013 10:15 AM,122,1,,,,
Far,07/27/2013 10:16 AM,,,,,,,,,,,,,,,,,8.19,,,,,,,8.92,,"GREGOIRE LAKE, PROFILE",AB07CE0110,,,pH units,,,,13SWE10661,,07/27/2013 10:16 AM,122,1,,,,
Far,07/27/2013 10:17 AM,,,,,,,,,,,,,,,,,8.16,,,,,,,8.93,,"GREGOIRE LAKE, PROFILE",AB07CE0110,,,pH units,,,,13SWE10662,,07/27/2013 10:17 AM,122,1,,,,
Far,07/27/2013 10:18 AM,,,,,,,,,,,,,,,,,8.13,,,,,,,8.85,,"GREGOIRE LAKE, PROFILE",AB07CE0110,,,pH units,,,,13SWE10663,,07/27/2013 10:18 AM,122,1,,,,
Far,07/27/2013 10:19 AM,,,,,,,,,,,,,,,,,8.11,,,,,,,8.74,,"GREGOIRE LAKE, PROFILE",AB07CE0110,,,pH units,,,,13SWE10664,,07/27/2013 10:19 AM,122,1,,,,
Far,08/27/2013 8:50 AM,,,,,,,,,,,,,,,,,7.69,,,,,,,8.5,,"GREGOIRE LAKE, PROFILE",AB07CE0110,,,pH units,,,,13SWE07561,,08/27/2013 8:50 AM,122,1,,,,
Far,08/27/2013 8:51 AM,,,,,,,,,,,,,,,,,7.68,,,,,,,8.52,,"GREGOIRE LAKE, PROFILE",AB07CE0110,,,pH units,,,,13SWE07562,,08/27/2013 8:51 AM,122,1,,,,
Far,08/27/2013 8:52 AM,,,,,,,,,,,,,,,,,7.68,,,,,,,8.49,,"GREGOIRE LAKE, PROFILE",AB07CE0110,,,pH units,,,,13SWE07563,,08/27/2013 8:52 AM,122,1,,,,
Far,08/27/2013 8:53 AM,,,,,,,,,,,,,,,,,7.69,,,,,,,8.47,,"GREGOIRE LAKE, PROFILE",AB07CE0110,,,pH units,,,,13SWE07564,,08/27/2013 8:53 AM,122,1,,,,
Far,08/27/2013 8:54 AM,,,,,,,,,,,,,,,,,7.68,,,,,,,8.48,,"GREGOIRE LAKE, PROFILE",AB07CE0110,,,pH units,,,,13SWE07565,,08/27/2013 8:54 AM,122,1,,,,
Far,08/27/2013 8:55 AM,,,,,,,,,,,,,,,,,7.7,,,,,,,8.5,,"GREGOIRE LAKE, PROFILE",AB07CE0110,,,pH units,,,,13SWE07566,,08/27/2013 8:55 AM,122,1,,,,
Far,08/27/2013 8:56 AM,,,,,,,,,,,,,,,,,7.68,,,,,,,8.42,,"GREGOIRE LAKE, PROFILE",AB07CE0110,,,pH units,,,,13SWE07567,,08/27/2013 8:56 AM,122,1,,,,
Far,08/27/2013 8:57 AM,,,,,,,,,,,,,,,,,7.65,,,,,,,8.42,,"GREGOIRE LAKE, PROFILE",AB07CE0110,,,pH units,,,,13SWE07568,,08/27/2013 8:57 AM,122,1,,,,
Far,08/27/2013 8:58 AM,,,,,,,,,,,,,,,,,7.62,,,,,,,8.29,,"GREGOIRE LAKE, PROFILE",AB07CE0110,,,pH units,,,,13SWE07569,,08/27/2013 8:58 AM,122,1,,,,
Far,08/27/2013 8:59 AM,,,,,,,,,,,,,,,,,7.18,,,,,,,6.22,,"GREGOIRE LAKE, PROFILE",AB07CE0110,,,pH units,,,,13SWE07570,,08/27/2013 8:59 AM,122,1,,,,
Far,08/27/2013 9:00 AM,,,,,,,,,,,,,,,,,7.18,,,,,,,5.76,,"GREGOIRE LAKE, PROFILE",AB07CE0110,,,pH units,,,,13SWE07571,,08/27/2013 9:00 AM,122,1,,,,
Far,08/27/2013 9:01 AM,,,,,,,,,,,,,,,,,7.19,,,,,,,5.85,,"GREGOIRE LAKE, PROFILE",AB07CE0110,,,pH units,,,,13SWE07572,,08/27/2013 9:01 AM,122,1,,,,
Far,08/27/2013 9:02 AM,,,,,,,,,,,,,,,,,7.13,,,,,,,5.49,,"GREGOIRE LAKE, PROFILE",AB07CE0110,,,pH units,,,,13SWE07573,,08/27/2013 9:02 AM,122,1,,,,
Far,06/26/2017 10:15 AM,,,,,,,,,,,,,,,,,8.4,,,,,,,9.71,,"GREGOIRE LAKE, PROFILE",AB07CE0110,,,pH units,,,,17SWE06670,,06/26/2017 10:15 AM,122,1,,,,
Far,06/26/2017 10:16 AM,,,,,,,,,,,,,,,,,8.4,,,,,,,9.76,,"GREGOIRE LAKE, PROFILE",AB07CE0110,,,pH units,,,,17SWE06671,,06/26/2017 10:16 AM,122,1,,,,
Far,06/26/2017 10:17 AM,,,,,,,,,,,,,,,,,8.41,,,,,,,9.73,,"GREGOIRE LAKE, PROFILE",AB07CE0110,,,pH units,,,,17SWE06672,,06/26/2017 10:17 AM,122,1,,,,
Far,06/26/2017 10:18 AM,,,,,,,,,,,,,,,,,8.4,,,,,,,9.72,,"GREGOIRE LAKE, PROFILE",AB07CE0110,,,pH units,,,,17SWE06673,,06/26/2017 10:18 AM,122,1,,,,
Far,06/26/2017 10:19 AM,,,,,,,,,,,,,,,,,8.4,,,,,,,9.74,,"GREGOIRE LAKE, PROFILE",AB07CE0110,,,pH units,,,,17SWE06674,,06/26/2017 10:19 AM,122,1,,,,
Far,06/26/2017 10:20 AM,,,,,,,,,,,,,,,,,8.38,,,,,,,9.73,,"GREGOIRE LAKE, PROFILE",AB07CE0110,,,pH units,,,,17SWE06675,,06/26/2017 10:20 AM,122,1,,,,
Far,06/26/2017 10:21 AM,,,,,,,,,,,,,,,,,8.38,,,,,,,9.73,,"GREGOIRE LAKE, PROFILE",AB07CE0110,,,pH units,,,,17SWE06676,,06/26/2017 10:21 AM,122,1,,,,
Far,06/26/2017 10:22 AM,,,,,,,,,,,,,,,,,8.36,,,,,,,9.69,,"GREGOIRE LAKE, PROFILE",AB07CE0110,,,pH units,,,,17SWE06677,,06/26/2017 10:22 AM,122,1,,,,
Far,06/26/2017 10:23 AM,,,,,,,,,,,,,,,,,8.34,,,,,,,9.71,,"GREGOIRE LAKE, PROFILE",AB07CE0110,,,pH units,,,,17SWE06678,,06/26/2017 10:23 AM,122,1,,,,
Far,06/26/2017 10:24 AM,,,,,,,,,,,,,,,,,8.25,,,,,,,9.48,,"GREGOIRE LAKE, PROFILE",AB07CE0110,,,pH units,,,,17SWE06679,,06/26/2017 10:24 AM,122,1,,,,
Far,07/26/2017 8:20 AM,,,,,,,,,,,,,,,,,9.18,,,,,,,11.25,,"GREGOIRE LAKE, PROFILE",AB07CE0110,,,pH units,,,,17SWE04602,,07/26/2017 8:20 AM,122,1,,,,
Far,07/26/2017 8:21 AM,,,,,,,,,,,,,,,,,9.16,,,,,,,11.06,,"GREGOIRE LAKE, PROFILE",AB07CE0110,,,pH units,,,,17SWE04603,,07/26/2017 8:21 AM,122,1,,,,
Far,07/26/2017 8:22 AM,,,,,,,,,,,,,,,,,9.09,,,,,,,10.48,,"GREGOIRE LAKE, PROFILE",AB07CE0110,,,pH units,,,,17SWE04604,,07/26/2017 8:22 AM,122,1,,,,
Far,07/26/2017 8:23 AM,,,,,,,,,,,,,,,,,9.06,,,,,,,10.28,,"GREGOIRE LAKE, PROFILE",AB07CE0110,,,pH units,,,,17SWE04605,,07/26/2017 8:23 AM,122,1,,,,
Far,07/26/2017 8:24 AM,,,,,,,,,,,,,,,,,9.03,,,,,,,10.04,,"GREGOIRE LAKE, PROFILE",AB07CE0110,,,pH units,,,,17SWE04606,,07/26/2017 8:24 AM,122,1,,,,
Far,07/26/2017 8:25 AM,,,,,,,,,,,,,,,,,9,,,,,,,9.89,,"GREGOIRE LAKE, PROFILE",AB07CE0110,,,pH units,,,,17SWE04607,,07/26/2017 8:25 AM,122,1,,,,
Far,07/26/2017 8:26 AM,,,,,,,,,,,,,,,,,8.98,,,,,,,9.78,,"GREGOIRE LAKE, PROFILE",AB07CE0110,,,pH units,,,,17SWE04608,,07/26/2017 8:26 AM,122,1,,,,
Far,07/26/2017 8:27 AM,,,,,,,,,,,,,,,,,8.95,,,,,,,9.64,,"GREGOIRE LAKE, PROFILE",AB07CE0110,,,pH units,,,,17SWE04609,,07/26/2017 8:27 AM,122,1,,,,
Far,07/26/2017 8:28 AM,,,,,,,,,,,,,,,,,8.88,,,,,,,9.19,,"GREGOIRE LAKE, PROFILE",AB07CE0110,,,pH units,,,,17SWE04610,,07/26/2017 8:28 AM,122,1,,,,
Far,07/26/2017 8:29 AM,,,,,,,,,,,,,,,,,8.63,,,,,,,8.09,,"GREGOIRE LAKE, PROFILE",AB07CE0110,,,pH units,,,,17SWE04611,,07/26/2017 8:29 AM,122,1,,,,
Far,07/26/2017 8:30 AM,,,,,,,,,,,,,,,,,8.51,,,,,,,7.82,,"GREGOIRE LAKE, PROFILE",AB07CE0110,,,pH units,,,,17SWE04612,,07/26/2017 8:30 AM,122,1,,,,
Far,07/26/2017 8:31 AM,,,,,,,,,,,,,,,,,8.48,,,,,,,7.6,,"GREGOIRE LAKE, PROFILE",AB07CE0110,,,pH units,,,,17SWE04613,,07/26/2017 8:31 AM,122,1,,,,
Far,08/23/2017 8:19 AM,,7.5,,,,0.43,,0.007,0.28,0.46,,,0.71,,,,7.81,,,,0.152,,,7.93,,"GREGOIRE LAKE, PROFILE",AB07CE0110,,,ug/L,,,,17SWE07204,,08/23/2017 8:19 AM,16,1,,,,
Far,08/23/2017 8:20 AM,,,,,,,,,,,,,,,,,7.78,,,,,,,7.94,,"GREGOIRE LAKE, PROFILE",AB07CE0110,,,pH units,,,,17SWE07205,,08/23/2017 8:20 AM,122,1,,,,
Far,08/23/2017 8:21 AM,,,,,,,,,,,,,,,,,7.77,,,,,,,7.95,,"GREGOIRE LAKE, PROFILE",AB07CE0110,,,pH units,,,,17SWE07206,,08/23/2017 8:21 AM,122,1,,,,
Far,08/23/2017 8:22 AM,,,,,,,,,,,,,,,,,7.75,,,,,,,7.92,,"GREGOIRE LAKE, PROFILE",AB07CE0110,,,pH units,,,,17SWE07207,,08/23/2017 8:22 AM,122,1,,,,
Far,08/23/2017 8:23 AM,,,,,,,,,,,,,,,,,7.76,,,,,,,7.89,,"GREGOIRE LAKE, PROFILE",AB07CE0110,,,pH units,,,,17SWE07208,,08/23/2017 8:23 AM,122,1,,,,
Far,08/23/2017 8:24 AM,,,,,,,,,,,,,,,,,7.75,,,,,,,7.88,,"GREGOIRE LAKE, PROFILE",AB07CE0110,,,pH units,,,,17SWE07209,,08/23/2017 8:24 AM,122,1,,,,
Far,08/23/2017 8:25 AM,,,,,,,,,,,,,,,,,7.75,,,,,,,7.88,,"GREGOIRE LAKE, PROFILE",AB07CE0110,,,pH units,,,,17SWE07210,,08/23/2017 8:25 AM,122,1,,,,
Far,08/23/2017 8:26 AM,,,,,,,,,,,,,,,,,7.74,,,,,,,7.86,,"GREGOIRE LAKE, PROFILE",AB07CE0110,,,pH units,,,,17SWE07211,,08/23/2017 8:26 AM,122,1,,,,
Far,08/23/2017 8:27 AM,,,,,,,,,,,,,,,,,7.73,,,,,,,7.88,,"GREGOIRE LAKE, PROFILE",AB07CE0110,,,pH units,,,,17SWE07212,,08/23/2017 8:27 AM,122,1,,,,
Far,08/23/2017 8:28 AM,,,,,,,,,,,,,,,,,7.74,,,,,,,7.89,,"GREGOIRE LAKE, PROFILE",AB07CE0110,,,pH units,,,,17SWE07213,,08/23/2017 8:28 AM,122,1,,,,
Far,08/23/2017 8:29 AM,,,,,,,,,,,,,,,,,7.74,,,,,,,7.88,,"GREGOIRE LAKE, PROFILE",AB07CE0110,,,pH units,,,,17SWE07214,,08/23/2017 8:29 AM,122,1,,,,
Far,08/23/2017 8:30 AM,,,,,,,,,,,,,,,,,7.74,,,,,,,7.89,,"GREGOIRE LAKE, PROFILE",AB07CE0110,,,pH units,,,,17SWE07215,,08/23/2017 8:30 AM,122,1,,,,
Far,08/23/2017 8:31 AM,,,,,,,,,,,,,,,,,7.74,,,,,,,7.88,,"GREGOIRE LAKE, PROFILE",AB07CE0110,,,pH units,,,,17SWE07216,,08/23/2017 8:31 AM,122,1,,,,
Far,08/23/2017 8:32 AM,,8,,,,0.41,,0.014,0.37,0.54,,,0.76,,,,7.73,,,,0.181,,,7.86,,"GREGOIRE LAKE, PROFILE",AB07CE0110,,,ug/L,,,,17SWE07217,,08/23/2017 8:32 AM,17,1,,,,
Far,08/23/2017 8:33 AM,,,,,,,,,,,,,,,,,7.72,,,,,,,7.87,,"GREGOIRE LAKE, PROFILE",AB07CE0110,,,pH units,,,,17SWE07218,,08/23/2017 8:33 AM,122,1,,,,
Far,09/24/2017 8:04 AM,,,,,,,,,,,,,,,,,7.87,,,,,,,9.33,,"GREGOIRE LAKE, PROFILE",AB07CE0110,,,pH units,,,,17SWE14737,,09/24/2017 8:04 AM,122,1,,,,
Far,09/24/2017 8:05 AM,,,,,,,,,,,,,,,,,7.87,,,,,,,9.3,,"GREGOIRE LAKE, PROFILE",AB07CE0110,,,pH units,,,,17SWE14738,,09/24/2017 8:05 AM,122,1,,,,
Far,09/24/2017 8:06 AM,,,,,,,,,,,,,,,,,7.87,,,,,,,9.31,,"GREGOIRE LAKE, PROFILE",AB07CE0110,,,pH units,,,,17SWE14739,,09/24/2017 8:06 AM,122,1,,,,
Far,09/24/2017 8:07 AM,,,,,,,,,,,,,,,,,7.87,,,,,,,9.3,,"GREGOIRE LAKE, PROFILE",AB07CE0110,,,pH units,,,,17SWE14740,,09/24/2017 8:07 AM,122,1,,,,
Far,09/24/2017 8:08 AM,,,,,,,,,,,,,,,,,7.87,,,,,,,9.3,,"GREGOIRE LAKE, PROFILE",AB07CE0110,,,pH units,,,,17SWE14741,,09/24/2017 8:08 AM,122,1,,,,
Far,09/24/2017 8:09 AM,,,,,,,,,,,,,,,,,7.87,,,,,,,9.29,,"GREGOIRE LAKE, PROFILE",AB07CE0110,,,pH units,,,,17SWE14742,,09/24/2017 8:09 AM,122,1,,,,
Far,09/24/2017 8:10 AM,,,,,,,,,,,,,,,,,7.87,,,,,,,9.32,,"GREGOIRE LAKE, PROFILE",AB07CE0110,,,pH units,,,,17SWE14743,,09/24/2017 8:10 AM,122,1,,,,
Far,09/24/2017 8:11 AM,,,,,,,,,,,,,,,,,7.87,,,,,,,9.31,,"GREGOIRE LAKE, PROFILE",AB07CE0110,,,pH units,,,,17SWE14744,,09/24/2017 8:11 AM,122,1,,,,
Far,09/24/2017 8:12 AM,,,,,,,,,,,,,,,,,7.87,,,,,,,9.27,,"GREGOIRE LAKE, PROFILE",AB07CE0110,,,pH units,,,,17SWE14745,,09/24/2017 8:12 AM,122,1,,,,
Far,09/24/2017 8:13 AM,,,,,,,,,,,,,,,,,7.85,,,,,,,9.25,,"GREGOIRE LAKE, PROFILE",AB07CE0110,,,pH units,,,,17SWE14746,,09/24/2017 8:13 AM,122,1,,,,
Far,09/24/2017 8:14 AM,,,,,,,,,,,,,,,,,7.86,,,,,,,9.29,,"GREGOIRE LAKE, PROFILE",AB07CE0110,,,pH units,,,,17SWE14747,,09/24/2017 8:14 AM,122,1,,,,
Far,06/18/2021 8:48 AM,,,,,,,,,,,,,,,,,7.32,,,,,,,8.7,,"GREGOIRE LAKE, PROFILE",AB07CE0110,,,pH units,,,,21SWE00889,,06/18/2021 8:48 AM,122,1,,,,
Far,06/18/2021 8:49 AM,,,,,,,,,,,,,,,,,7.37,,,,,,,8.69,,"GREGOIRE LAKE, PROFILE",AB07CE0110,,,pH units,,,,21SWE00890,,06/18/2021 8:49 AM,122,1,,,,
Far,06/18/2021 8:50 AM,,,,,,,,,,,,,,,,,7.38,,,,,,,8.67,,"GREGOIRE LAKE, PROFILE",AB07CE0110,,,pH units,,,,21SWE00891,,06/18/2021 8:50 AM,122,1,,,,
Far,06/18/2021 8:51 AM,,,,,,,,,,,,,,,,,7.38,,,,,,,8.68,,"GREGOIRE LAKE, PROFILE",AB07CE0110,,,pH units,,,,21SWE00892,,06/18/2021 8:51 AM,122,1,,,,
Far,06/18/2021 8:52 AM,,,,,,,,,,,,,,,,,7.38,,,,,,,8.68,,"GREGOIRE LAKE, PROFILE",AB07CE0110,,,pH units,,,,21SWE00893,,06/18/2021 8:52 AM,122,1,,,,
Far,06/18/2021 8:53 AM,,,,,,,,,,,,,,,,,7.38,,,,,,,8.65,,"GREGOIRE LAKE, PROFILE",AB07CE0110,,,pH units,,,,21SWE00894,,06/18/2021 8:53 AM,122,1,,,,
Far,06/18/2021 8:54 AM,,,,,,,,,,,,,,,,,7.38,,,,,,,8.65,,"GREGOIRE LAKE, PROFILE",AB07CE0110,,,pH units,,,,21SWE00895,,06/18/2021 8:54 AM,122,1,,,,
Far,06/18/2021 8:55 AM,,,,,,,,,,,,,,,,,7.38,,,,,,,8.67,,"GREGOIRE LAKE, PROFILE",AB07CE0110,,,pH units,,,,21SWE00896,,06/18/2021 8:55 AM,122,1,,,,
Far,06/18/2021 8:56 AM,,,,,,,,,,,,,,,,,7.39,,,,,,,8.67,,"GREGOIRE LAKE, PROFILE",AB07CE0110,,,pH units,,,,21SWE00897,,06/18/2021 8:56 AM,122,1,,,,
Far,06/18/2021 8:57 AM,,,,,,,,,,,,,,,,,7.36,,,,,,,8.65,,"GREGOIRE LAKE, PROFILE",AB07CE0110,,,pH units,,,,21SWE00898,,06/18/2021 8:57 AM,122,1,,,,
Far,06/18/2021 8:58 AM,,,,,,,,,,,,,,,,,7.39,,,,,,,8.68,,"GREGOIRE LAKE, PROFILE",AB07CE0110,,,pH units,,,,21SWE00899,,06/18/2021 8:58 AM,122,1,,,,
Far,06/18/2021 8:59 AM,,,,,,,,,,,,,,,,,7.37,,,,,,,8.61,,"GREGOIRE LAKE, PROFILE",AB07CE0110,,,pH units,,,,21SWE00900,,06/18/2021 8:59 AM,122,1,,,,
Far,06/18/2021 9:00 AM,,,,,,,,,,,,,,,,,7.36,,,,,,,8.63,,"GREGOIRE LAKE, PROFILE",AB07CE0110,,,pH units,,,,21SWE00901,,06/18/2021 9:00 AM,122,1,,,,
Far,06/18/2021 9:01 AM,,,,,,,,,,,,,,,,,7.36,,,,,,,8.61,,"GREGOIRE LAKE, PROFILE",AB07CE0110,,,pH units,,,,21SWE00902,,06/18/2021 9:01 AM,122,1,,,,
Far,06/18/2021 9:02 AM,,,,,,,,,,,,,,,,,7.36,,,,,,,8.6,,"GREGOIRE LAKE, PROFILE",AB07CE0110,,,pH units,,,,21SWE00903,,06/18/2021 9:02 AM,122,1,,,,
Far,06/18/2021 9:03 AM,,,,,,,,,,,,,,,,,7.36,,,,,,,8.53,,"GREGOIRE LAKE, PROFILE",AB07CE0110,,,pH units,,,,21SWE00904,,06/18/2021 9:03 AM,122,1,,,,
Far,07/09/2021 2:38 PM,,,,,,,,,,,,,,,,,8.4,,,,,,,9.78,,"GREGOIRE LAKE, PROFILE",AB07CE0110,,,pH units,,,,21SWE00998,,07/09/2021 2:38 PM,122,1,,,,
Far,07/09/2021 2:39 PM,,,,,,,,,,,,,,,,,8.43,,,,,,,9.81,,"GREGOIRE LAKE, PROFILE",AB07CE0110,,,pH units,,,,21SWE00999,,07/09/2021 2:39 PM,122,1,,,,
Far,07/09/2021 2:40 PM,,,,,,,,,,,,,,,,,8.47,,,,,,,10.07,,"GREGOIRE LAKE, PROFILE",AB07CE0110,,,pH units,,,,21SWE01000,,07/09/2021 2:40 PM,122,1,,,,
Far,07/09/2021 2:41 PM,,,,,,,,,,,,,,,,,8.5,,,,,,,10.22,,"GREGOIRE LAKE, PROFILE",AB07CE0110,,,pH units,,,,21SWE01001,,07/09/2021 2:41 PM,122,1,,,,
Far,07/09/2021 2:42 PM,,,,,,,,,,,,,,,,,8.43,,,,,,,9.96,,"GREGOIRE LAKE, PROFILE",AB07CE0110,,,pH units,,,,21SWE01002,,07/09/2021 2:42 PM,122,1,,,,
Far,07/09/2021 2:43 PM,,,,,,,,,,,,,,,,,8.26,,,,,,,9.4,,"GREGOIRE LAKE, PROFILE",AB07CE0110,,,pH units,,,,21SWE01003,,07/09/2021 2:43 PM,122,1,,,,
Far,07/09/2021 2:44 PM,,,,,,,,,,,,,,,,,8.13,,,,,,,9.16,,"GREGOIRE LAKE, PROFILE",AB07CE0110,,,pH units,,,,21SWE01004,,07/09/2021 2:44 PM,122,1,,,,
Far,07/09/2021 2:45 PM,,,,,,,,,,,,,,,,,8.1,,,,,,,9.07,,"GREGOIRE LAKE, PROFILE",AB07CE0110,,,pH units,,,,21SWE01005,,07/09/2021 2:45 PM,122,1,,,,
Far,07/09/2021 2:46 PM,,,,,,,,,,,,,,,,,8.01,,,,,,,8.82,,"GREGOIRE LAKE, PROFILE",AB07CE0110,,,pH units,,,,21SWE01006,,07/09/2021 2:46 PM,122,1,,,,
Far,07/09/2021 2:47 PM,,,,,,,,,,,,,,,,,7.49,,,,,,,7.68,,"GREGOIRE LAKE, PROFILE",AB07CE0110,,,pH units,,,,21SWE01007,,07/09/2021 2:47 PM,122,1,,,,
Far,07/09/2021 2:48 PM,,,,,,,,,,,,,,,,,7.2,,,,,,,6.65,,"GREGOIRE LAKE, PROFILE",AB07CE0110,,,pH units,,,,21SWE01008,,07/09/2021 2:48 PM,122,1,,,,
Far,07/09/2021 2:49 PM,,,,,,,,,,,,,,,,,7.14,,,,,,,6.42,,"GREGOIRE LAKE, PROFILE",AB07CE0110,,,pH units,,,,21SWE01009,,07/09/2021 2:49 PM,122,1,,,,
Far,07/09/2021 2:50 PM,,,,,,,,,,,,,,,,,7.07,,,,,,,6.11,,"GREGOIRE LAKE, PROFILE",AB07CE0110,,,pH units,,,,21SWE01010,,07/09/2021 2:50 PM,122,1,,,,
Far,07/09/2021 2:51 PM,,,,,,,,,,,,,,,,,6.86,,,,,,,4.63,,"GREGOIRE LAKE, PROFILE",AB07CE0110,,,pH units,,,,21SWE01011,,07/09/2021 2:51 PM,122,1,,,,
Far,07/09/2021 2:52 PM,,,,,,,,,,,,,,,,,6.78,,,,,,,3.82,,"GREGOIRE LAKE, PROFILE",AB07CE0110,,,pH units,,,,21SWE01012,,07/09/2021 2:52 PM,122,1,,,,
Far,07/09/2021 2:53 PM,,,,,,,,,,,,,,,,,6.64,,,,,,,2.17,,"GREGOIRE LAKE, PROFILE",AB07CE0110,,,pH units,,,,21SWE01013,,07/09/2021 2:53 PM,122,1,,,,
Far,08/20/2021 2:30 PM,,,,,,,,,,,,,,,,,7.22,,,,,,,8.28,,"GREGOIRE LAKE, PROFILE",AB07CE0110,,,pH units,,,,21SWE01432,,08/20/2021 2:30 PM,122,1,,,,
Far,08/20/2021 2:31 PM,,,,,,,,,,,,,,,,,7.24,,,,,,,8.29,,"GREGOIRE LAKE, PROFILE",AB07CE0110,,,pH units,,,,21SWE01433,,08/20/2021 2:31 PM,122,1,,,,
Far,08/20/2021 2:32 PM,,,,,,,,,,,,,,,,,7.25,,,,,,,8.29,,"GREGOIRE LAKE, PROFILE",AB07CE0110,,,pH units,,,,21SWE01434,,08/20/2021 2:32 PM,122,1,,,,
Far,08/20/2021 2:33 PM,,,,,,,,,,,,,,,,,7.25,,,,,,,8.29,,"GREGOIRE LAKE, PROFILE",AB07CE0110,,,pH units,,,,21SWE01435,,08/20/2021 2:33 PM,122,1,,,,
Far,08/20/2021 2:34 PM,,,,,,,,,,,,,,,,,7.26,,,,,,,8.31,,"GREGOIRE LAKE, PROFILE",AB07CE0110,,,pH units,,,,21SWE01436,,08/20/2021 2:34 PM,122,1,,,,
Far,08/20/2021 2:35 PM,,,,,,,,,,,,,,,,,7.26,,,,,,,8.32,,"GREGOIRE LAKE, PROFILE",AB07CE0110,,,pH units,,,,21SWE01437,,08/20/2021 2:35 PM,122,1,,,,
Far,08/20/2021 2:36 PM,,,,,,,,,,,,,,,,,7.27,,,,,,,8.29,,"GREGOIRE LAKE, PROFILE",AB07CE0110,,,pH units,,,,21SWE01438,,08/20/2021 2:36 PM,122,1,,,,
Far,08/20/2021 2:37 PM,,,,,,,,,,,,,,,,,7.26,,,,,,,8.28,,"GREGOIRE LAKE, PROFILE",AB07CE0110,,,pH units,,,,21SWE01439,,08/20/2021 2:37 PM,122,1,,,,
Far,08/20/2021 2:38 PM,,,,,,,,,,,,,,,,,7.25,,,,,,,8.26,,"GREGOIRE LAKE, PROFILE",AB07CE0110,,,pH units,,,,21SWE01440,,08/20/2021 2:38 PM,122,1,,,,
Far,08/20/2021 2:39 PM,,,,,,,,,,,,,,,,,7.24,,,,,,,8.23,,"GREGOIRE LAKE, PROFILE",AB07CE0110,,,pH units,,,,21SWE01441,,08/20/2021 2:39 PM,122,1,,,,
Far,08/20/2021 2:40 PM,,,,,,,,,,,,,,,,,7.21,,,,,,,8.13,,"GREGOIRE LAKE, PROFILE",AB07CE0110,,,pH units,,,,21SWE01442,,08/20/2021 2:40 PM,122,1,,,,
Far,08/20/2021 2:41 PM,,,,,,,,,,,,,,,,,7.19,,,,,,,7.93,,"GREGOIRE LAKE, PROFILE",AB07CE0110,,,pH units,,,,21SWE01443,,08/20/2021 2:41 PM,122,1,,,,
Far,08/20/2021 2:42 PM,,,,,,,,,,,,,,,,,7.16,,,,,,,7.69,,"GREGOIRE LAKE, PROFILE",AB07CE0110,,,pH units,,,,21SWE01444,,08/20/2021 2:42 PM,122,1,,,,
Far,08/20/2021 2:43 PM,,,,,,,,,,,,,,,,,7.13,,,,,,,7.73,,"GREGOIRE LAKE, PROFILE",AB07CE0110,,,pH units,,,,21SWE01445,,08/20/2021 2:43 PM,122,1,,,,
Far,08/20/2021 2:44 PM,,,,,,,,,,,,,,,,,7.08,,,,,,,7.62,,"GREGOIRE LAKE, PROFILE",AB07CE0110,,,pH units,,,,21SWE01446,,08/20/2021 2:44 PM,122,1,,,,
Far,08/20/2021 2:45 PM,,,,,,,,,,,,,,,,,7.04,,,,,,,7.4,,"GREGOIRE LAKE, PROFILE",AB07CE0110,,,pH units,,,,21SWE01447,,08/20/2021 2:45 PM,122,1,,,,
Far,09/17/2021 1:45 PM,,,,,,,,,,,,,,,,,7.28,,,,,,,9.55,,"GREGOIRE LAKE, PROFILE",AB07CE0110,,,pH units,,,,21SWE01689,,09/17/2021 1:45 PM,122,1,,,,
Far,09/17/2021 1:46 PM,,,,,,,,,,,,,,,,,7.29,,,,,,,9.6,,"GREGOIRE LAKE, PROFILE",AB07CE0110,,,pH units,,,,21SWE01690,,09/17/2021 1:46 PM,122,1,,,,
Far,09/17/2021 1:47 PM,,,,,,,,,,,,,,,,,7.31,,,,,,,9.57,,"GREGOIRE LAKE, PROFILE",AB07CE0110,,,pH units,,,,21SWE01691,,09/17/2021 1:47 PM,122,1,,,,
Far,09/17/2021 1:48 PM,,,,,,,,,,,,,,,,,7.29,,,,,,,9.55,,"GREGOIRE LAKE, PROFILE",AB07CE0110,,,pH units,,,,21SWE01692,,09/17/2021 1:48 PM,122,1,,,,
Far,09/17/2021 1:49 PM,,,,,,,,,,,,,,,,,7.27,,,,,,,9.6,,"GREGOIRE LAKE, PROFILE",AB07CE0110,,,pH units,,,,21SWE01693,,09/17/2021 1:49 PM,122,1,,,,
Far,09/17/2021 1:50 PM,,,,,,,,,,,,,,,,,7.29,,,,,,,9.51,,"GREGOIRE LAKE, PROFILE",AB07CE0110,,,pH units,,,,21SWE01694,,09/17/2021 1:50 PM,122,1,,,,
Far,09/17/2021 1:51 PM,,,,,,,,,,,,,,,,,7.26,,,,,,,9.52,,"GREGOIRE LAKE, PROFILE",AB07CE0110,,,pH units,,,,21SWE01695,,09/17/2021 1:51 PM,122,1,,,,
Far,09/17/2021 1:52 PM,,,,,,,,,,,,,,,,,7.23,,,,,,,9.45,,"GREGOIRE LAKE, PROFILE",AB07CE0110,,,pH units,,,,21SWE01696,,09/17/2021 1:52 PM,122,1,,,,
Far,09/17/2021 1:53 PM,,,,,,,,,,,,,,,,,7.23,,,,,,,9.46,,"GREGOIRE LAKE, PROFILE",AB07CE0110,,,pH units,,,,21SWE01697,,09/17/2021 1:53 PM,122,1,,,,
Far,09/17/2021 1:54 PM,,,,,,,,,,,,,,,,,7.23,,,,,,,9.46,,"GREGOIRE LAKE, PROFILE",AB07CE0110,,,pH units,,,,21SWE01698,,09/17/2021 1:54 PM,122,1,,,,
Far,09/17/2021 1:55 PM,,,,,,,,,,,,,,,,,7.21,,,,,,,9.39,,"GREGOIRE LAKE, PROFILE",AB07CE0110,,,pH units,,,,21SWE01699,,09/17/2021 1:55 PM,122,1,,,,
Far,09/17/2021 1:56 PM,,,,,,,,,,,,,,,,,7.18,,,,,,,9.34,,"GREGOIRE LAKE, PROFILE",AB07CE0110,,,pH units,,,,21SWE01700,,09/17/2021 1:56 PM,122,1,,,,
Far,09/17/2021 1:57 PM,,,,,,,,,,,,,,,,,7.17,,,,,,,9.33,,"GREGOIRE LAKE, PROFILE",AB07CE0110,,,pH units,,,,21SWE01701,,09/17/2021 1:57 PM,122,1,,,,
Far,09/17/2021 1:58 PM,,,,,,,,,,,,,,,,,7.12,,,,,,,9.16,,"GREGOIRE LAKE, PROFILE",AB07CE0110,,,pH units,,,,21SWE01702,,09/17/2021 1:58 PM,122,1,,,,
Far,09/17/2021 1:59 PM,,,,,,,,,,,,,,,,,7.08,,,,,,,9.07,,"GREGOIRE LAKE, PROFILE",AB07CE0110,,,pH units,,,,21SWE01703,,09/17/2021 1:59 PM,122,1,,,,
Far,06/12/2025 8:30 AM,,,,,,,,,,,,,,,,,7.97,,,,,,,9.63,,"GREGOIRE LAKE, PROFILE",AB07CE0110,,,pH units,,,,25SWE01095,,06/12/2025 8:30 AM,122,1,,,,
Far,06/12/2025 8:31 AM,,,,,,,,,,,,,,,,,7.98,,,,,,,9.64,,"GREGOIRE LAKE, PROFILE",AB07CE0110,,,pH units,,,,25SWE01096,,06/12/2025 8:31 AM,122,1,,,,
Far,06/12/2025 8:32 AM,,,,,,,,,,,,,,,,,7.99,,,,,,,9.65,,"GREGOIRE LAKE, PROFILE",AB07CE0110,,,pH units,,,,25SWE01097,,06/12/2025 8:32 AM,122,1,,,,
Far,06/12/2025 8:33 AM,,,,,,,,,,,,,,,,,7.97,,,,,,,9.61,,"GREGOIRE LAKE, PROFILE",AB07CE0110,,,pH units,,,,25SWE01098,,06/12/2025 8:33 AM,122,1,,,,
Far,06/12/2025 8:34 AM,,,,,,,,,,,,,,,,,7.95,,,,,,,9.55,,"GREGOIRE LAKE, PROFILE",AB07CE0110,,,pH units,,,,25SWE01099,,06/12/2025 8:34 AM,122,1,,,,
Far,06/12/2025 8:35 AM,,,,,,,,,,,,,,,,,7.94,,,,,,,9.52,,"GREGOIRE LAKE, PROFILE",AB07CE0110,,,pH units,,,,25SWE01100,,06/12/2025 8:35 AM,122,1,,,,
Far,06/12/2025 8:36 AM,,,,,,,,,,,,,,,,,7.93,,,,,,,9.5,,"GREGOIRE LAKE, PROFILE",AB07CE0110,,,pH units,,,,25SWE01101,,06/12/2025 8:36 AM,122,1,,,,
Far,06/12/2025 8:37 AM,,,,,,,,,,,,,,,,,7.93,,,,,,,9.49,,"GREGOIRE LAKE, PROFILE",AB07CE0110,,,pH units,,,,25SWE01102,,06/12/2025 8:37 AM,122,1,,,,
Far,06/12/2025 8:38 AM,,,,,,,,,,,,,,,,,7.92,,,,,,,9.48,,"GREGOIRE LAKE, PROFILE",AB07CE0110,,,pH units,,,,25SWE01103,,06/12/2025 8:38 AM,122,1,,,,
Far,06/12/2025 8:39 AM,,,,,,,,,,,,,,,,,7.92,,,,,,,9.47,,"GREGOIRE LAKE, PROFILE",AB07CE0110,,,pH units,,,,25SWE01104,,06/12/2025 8:39 AM,122,1,,,,
Far,06/12/2025 8:40 AM,,,,,,,,,,,,,,,,,7.92,,,,,,,9.46,,"GREGOIRE LAKE, PROFILE",AB07CE0110,,,pH units,,,,25SWE01105,,06/12/2025 8:40 AM,122,1,,,,
Far,06/12/2025 8:41 AM,,,,,,,,,,,,,,,,,7.92,,,,,,,9.47,,"GREGOIRE LAKE, PROFILE",AB07CE0110,,,pH units,,,,25SWE01106,,06/12/2025 8:41 AM,122,1,,,,
Far,06/12/2025 8:42 AM,,,,,,,,,,,,,,,,,7.92,,,,,,,9.47,,"GREGOIRE LAKE, PROFILE",AB07CE0110,,,pH units,,,,25SWE01107,,06/12/2025 8:42 AM,122,1,,,,
Far,06/12/2025 8:43 AM,,,,,,,,,,,,,,,,,7.92,,,,,,,9.47,,"GREGOIRE LAKE, PROFILE",AB07CE0110,,,pH units,,,,25SWE01108,,06/12/2025 8:43 AM,122,1,,,,
Far,07/14/2025 8:40 AM,,,,,,,,,,,,,,,,,7.97,,,,,,,8.9,,"GREGOIRE LAKE, PROFILE",AB07CE0110,,,pH units,,,,25SWE01320,,07/14/2025 8:40 AM,122,1,,,,
Far,07/14/2025 8:41 AM,,,,,,,,,,,,,,,,,7.97,,,,,,,8.91,,"GREGOIRE LAKE, PROFILE",AB07CE0110,,,pH units,,,,25SWE01321,,07/14/2025 8:41 AM,122,1,,,,
Far,07/14/2025 8:42 AM,,,,,,,,,,,,,,,,,7.96,,,,,,,8.9,,"GREGOIRE LAKE, PROFILE",AB07CE0110,,,pH units,,,,25SWE01322,,07/14/2025 8:42 AM,122,1,,,,
Far,07/14/2025 8:43 AM,,,,,,,,,,,,,,,,,7.95,,,,,,,8.87,,"GREGOIRE LAKE, PROFILE",AB07CE0110,,,pH units,,,,25SWE01323,,07/14/2025 8:43 AM,122,1,,,,
Far,07/14/2025 8:44 AM,,,,,,,,,,,,,,,,,7.95,,,,,,,8.88,,"GREGOIRE LAKE, PROFILE",AB07CE0110,,,pH units,,,,25SWE01324,,07/14/2025 8:44 AM,122,1,,,,
Far,07/14/2025 8:45 AM,,,,,,,,,,,,,,,,,7.95,,,,,,,8.88,,"GREGOIRE LAKE, PROFILE",AB07CE0110,,,pH units,,,,25SWE01325,,07/14/2025 8:45 AM,122,1,,,,
Far,07/14/2025 8:46 AM,,,,,,,,,,,,,,,,,7.94,,,,,,,8.89,,"GREGOIRE LAKE, PROFILE",AB07CE0110,,,pH units,,,,25SWE01326,,07/14/2025 8:46 AM,122,1,,,,
Far,07/14/2025 8:47 AM,,,,,,,,,,,,,,,,,7.94,,,,,,,8.88,,"GREGOIRE LAKE, PROFILE",AB07CE0110,,,pH units,,,,25SWE01327,,07/14/2025 8:47 AM,122,1,,,,
Far,07/14/2025 8:48 AM,,,,,,,,,,,,,,,,,7.94,,,,,,,8.89,,"GREGOIRE LAKE, PROFILE",AB07CE0110,,,pH units,,,,25SWE01328,,07/14/2025 8:48 AM,122,1,,,,
Far,07/14/2025 8:49 AM,,,,,,,,,,,,,,,,,7.94,,,,,,,8.89,,"GREGOIRE LAKE, PROFILE",AB07CE0110,,,pH units,,,,25SWE01329,,07/14/2025 8:49 AM,122,1,,,,
Far,07/14/2025 8:50 AM,,,,,,,,,,,,,,,,,7.93,,,,,,,8.89,,"GREGOIRE LAKE, PROFILE",AB07CE0110,,,pH units,,,,25SWE01330,,07/14/2025 8:50 AM,122,1,,,,
Far,07/14/2025 8:51 AM,,,,,,,,,,,,,,,,,7.93,,,,,,,8.9,,"GREGOIRE LAKE, PROFILE",AB07CE0110,,,pH units,,,,25SWE01331,,07/14/2025 8:51 AM,122,1,,,,
Far,07/14/2025 8:52 AM,,,,,,,,,,,,,,,,,7.91,,,,,,,8.86,,"GREGOIRE LAKE, PROFILE",AB07CE0110,,,pH units,,,,25SWE01332,,07/14/2025 8:52 AM,122,1,,,,
Far,07/14/2025 8:53 AM,,,,,,,,,,,,,,,,,7.9,,,,,,,8.84,,"GREGOIRE LAKE, PROFILE",AB07CE0110,,,pH units,,,,25SWE01333,,07/14/2025 8:53 AM,122,1,,,,
Far,07/14/2025 8:54 AM,,,,,,,,,,,,,,,,,7.89,,,,,,,8.8,,"GREGOIRE LAKE, PROFILE",AB07CE0110,,,pH units,,,,25SWE01334,,07/14/2025 8:54 AM,122,1,,,,
Far,08/20/2025 8:30 AM,,,,,,,,,,,,,,,,,8.16,,,,,,,9.88,,"GREGOIRE LAKE, PROFILE",AB07CE0110,,,pH units,,,,25SWE01562,,08/20/2025 8:30 AM,122,1,,,,
Far,08/20/2025 8:32 AM,,,,,,,,,,,,,,,,,8.15,,,,,,,9.9,,"GREGOIRE LAKE, PROFILE",AB07CE0110,,,pH units,,,,25SWE01564,,08/20/2025 8:32 AM,122,1,,,,
Far,08/20/2025 8:33 AM,,,,,,,,,,,,,,,,,8.14,,,,,,,9.89,,"GREGOIRE LAKE, PROFILE",AB07CE0110,,,pH units,,,,25SWE01565,,08/20/2025 8:33 AM,122,1,,,,
Far,08/20/2025 8:34 AM,,,,,,,,,,,,,,,,,8.12,,,,,,,9.89,,"GREGOIRE LAKE, PROFILE",AB07CE0110,,,pH units,,,,25SWE01566,,08/20/2025 8:34 AM,122,1,,,,
Far,08/20/2025 8:35 AM,,,,,,,,,,,,,,,,,7.96,,,,,,,9.42,,"GREGOIRE LAKE, PROFILE",AB07CE0110,,,pH units,,,,25SWE01567,,08/20/2025 8:35 AM,122,1,,,,
Far,08/20/2025 8:36 AM,,,,,,,,,,,,,,,,,7.75,,,,,,,8.79,,"GREGOIRE LAKE, PROFILE",AB07CE0110,,,pH units,,,,25SWE01568,,08/20/2025 8:36 AM,122,1,,,,
Far,08/20/2025 8:37 AM,,,,,,,,,,,,,,,,,7.64,,,,,,,8.36,,"GREGOIRE LAKE, PROFILE",AB07CE0110,,,pH units,,,,25SWE01569,,08/20/2025 8:37 AM,122,1,,,,
Far,08/20/2025 8:38 AM,,,,,,,,,,,,,,,,,7.57,,,,,,,8.1,,"GREGOIRE LAKE, PROFILE",AB07CE0110,,,pH units,,,,25SWE01570,,08/20/2025 8:38 AM,122,1,,,,
Far,08/20/2025 8:39 AM,,,,,,,,,,,,,,,,,7.5,,,,,,,7.79,,"GREGOIRE LAKE, PROFILE",AB07CE0110,,,pH units,,,,25SWE01571,,08/20/2025 8:39 AM,122,1,,,,
Far,08/20/2025 8:40 AM,,,,,,,,,,,,,,,,,7.45,,,,,,,7.56,,"GREGOIRE LAKE, PROFILE",AB07CE0110,,,pH units,,,,25SWE01572,,08/20/2025 8:40 AM,122,1,,,,
Far,08/20/2025 8:41 AM,,,,,,,,,,,,,,,,,7.44,,,,,,,7.57,,"GREGOIRE LAKE, PROFILE",AB07CE0110,,,pH units,,,,25SWE01573,,08/20/2025 8:41 AM,122,1,,,,
Far,08/20/2025 8:42 AM,,,,,,,,,,,,,,,,,7.4,,,,,,,7.26,,"GREGOIRE LAKE, PROFILE",AB07CE0110,,,pH units,,,,25SWE01574,,08/20/2025 8:42 AM,122,1,,,,
Far,08/20/2025 8:43 AM,,,,,,,,,,,,,,,,,7.34,,,,,,,6.69,,"GREGOIRE LAKE, PROFILE",AB07CE0110,,,pH units,,,,25SWE01575,,08/20/2025 8:43 AM,122,1,,,,
Far,08/20/2025 8:44 AM,,,,,,,,,,,,,,,,,7.26,,,,,,,6.29,,"GREGOIRE LAKE, PROFILE",AB07CE0110,,,pH units,,,,25SWE01576,,08/20/2025 8:44 AM,122,1,,,,
Far,08/20/2025 9:00 AM,,10.6,,,,0.53,,0.012,,,,,0.86,,,,8.15,,,,0.146,,,9.9,,"GREGOIRE LAKE, PROFILE",AB07CE0110,,,ug/L,,,,25SWE01563,,08/20/2025 9:00 AM,16,1,,,,
Far,10/06/2025 12:10 PM,,,,,,,,,,,,,,,,,7.72,,,,,,,10.46,,"GREGOIRE LAKE, PROFILE",AB07CE0110,,,pH units,,,,25SWE03906,,10/06/2025 12:10 PM,122,1,,,,
Far,10/06/2025 12:11 PM,,,,,,,,,,,,,,,,,7.74,,,,,,,10.38,,"GREGOIRE LAKE, PROFILE",AB07CE0110,,,pH units,,,,25SWE03907,,10/06/2025 12:11 PM,122,1,,,,
Far,10/06/2025 12:12 PM,,,,,,,,,,,,,,,,,7.77,,,,,,,10.36,,"GREGOIRE LAKE, PROFILE",AB07CE0110,,,pH units,,,,25SWE03908,,10/06/2025 12:12 PM,122,1,,,,
Far,10/06/2025 12:13 PM,,,,,,,,,,,,,,,,,7.78,,,,,,,10.37,,"GREGOIRE LAKE, PROFILE",AB07CE0110,,,pH units,,,,25SWE03909,,10/06/2025 12:13 PM,122,1,,,,
Far,10/06/2025 12:14 PM,,,,,,,,,,,,,,,,,7.78,,,,,,,10.38,,"GREGOIRE LAKE, PROFILE",AB07CE0110,,,pH units,,,,25SWE03910,,10/06/2025 12:14 PM,122,1,,,,
Far,10/06/2025 12:15 PM,,,,,,,,,,,,,,,,,7.78,,,,,,,10.37,,"GREGOIRE LAKE, PROFILE",AB07CE0110,,,pH units,,,,25SWE03911,,10/06/2025 12:15 PM,122,1,,,,
Far,10/06/2025 12:16 PM,,,,,,,,,,,,,,,,,7.78,,,,,,,10.37,,"GREGOIRE LAKE, PROFILE",AB07CE0110,,,pH units,,,,25SWE03912,,10/06/2025 12:16 PM,122,1,,,,
Far,10/06/2025 12:17 PM,,,,,,,,,,,,,,,,,7.77,,,,,,,10.35,,"GREGOIRE LAKE, PROFILE",AB07CE0110,,,pH units,,,,25SWE03913,,10/06/2025 12:17 PM,122,1,,,,
Far,10/06/2025 12:18 PM,,,,,,,,,,,,,,,,,7.77,,,,,,,10.36,,"GREGOIRE LAKE, PROFILE",AB07CE0110,,,pH units,,,,25SWE03914,,10/06/2025 12:18 PM,122,1,,,,
Far,10/06/2025 12:19 PM,,,,,,,,,,,,,,,,,7.76,,,,,,,10.34,,"GREGOIRE LAKE, PROFILE",AB07CE0110,,,pH units,,,,25SWE03915,,10/06/2025 12:19 PM,122,1,,,,
Far,10/06/2025 12:20 PM,,,,,,,,,,,,,,,,,7.75,,,,,,,10.32,,"GREGOIRE LAKE, PROFILE",AB07CE0110,,,pH units,,,,25SWE03916,,10/06/2025 12:20 PM,122,1,,,,
Far,10/06/2025 12:21 PM,,,,,,,,,,,,,,,,,7.74,,,,,,,10.3,,"GREGOIRE LAKE, PROFILE",AB07CE0110,,,pH units,,,,25SWE03917,,10/06/2025 12:21 PM,122,1,,,,
Far,10/06/2025 12:22 PM,,,,,,,,,,,,,,,,,7.73,,,,,,,10.28,,"GREGOIRE LAKE, PROFILE",AB07CE0110,,,pH units,,,,25SWE03918,,10/06/2025 12:22 PM,122,1,,,,
Far,10/06/2025 12:23 PM,,,,,,,,,,,,,,,,,7.72,,,,,,,10.27,,"GREGOIRE LAKE, PROFILE",AB07CE0110,,,pH units,,,,25SWE03919,,10/06/2025 12:23 PM,122,1,,,,
Far,10/06/2025 12:24 PM,,,,,,,,,,,,,,,,,7.71,,,,,,,10.26,,"GREGOIRE LAKE, PROFILE",AB07CE0110,,,pH units,,,,25SWE03920,,10/06/2025 12:24 PM,122,1,,,,
Far,03/12/1980 11:35 AM,,,21.1,,,,,,,,,,,,1.04,7.5,8.05,0.053,,,,,,,,"GREGOIRE LAKE, SITE C-CENTRE OF LAKE WEST OF ISLAND - GRAB",AB07CE0330,,,mg/L,,,,80AB009080,,03/12/1980 11:35 AM,,1,,,,
Far,03/31/1980 11:00 AM,,,21.8,,,,,,,,,,,,0.9,6.95,,0.029,,,,,,9.4,,"GREGOIRE LAKE, SITE C-CENTRE OF LAKE WEST OF ISLAND - GRAB",AB07CE0330,,,mg/L,,,,80AB009081,,03/31/1980 11:00 AM,,1,,,,
Far,05/07/1980 10:15 AM,,,15.5,,,,,,,,,,,,0.82,7.3,7.52,0.042,,,,,,10.4,,"GREGOIRE LAKE, SITE C-CENTRE OF LAKE WEST OF ISLAND - GRAB",AB07CE0330,,,mg/L,,,,80AB009082,,05/07/1980 10:15 AM,,1,,,,
Far,06/10/1980 12:50 PM,,,15,,,,,,,,,,,,1,6.85,7.9,0.035,,,,,,9.8,,"GREGOIRE LAKE, SITE C-CENTRE OF LAKE WEST OF ISLAND - GRAB",AB07CE0330,,,mg/L,,,,80AB009083,,06/10/1980 12:50 PM,,1,,,,
Far,07/07/1980 12:45 PM,,,15.5,,,,,,,,,,,,0.94,7.64,7.6,0.055,,,,,,8.45,,"GREGOIRE LAKE, SITE C-CENTRE OF LAKE WEST OF ISLAND - GRAB",AB07CE0330,,,mg/L,,,,80AB009084,,07/07/1980 12:45 PM,,1,,,,
Far,07/24/1980 11:03 AM,,,16.7,,,,,,,,,,,,,,7.35,0.05,,,,,,8.9,,"GREGOIRE LAKE, SITE C-CENTRE OF LAKE WEST OF ISLAND - GRAB",AB07CE0330,,,mg/L,,,,80AB009085,,07/24/1980 11:03 AM,,1,,,,
Far,08/05/1980 11:15 AM,,,15.8,,,,,,,,,,,,0.99,7.37,7.4,0.085,,,,,,8.7,,"GREGOIRE LAKE, SITE C-CENTRE OF LAKE WEST OF ISLAND - GRAB",AB07CE0330,,,mg/L,,,,80AB009086,,08/05/1980 11:15 AM,,1,,,,
Far,08/21/1980 11:40 AM,,,14.8,,,,,,,,,,,,,,7.6,0.055,,,,,,7.1,,"GREGOIRE LAKE, SITE C-CENTRE OF LAKE WEST OF ISLAND - GRAB",AB07CE0330,,,mg/L,,,,80AB009087,,08/21/1980 11:40 AM,,1,,,,
Far,09/09/1980 12:00 PM,,,15,,,,,,,,,,,,0.66,6.92,7.4,0.047,,,,,,10.1,,"GREGOIRE LAKE, SITE C-CENTRE OF LAKE WEST OF ISLAND - GRAB",AB07CE0330,,,mg/L,,,,80AB009088,,09/09/1980 12:00 PM,,1,,,,
Far,10/07/1980 11:00 AM,,,13.9,,,,,,,,,,,,0.68,6.79,,0.033,,,,,,9.2,,"GREGOIRE LAKE, SITE C-CENTRE OF LAKE WEST OF ISLAND - GRAB",AB07CE0330,,,mg/L,,,,80AB009090,,10/07/1980 11:00 AM,,1,,,,
Far,11/04/1980 10:35 AM,,,13.3,,,,,,,,,,,,0.64,7.85,8,0.028,,,,,,6.7,,"GREGOIRE LAKE, SITE C-CENTRE OF LAKE WEST OF ISLAND - GRAB",AB07CE0330,,,mg/L,,,,80AB009092,,11/04/1980 10:35 AM,,1,,,,
Far,01/27/1981 1:50 PM,,,17.8,,,,,,,,,,,,0.5,7.36,,0.019,,,,,,,,"GREGOIRE LAKE, SITE C-CENTRE OF LAKE WEST OF ISLAND - GRAB",AB07CE0330,,,mg/L,,,,81AB008146,,01/27/1981 1:50 PM,,1,,,,
Far,03/03/1981 3:10 PM,,,18.4,,,,,,,,,,,,0.6,7.36,7.85,0.018,,,0.001,,,,,"GREGOIRE LAKE, SITE C-CENTRE OF LAKE WEST OF ISLAND - GRAB",AB07CE0330,,,mg/L,,,,81AB008147,,03/03/1981 3:10 PM,,1,,,,
Far,03/31/1981 3:30 PM,,,11.4,,,,,,,,,,,,0.46,7.79,,0.02,,,,,,10.2,,"GREGOIRE LAKE, SITE C-CENTRE OF LAKE WEST OF ISLAND - GRAB",AB07CE0330,,,mg/L,,,,81AB008148,,03/31/1981 3:30 PM,,1,,,,
Far,05/21/1981 2:20 PM,,,15,,,,,,,,,,,,0.65,7.29,7.5,0.029,,,,,,12,,"GREGOIRE LAKE, SITE C-CENTRE OF LAKE WEST OF ISLAND - GRAB",AB07CE0330,,,mg/L,,,,81AB008149,,05/21/1981 2:20 PM,,1,,,,
Far,06/11/1981 1:10 PM,,,15.9,,,,,,,0.0002,,,,,0.8,8.3,7.15,0.036,,,,,,9.55,,"GREGOIRE LAKE, SITE C-CENTRE OF LAKE WEST OF ISLAND - GRAB",AB07CE0330,,,mg/L,,,,81AB008150,,06/11/1981 1:10 PM,,1,,,,
Far,06/22/1981 1:17 PM,,,14.2,,,,,,,,,,,,,,7.05,0.056,,,,,,9.8,,"GREGOIRE LAKE, SITE C-CENTRE OF LAKE WEST OF ISLAND - GRAB",AB07CE0330,,,mg/L,,,,81AB008151,,06/22/1981 1:17 PM,,1,,,,
Far,07/09/1981 1:36 PM,,,13.7,,,,,,,,,,,,0.75,6.92,8.15,0.038,,,,,,9.8,,"GREGOIRE LAKE, SITE C-CENTRE OF LAKE WEST OF ISLAND - GRAB",AB07CE0330,,,mg/L,,,,81AB008152,,07/09/1981 1:36 PM,,1,,,,
Far,07/20/1981 11:17 AM,,,15.5,,,,,,,,,,,,,7.19,8.4,0.04,,,,,,9.2,,"GREGOIRE LAKE, SITE C-CENTRE OF LAKE WEST OF ISLAND - GRAB",AB07CE0330,,,mg/L,,,,81AB008153,,07/20/1981 11:17 AM,,1,,,,
Far,08/06/1981 12:00 PM,,,14.7,,,,,,,,,,,,,,7.75,0.048,,,,,,8.4,,"GREGOIRE LAKE, SITE C-CENTRE OF LAKE WEST OF ISLAND - GRAB",AB07CE0330,,,mg/L,,,,81AB008154,,08/06/1981 12:00 PM,,1,,,,
Far,08/17/1981 11:49 AM,,,14,,,,,,,,,,,,0.62,7.53,7.4,0.058,,,,,,8.3,,"GREGOIRE LAKE, SITE C-CENTRE OF LAKE WEST OF ISLAND - GRAB",AB07CE0330,,,mg/L,,,,81AB008155,,08/17/1981 11:49 AM,,1,,,,
Far,09/02/1981 12:00 PM,,,14.2,,,,,,,,,,,,,,7.75,0.057,,,,,,8.4,,"GREGOIRE LAKE, SITE C-CENTRE OF LAKE WEST OF ISLAND - GRAB",AB07CE0330,,,mg/L,,,,81AB008156,,09/02/1981 12:00 PM,,1,,,,
Far,06/14/1982 4:00 PM,,,16.8,,,,,,,0.0001,,,,,0.54,7.64,,0.023,,,,,,,,"GREGOIRE LAKE, SITE C-CENTRE OF LAKE WEST OF ISLAND - GRAB",AB07CE0330,,,mg/L,,,,82AB004763,,06/14/1982 4:00 PM,,1,,,,
Far,08/23/1982 11:00 AM,,,14.3,,,,,,,,,,,,0.75,7.74,8.15,0.038,,,,,,,,"GREGOIRE LAKE, SITE C-CENTRE OF LAKE WEST OF ISLAND - GRAB",AB07CE0330,,,mg/L,,,,82AB004764,,08/23/1982 11:00 AM,,1,,,,
Far,03/12/1980 1:35 PM,,,23.6,,,,,,,,,,,,1.1,7.48,8.3,0.042,,,,,,,,"GREGOIRE LAKE, SITE D-0.75 MILES NORTH OF SOUTH SHORE OF COTTAGE DEVELOPMENT - GRAB",AB07CE0320,,,mg/L,,,,80AB009068,,03/12/1980 1:35 PM,,1,,,,
Far,03/31/1980 12:55 PM,,,22.2,,,,,,,,,,,,0.82,7.07,,0.025,,,,,,9.2,,"GREGOIRE LAKE, SITE D-0.75 MILES NORTH OF SOUTH SHORE OF COTTAGE DEVELOPMENT - GRAB",AB07CE0320,,,mg/L,,,,80AB009069,,03/31/1980 12:55 PM,,1,,,,
Far,05/07/1980 11:50 AM,,,16,,,,,,,,,,,,0.66,7.16,7.7,0.044,,,,,,10.6,,"GREGOIRE LAKE, SITE D-0.75 MILES NORTH OF SOUTH SHORE OF COTTAGE DEVELOPMENT - GRAB",AB07CE0320,,,mg/L,,,,80AB009070,,05/07/1980 11:50 AM,,1,,,,
Far,06/10/1980 2:50 PM,,,15.2,,,,,,,,,,,,0.65,6.8,7.7,0.035,,,,,,9.6,,"GREGOIRE LAKE, SITE D-0.75 MILES NORTH OF SOUTH SHORE OF COTTAGE DEVELOPMENT - GRAB",AB07CE0320,,,mg/L,,,,80AB009071,,06/10/1980 2:50 PM,,1,,,,
Far,07/07/1980 3:10 PM,,,15.5,,,,,,,,,,,,0.9,7.25,7.5,0.035,,,,,,7.4,,"GREGOIRE LAKE, SITE D-0.75 MILES NORTH OF SOUTH SHORE OF COTTAGE DEVELOPMENT - GRAB",AB07CE0320,,,mg/L,,,,80AB009072,,07/07/1980 3:10 PM,,1,,,,
Far,07/24/1980 1:05 PM,,,16.7,,,,,,,,,,,,,,7.2,0.055,,,,,,7.2,,"GREGOIRE LAKE, SITE D-0.75 MILES NORTH OF SOUTH SHORE OF COTTAGE DEVELOPMENT - GRAB",AB07CE0320,,,mg/L,,,,80AB009073,,07/24/1980 1:05 PM,,1,,,,
Far,08/05/1980 12:40 PM,,,15.3,,,,,,,0.0001,,,,,1.02,7.83,7.7,0.045,,,,,,9.9,,"GREGOIRE LAKE, SITE D-0.75 MILES NORTH OF SOUTH SHORE OF COTTAGE DEVELOPMENT - GRAB",AB07CE0320,,,mg/L,,,,80AB009074,,08/05/1980 12:40 PM,,1,,,,
Far,08/21/1980 1:40 PM,,,14.8,,,,,,,,,,,,,,7.8,0.06,,,,,,8.5,,"GREGOIRE LAKE, SITE D-0.75 MILES NORTH OF SOUTH SHORE OF COTTAGE DEVELOPMENT - GRAB",AB07CE0320,,,mg/L,,,,80AB009075,,08/21/1980 1:40 PM,,1,,,,
Far,09/09/1980 2:10 PM,,,15,,,,,,,,,,,,0.66,6.98,7.4,0.058,,,,,,10.9,,"GREGOIRE LAKE, SITE D-0.75 MILES NORTH OF SOUTH SHORE OF COTTAGE DEVELOPMENT - GRAB",AB07CE0320,,,mg/L,,,,80AB009077,,09/09/1980 2:10 PM,,1,,,,
Far,10/07/1980 12:40 PM,,,13.2,,,,,,,,,,,,0.64,6.71,,0.035,,,,,,10.9,,"GREGOIRE LAKE, SITE D-0.75 MILES NORTH OF SOUTH SHORE OF COTTAGE DEVELOPMENT - GRAB",AB07CE0320,,,mg/L,,,,80AB009078,,10/07/1980 12:40 PM,,1,,,,
Far,11/04/1980 12:20 PM,,,13.7,,,,,,,,,,,,1.14,7.01,7.75,0.033,,,,,,6.7,,"GREGOIRE LAKE, SITE D-0.75 MILES NORTH OF SOUTH SHORE OF COTTAGE DEVELOPMENT - GRAB",AB07CE0320,,,mg/L,,,,80AB009079,,11/04/1980 12:20 PM,,1,,,,
Far,01/27/1981 1:20 PM,,,17.8,,,,,,,,,,,,0.6,7.59,,0.014,,,,,,,,"GREGOIRE LAKE, SITE D-0.75 MILES NORTH OF SOUTH SHORE OF COTTAGE DEVELOPMENT - GRAB",AB07CE0320,,,mg/L,,,,81AB008134,,01/27/1981 1:20 PM,,1,,,,
Far,03/03/1981 4:10 PM,,,18.8,,,,,,,,,,,,0.68,7.28,7.4,0.018,,,,,,,,"GREGOIRE LAKE, SITE D-0.75 MILES NORTH OF SOUTH SHORE OF COTTAGE DEVELOPMENT - GRAB",AB07CE0320,,,mg/L,,,,81AB008135,,03/03/1981 4:10 PM,,1,,,,
Far,03/31/1981 4:45 PM,,,12,,,,,,,,,,,,0.6,7.63,,0.013,,,,,,12.2,,"GREGOIRE LAKE, SITE D-0.75 MILES NORTH OF SOUTH SHORE OF COTTAGE DEVELOPMENT - GRAB",AB07CE0320,,,mg/L,,,,81AB008136,,03/31/1981 4:45 PM,,1,,,,
Far,05/21/1981 3:20 PM,,,14.7,,,,,,,,,,,,0.81,6.88,7.55,0.025,,,,,,11,,"GREGOIRE LAKE, SITE D-0.75 MILES NORTH OF SOUTH SHORE OF COTTAGE DEVELOPMENT - GRAB",AB07CE0320,,,mg/L,,,,81AB008138,,05/21/1981 3:20 PM,,1,,,,
Far,06/11/1981 2:00 PM,,,15.3,,,,,,,0.0002,,,,,0.65,7.28,7.7,0.025,,,,,,9.8,,"GREGOIRE LAKE, SITE D-0.75 MILES NORTH OF SOUTH SHORE OF COTTAGE DEVELOPMENT - GRAB",AB07CE0320,,,mg/L,,,,81AB008139,,06/11/1981 2:00 PM,,1,,,,
Far,06/22/1981 1:58 PM,,,14.3,,,,,,,,,,,,,,8.15,0.03,,,,,,10,,"GREGOIRE LAKE, SITE D-0.75 MILES NORTH OF SOUTH SHORE OF COTTAGE DEVELOPMENT - GRAB",AB07CE0320,,,mg/L,,,,81AB008140,,06/22/1981 1:58 PM,,1,,,,
Far,07/09/1981 2:00 PM,,,12.9,,,,,,,,,,,,0.99,6.74,8.3,0.053,,,,,,10.6,,"GREGOIRE LAKE, SITE D-0.75 MILES NORTH OF SOUTH SHORE OF COTTAGE DEVELOPMENT - GRAB",AB07CE0320,,,mg/L,,,,81AB008141,,07/09/1981 2:00 PM,,1,,,,
Far,07/20/1981 12:30 PM,,,16.1,,,,,,,,,,,,,,8.15,0.048,,,,,,7.5,,"GREGOIRE LAKE, SITE D-0.75 MILES NORTH OF SOUTH SHORE OF COTTAGE DEVELOPMENT - GRAB",AB07CE0320,,,mg/L,,,,81AB008142,,07/20/1981 12:30 PM,,1,,,,
Far,08/06/1981 2:30 PM,,,14.7,,,,,,,,,,,,,,7.75,0.042,,,,,,10.2,,"GREGOIRE LAKE, SITE D-0.75 MILES NORTH OF SOUTH SHORE OF COTTAGE DEVELOPMENT - GRAB",AB07CE0320,,,mg/L,,,,81AB008143,,08/06/1981 2:30 PM,,1,,,,
Far,08/17/1981 12:30 PM,,,13.8,,,,,,,,,,,,0.83,7.25,7.5,0.11,,,,,,8.3,,"GREGOIRE LAKE, SITE D-0.75 MILES NORTH OF SOUTH SHORE OF COTTAGE DEVELOPMENT - GRAB",AB07CE0320,,,mg/L,,,,81AB008144,,08/17/1981 12:30 PM,,1,,,,
Far,09/02/1981 12:30 PM,,,13.9,,,,,,,,,,,,,,7.7,0.046,,,,,,8.7,,"GREGOIRE LAKE, SITE D-0.75 MILES NORTH OF SOUTH SHORE OF COTTAGE DEVELOPMENT - GRAB",AB07CE0320,,,mg/L,,,,81AB008145,,09/02/1981 12:30 PM,,1,,,,
Far,03/12/1980 10:35 AM,,,27.7,,,,,,,,,,,,1.64,7.52,7.6,0.074,,,,,,,,"GREGOIRE LAKE, SITE E-EAST BASIN GRAB",AB07CE0340,,,mg/L,,,,80AB009093,,03/12/1980 10:35 AM,,1,,,,
Far,03/31/1980 10:30 AM,,,28.6,,,,,,,,,,,,1.16,6.83,,0.054,,,,,,6.4,,"GREGOIRE LAKE, SITE E-EAST BASIN GRAB",AB07CE0340,,,mg/L,,,,80AB009094,,03/31/1980 10:30 AM,,1,,,,
Far,05/07/1980 11:10 AM,,,15.5,,,,,,,,,,,,1.02,7.22,7.75,0.05,,,,,,10,,"GREGOIRE LAKE, SITE E-EAST BASIN GRAB",AB07CE0340,,,mg/L,,,,80AB009095,,05/07/1980 11:10 AM,,1,,,,
Far,06/10/1980 3:38 PM,,,15.2,,,,,,,0.0005,,,,,0.9,7.1,7.4,0.05,,,,,,9.2,,"GREGOIRE LAKE, SITE E-EAST BASIN GRAB",AB07CE0340,,,mg/L,,,,80AB009096,,06/10/1980 3:38 PM,,1,,,,
Far,07/07/1980 3:30 PM,,,12,,,,,,,,,,,,1.64,7.37,7.6,0.035,,,,,,7.8,,"GREGOIRE LAKE, SITE E-EAST BASIN GRAB",AB07CE0340,,,mg/L,,,,80AB009097,,07/07/1980 3:30 PM,,1,,,,
Far,07/24/1980 12:00 PM,,,16.6,,,,,,,,,,,,,,7.4,0.055,,,,,,8.9,,"GREGOIRE LAKE, SITE E-EAST BASIN GRAB",AB07CE0340,,,mg/L,,,,80AB009098,,07/24/1980 12:00 PM,,1,,,,
Far,08/05/1980 12:50 PM,,,14.7,,,,,,,,,,,,1,6.83,7.1,0.045,,,,,,7.1,,"GREGOIRE LAKE, SITE E-EAST BASIN GRAB",AB07CE0340,,,mg/L,,,,80AB009100,,08/05/1980 12:50 PM,,1,,,,
Far,08/21/1980 2:00 PM,,,14.9,,,,,,,,,,,,,,7.6,0.055,,,,,,5.4,,"GREGOIRE LAKE, SITE E-EAST BASIN GRAB",AB07CE0340,,,mg/L,,,,80AB009101,,08/21/1980 2:00 PM,,1,,,,
Far,09/09/1980 3:15 PM,,,15,,,,,,,,,,,,0.58,7.24,7.6,0.036,,,,,,10.6,,"GREGOIRE LAKE, SITE E-EAST BASIN GRAB",AB07CE0340,,,mg/L,,,,80AB009103,,09/09/1980 3:15 PM,,1,,,,
Far,10/07/1980 1:05 PM,,,14,,,,,,,,,,,,0.94,6.75,,0.03,,,0.001,,,10.6,,"GREGOIRE LAKE, SITE E-EAST BASIN GRAB",AB07CE0340,,,mg/L,,,,80AB009104,,10/07/1980 1:05 PM,,1,,,,
Far,11/04/1980 12:45 PM,,,13.5,,,,,,,,,,,,0.68,6.88,7.8,0.028,,,,,,6.4,,"GREGOIRE LAKE, SITE E-EAST BASIN GRAB",AB07CE0340,,,mg/L,,,,80AB009105,,11/04/1980 12:45 PM,,1,,,,
Far,03/03/1981 1:14 PM,,,23.3,,,,,,,0.0001,,,,,1.16,7.09,7.75,0.024,,,,,,,,"GREGOIRE LAKE, SITE E-EAST BASIN GRAB",AB07CE0340,,,mg/L,,,,81AB008157,,03/03/1981 1:14 PM,,1,,,,
Far,03/31/1981 1:00 PM,,,16.5,,,,,,,,,,,,1.1,7.07,,0.028,,,,,,12,,"GREGOIRE LAKE, SITE E-EAST BASIN GRAB",AB07CE0340,,,mg/L,,,,81AB008158,,03/31/1981 1:00 PM,,1,,,,
Far,07/31/1972 12:00 PM,,,15.2,,,,,,,,,,,,0.82,8.1,,,,,,,,,,"GREGOIRE LAKE, SUB-SURFACE GRAB",AB07CE0350,,,mg/L,,,,72AB000332,,07/31/1972 12:00 PM,,1,,,,
Far,10/05/1972 12:00 PM,,,16,,,,,,,,,,,,,8,,0.1,,,,,,,,"GREGOIRE LAKE, SUB-SURFACE GRAB",AB07CE0350,,,mg/L,,,,72AB000333,,10/05/1972 12:00 PM,,1,,,,
Far,06/18/1973 8:00 AM,,,15,,,,,,,,,,,,,7.8,,0.2,,,,,,,,"GREGOIRE LAKE, SUB-SURFACE GRAB",AB07CE0350,,,mg/L,,,,73AB001038,,06/18/1973 8:00 AM,,1,,,,
Far,08/14/1973 11:30 AM,,,9,,,,,,,,,,,,,8.2,,0.6,,,,,,,,"GREGOIRE LAKE, SUB-SURFACE GRAB",AB07CE0350,,,mg/L,,,,73AB001039,,08/14/1973 11:30 AM,,1,,,,
Far,08/19/1974 12:00 PM,,,,,,,,,,,,,,,,8.3,,,,,,,,,,"GREGOIRE LAKE, SUB-SURFACE GRAB",AB07CE0350,,,pH units,,,,74AB001069,,08/19/1974 12:00 PM,,1,,,,
Far,07/03/1975 12:00 PM,,,,,,,,,,,,,,,,7.9,,,,,,,,,,"GREGOIRE LAKE, SUB-SURFACE GRAB",AB07CE0350,,,pH units,,,,75AB000534,,07/03/1975 12:00 PM,,1,,,,
Near,07/30/2004 12:00 PM,1.34,,,,,,,,,,,,,,,,,,,,,,,,,ISADORE'S LAKE,COMPOSITE,,---,µg/l,1849,Alberta Research Council,104284,NULL,0.001,07/30/2004 11:00 AM,---,,,,,
Near,08/01/2005 12:00 PM,1.98,,,,,,,,,,,,,,,,,,,,,,,,,ISADORE'S LAKE,COMPOSITE,,---,µg/l,1849,Alberta Research Council,104281,NULL,0.001,08/01/2005 11:00 AM,---,,,,,
Near,07/24/2006 12:00 PM,1,,,,,,,,,,,,,,,,,,,,,,,,,ISADORE'S LAKE,COMPOSITE,,<,µg/l,1849,Alberta Research Council,104278,,0.001,07/24/2006 11:00 AM,---,,,,,
Near,07/20/2007 12:00 PM,1,,,,,,,,,,,,,,,,,,,,,,,,,ISADORE'S LAKE,COMPOSITE,,<,µg/l,1849,Alberta Research Council,104275,,0.001,07/20/2007 11:00 AM,---,,,,,
Near,07/14/2008 12:00 PM,1,,,,,,,,,,,,,,,,,,,,,,,,,ISADORE'S LAKE,COMPOSITE,,<,µg/l,1849,Alberta Research Council,104272,,0.001,07/14/2008 11:00 AM,---,,,,,
Near,09/13/2009 12:00 PM,1,,,,,,,,,,,,,,,,,,,,,,,,,ISADORE'S LAKE,COMPOSITE,,<,µg/l,1849,Alberta Research Council,104269,,0.001,09/13/2009 11:00 AM,---,,,,,
Near,09/11/2011 12:00 PM,1,,,,,,,,,,,,,,,,,,,,,,,,,ISADORE'S LAKE,COMPOSITE,,<,µg/l,1849,AITF-EAS (ENVIRONMENTAL ANALYTICAL SERVICES),106040,,0.001,09/11/2011 11:00 AM,---,,,,,
Near,09/12/2012 12:00 PM,2.43,,,,,,,,,,,,,,,,,,,,,,,,,ISADORE'S LAKE,COMPOSITE,,---,µg/l,1849,AITF-EAS (ENVIRONMENTAL ANALYTICAL SERVICES),106037,,0.001,09/12/2012 11:00 AM,---,,,,,
Near,09/06/2013 12:00 PM,3.32,,,,,,,,,,,,,,,,,,,,,,,,,ISADORE'S LAKE,COMPOSITE,,---,µg/l,1849,AITF-EAS (ENVIRONMENTAL ANALYTICAL SERVICES),106980,,0.001,09/06/2013 11:00 AM,---,,,,,
Near,09/03/2014 12:00 PM,0.41,,,,,,,,,,,,,,,,,,,,,,,,,ISADORE'S LAKE,COMPOSITE,,---,µg/l,1849,AITF-EAS (ENVIRONMENTAL ANALYTICAL SERVICES),107395,,0.00013,09/03/2014 11:00 AM,---,,,,,
Near,09/20/2016 12:00 PM,0.6,,,,,,,,,,,,,,,,,,,,,,,,,ISADORE'S LAKE,COMPOSITE,,---,µg/l,1849,AITF-EAS (ENVIRONMENTAL ANALYTICAL SERVICES),112231,,0.00013,09/20/2016 11:00 AM,---,,,,,
Near,07/30/2004 12:00 PM,,10.8,,,,,,,,,,,,,,,,,,,,,,,,ISADORE'S LAKE,COMPOSITE,,---,µg/l,1847,Alberta Research Council,104284,NULL,0.002,07/30/2004 11:00 AM,---,,,,,
Near,08/01/2005 12:00 PM,,13.3,,,,,,,,,,,,,,,,,,,,,,,,ISADORE'S LAKE,COMPOSITE,,---,µg/l,1847,Alberta Research Council,104281,NULL,0.002,08/01/2005 11:00 AM,---,,,,,
Near,07/24/2006 12:00 PM,,9.67,,,,,,,,,,,,,,,,,,,,,,,,ISADORE'S LAKE,COMPOSITE,,---,µg/l,1847,Alberta Research Council,104278,,0.002,07/24/2006 11:00 AM,---,,,,,
Near,07/20/2007 12:00 PM,,8.73,,,,,,,,,,,,,,,,,,,,,,,,ISADORE'S LAKE,COMPOSITE,,---,µg/l,1847,Alberta Research Council,104275,,0.002,07/20/2007 11:00 AM,---,,,,,
Near,07/14/2008 12:00 PM,,5.49,,,,,,,,,,,,,,,,,,,,,,,,ISADORE'S LAKE,COMPOSITE,,---,µg/l,1847,Alberta Research Council,104272,,0.002,07/14/2008 11:00 AM,---,,,,,
Near,09/13/2009 12:00 PM,,16.9,,,,,,,,,,,,,,,,,,,,,,,,ISADORE'S LAKE,COMPOSITE,,---,µg/l,1847,Alberta Research Council,104269,,0.002,09/13/2009 11:00 AM,---,,,,,
Near,09/11/2011 12:00 PM,,14.1,,,,,,,,,,,,,,,,,,,,,,,,ISADORE'S LAKE,COMPOSITE,,---,µg/l,1847,AITF-EAS (ENVIRONMENTAL ANALYTICAL SERVICES),106040,,0.003,09/11/2011 11:00 AM,---,,,,,
Near,09/12/2012 12:00 PM,,12.6,,,,,,,,,,,,,,,,,,,,,,,,ISADORE'S LAKE,COMPOSITE,,---,µg/l,1847,AITF-EAS (ENVIRONMENTAL ANALYTICAL SERVICES),106037,,0.003,09/12/2012 11:00 AM,---,,,,,
Near,09/06/2013 12:00 PM,,75.6,,,,,,,,,,,,,,,,,,,,,,,,ISADORE'S LAKE,COMPOSITE,,---,µg/l,1847,AITF-EAS (ENVIRONMENTAL ANALYTICAL SERVICES),106980,,0.003,09/06/2013 11:00 AM,---,,,,,
Near,09/03/2014 12:00 PM,,30.1,,,,,,,,,,,,,,,,,,,,,,,,ISADORE'S LAKE,COMPOSITE,,---,µg/l,1847,AITF-EAS (ENVIRONMENTAL ANALYTICAL SERVICES),107395,,0.0002,09/03/2014 11:00 AM,---,,,,,
Near,09/20/2016 12:00 PM,,8.4,,,,,,,,,,,,,,,,,,,,,,,,ISADORE'S LAKE,COMPOSITE,,---,µg/l,1847,AITF-EAS (ENVIRONMENTAL ANALYTICAL SERVICES),112231,,0.0002,09/20/2016 11:00 AM,---,,,,,
Near,07/30/2004 12:00 PM,,,24.6,,,,,,,,,,,,,,,,,,,,,,,ISADORE'S LAKE,COMPOSITE,,---,mg/l,1849,Alberta Research Council,104284,NULL,0.1,07/30/2004 11:00 AM,---,,,,,
Near,08/01/2005 12:00 PM,,,39.5,,,,,,,,,,,,,,,,,,,,,,,ISADORE'S LAKE,COMPOSITE,,---,mg/l,1849,Alberta Research Council,104281,NULL,0.1,08/01/2005 11:00 AM,---,,,,,
Near,07/24/2006 12:00 PM,,,33.1,,,,,,,,,,,,,,,,,,,,,,,ISADORE'S LAKE,COMPOSITE,,---,mg/l,1849,Alberta Research Council,104278,,0.1,07/24/2006 11:00 AM,---,,,,,
Near,07/20/2007 12:00 PM,,,35,,,,,,,,,,,,,,,,,,,,,,,ISADORE'S LAKE,COMPOSITE,,---,mg/l,1849,Alberta Research Council,104275,,0.1,07/20/2007 11:00 AM,---,,,,,
Near,07/14/2008 12:00 PM,,,62.8,,,,,,,,,,,,,,,,,,,,,,,ISADORE'S LAKE,COMPOSITE,,---,mg/l,1849,Alberta Research Council,104272,,0.1,07/14/2008 11:00 AM,---,,,,,
Near,09/13/2009 12:00 PM,,,63.2,,,,,,,,,,,,,,,,,,,,,,,ISADORE'S LAKE,COMPOSITE,,---,mg/l,1849,Alberta Research Council,104269,,0.1,09/13/2009 11:00 AM,---,,,,,
Near,09/11/2011 12:00 PM,,,58.8,,,,,,,,,,,,,,,,,,,,,,,ISADORE'S LAKE,COMPOSITE,,---,mg/l,1849,AITF-EAS (ENVIRONMENTAL ANALYTICAL SERVICES),106040,,0.1,09/11/2011 11:00 AM,---,,,,,
Near,09/12/2012 12:00 PM,,,60.3,,,,,,,,,,,,,,,,,,,,,,,ISADORE'S LAKE,COMPOSITE,,---,mg/l,1849,AITF-EAS (ENVIRONMENTAL ANALYTICAL SERVICES),106037,,0.1,09/12/2012 11:00 AM,---,,,,,
Near,09/06/2013 12:00 PM,,,90.8,,,,,,,,,,,,,,,,,,,,,,,ISADORE'S LAKE,COMPOSITE,,---,mg/l,1849,AITF-EAS (ENVIRONMENTAL ANALYTICAL SERVICES),106980,,0.1,09/06/2013 11:00 AM,---,,,,,
Near,09/03/2014 12:00 PM,,,88.4,,,,,,,,,,,,,,,,,,,,,,,ISADORE'S LAKE,COMPOSITE,,---,mg/l,1849,AITF-EAS (ENVIRONMENTAL ANALYTICAL SERVICES),107395,,0.03,09/03/2014 11:00 AM,---,,,,,
Near,09/20/2016 12:00 PM,,,59.4,,,,,,,,,,,,,,,,,,,,,,,ISADORE'S LAKE,COMPOSITE,,---,mg/l,1849,AITF-EAS (ENVIRONMENTAL ANALYTICAL SERVICES),112231,,0.03,09/20/2016 11:00 AM,---,,,,,
Near,07/30/2004 12:00 PM,,,23.9,,,,,,,,,,,,,,,,,,,,,,,ISADORE'S LAKE,COMPOSITE,,---,mg/l,2577,ETL,104284,NULL,0.5,07/30/2004 11:00 AM,---,,,,,
Near,08/01/2005 12:00 PM,,,39.1,,,,,,,,,,,,,,,,,,,,,,,ISADORE'S LAKE,COMPOSITE,,---,mg/l,2577,ETL,104281,NULL,0.5,08/01/2005 11:00 AM,---,,,,,
Near,07/24/2006 12:00 PM,,,37.5,,,,,,,,,,,,,,,,,,,,,,,ISADORE'S LAKE,COMPOSITE,,---,mg/l,2577,"ALS (FORMERLY ENVIRO-TEST) LABORATORIES, EDMONTON, ALBERTA",104278,,0.5,07/24/2006 11:00 AM,---,,,,,
Near,07/20/2007 12:00 PM,,,39.2,,,,,,,,,,,,,,,,,,,,,,,ISADORE'S LAKE,COMPOSITE,,---,mg/l,2577,"ALS (FORMERLY ENVIRO-TEST) LABORATORIES, EDMONTON, ALBERTA",104275,,0.5,07/20/2007 11:00 AM,---,,,,,
Near,07/14/2008 12:00 PM,,,68.6,,,,,,,,,,,,,,,,,,,,,,,ISADORE'S LAKE,COMPOSITE,,---,mg/l,2577,"ALS (FORMERLY ENVIRO-TEST) LABORATORIES, EDMONTON, ALBERTA",104272,,0.5,07/14/2008 11:00 AM,---,,,,,
Near,09/13/2009 12:00 PM,,,72.8,,,,,,,,,,,,,,,,,,,,,,,ISADORE'S LAKE,COMPOSITE,,---,mg/l,3155,"ALS (FORMERLY ENVIRO-TEST) LABORATORIES, EDMONTON, ALBERTA",104269,,0.5,09/13/2009 11:00 AM,---,,,,,
Near,09/11/2011 12:00 PM,,,57.2,,,,,,,,,,,,,,,,,,,,,,,ISADORE'S LAKE,COMPOSITE,,---,mg/l,3155,"ALS (FORMERLY ENVIRO-TEST) LABORATORIES, EDMONTON, ALBERTA",106040,,0.5,09/11/2011 11:00 AM,---,,,,,
Near,09/12/2012 12:00 PM,,,59.1,,,,,,,,,,,,,,,,,,,,,,,ISADORE'S LAKE,COMPOSITE,,---,mg/l,3155,"ALS (FORMERLY ENVIRO-TEST) LABORATORIES, EDMONTON, ALBERTA",106037,,0.5,09/12/2012 11:00 AM,---,,,,,
Near,09/06/2013 12:00 PM,,,90.4,,,,,,,,,,,,,,,,,,,,,,,ISADORE'S LAKE,COMPOSITE,,---,mg/l,3158,"ALS (FORMERLY ENVIRO-TEST) LABORATORIES, EDMONTON, ALBERTA",106980,,0.5,09/06/2013 11:00 AM,---,,,,,
Near,09/03/2014 12:00 PM,,,107,,,,,,,,,,,,,,,,,,,,,,,ISADORE'S LAKE,COMPOSITE,,---,mg/l,3158,"ALS (FORMERLY ENVIRO-TEST) LABORATORIES, EDMONTON, ALBERTA",107395,,0.5,09/03/2014 11:00 AM,---,,,,,
Near,09/20/2016 12:00 PM,,,68,,,,,,,,,,,,,,,,,,,,,,,ISADORE'S LAKE,COMPOSITE,,---,mg/l,1516,"MAXXAM (CHEMEX) LABS ALBERTA INC., CALGARY, ALBERTA.",112231,,0.3,09/20/2016 11:00 AM,---,,,,,
Near,07/30/2004 12:00 PM,,,,25.5,,,,,,,,,,,,,,,,,,,,,,ISADORE'S LAKE,COMPOSITE,,---,mg/l,1847,Alberta Research Council,104284,NULL,0.1,07/30/2004 11:00 AM,---,,,,,
Near,08/01/2005 12:00 PM,,,,39.7,,,,,,,,,,,,,,,,,,,,,,ISADORE'S LAKE,COMPOSITE,,---,mg/l,1847,Alberta Research Council,104281,NULL,0.1,08/01/2005 11:00 AM,---,,,,,
Near,07/24/2006 12:00 PM,,,,35.4,,,,,,,,,,,,,,,,,,,,,,ISADORE'S LAKE,COMPOSITE,,---,mg/l,1847,Alberta Research Council,104278,,0.1,07/24/2006 11:00 AM,---,,,,,
Near,07/20/2007 12:00 PM,,,,35.7,,,,,,,,,,,,,,,,,,,,,,ISADORE'S LAKE,COMPOSITE,,---,mg/l,1847,Alberta Research Council,104275,,0.1,07/20/2007 11:00 AM,---,,,,,
Near,07/14/2008 12:00 PM,,,,64.8,,,,,,,,,,,,,,,,,,,,,,ISADORE'S LAKE,COMPOSITE,,---,mg/l,1847,Alberta Research Council,104272,,0.1,07/14/2008 11:00 AM,---,,,,,
Near,09/13/2009 12:00 PM,,,,64.2,,,,,,,,,,,,,,,,,,,,,,ISADORE'S LAKE,COMPOSITE,,---,mg/l,1847,Alberta Research Council,104269,,0.1,09/13/2009 11:00 AM,---,,,,,
Near,09/11/2011 12:00 PM,,,,67.5,,,,,,,,,,,,,,,,,,,,,,ISADORE'S LAKE,COMPOSITE,,---,mg/l,1847,AITF-EAS (ENVIRONMENTAL ANALYTICAL SERVICES),106040,,0.1,09/11/2011 11:00 AM,---,,,,,
Near,09/12/2012 12:00 PM,,,,60.8,,,,,,,,,,,,,,,,,,,,,,ISADORE'S LAKE,COMPOSITE,,---,mg/l,1847,AITF-EAS (ENVIRONMENTAL ANALYTICAL SERVICES),106037,,0.1,09/12/2012 11:00 AM,---,,,,,
Near,09/06/2013 12:00 PM,,,,91,,,,,,,,,,,,,,,,,,,,,,ISADORE'S LAKE,COMPOSITE,,---,mg/l,1847,AITF-EAS (ENVIRONMENTAL ANALYTICAL SERVICES),106980,,0.1,09/06/2013 11:00 AM,---,,,,,
Near,09/03/2014 12:00 PM,,,,100,,,,,,,,,,,,,,,,,,,,,,ISADORE'S LAKE,COMPOSITE,,---,mg/l,1847,AITF-EAS (ENVIRONMENTAL ANALYTICAL SERVICES),107395,,0.01,09/03/2014 11:00 AM,---,,,,,
Near,09/20/2016 12:00 PM,,,,64.8,,,,,,,,,,,,,,,,,,,,,,ISADORE'S LAKE,COMPOSITE,,---,mg/l,1847,AITF-EAS (ENVIRONMENTAL ANALYTICAL SERVICES),112231,,0.01,09/20/2016 11:00 AM,---,,,,,
Near,09/20/2016 12:00 PM,,,,67,,,,,,,,,,,,,,,,,,,,,,ISADORE'S LAKE,COMPOSITE,,---,mg/l,440,"MAXXAM (CHEMEX) LABS ALBERTA INC., CALGARY, ALBERTA.",112231,,0.3,09/20/2016 11:00 AM,---,,,,,
Near,07/30/2004 12:00 PM,,,,,0.331,,,,,,,,,,,,,,,,,,,,,ISADORE'S LAKE,COMPOSITE,,---,µg/l,1849,Alberta Research Council,104284,NULL,0.0001,07/30/2004 11:00 AM,---,,,,,
Near,08/01/2005 12:00 PM,,,,,0.525,,,,,,,,,,,,,,,,,,,,,ISADORE'S LAKE,COMPOSITE,,---,µg/l,1849,Alberta Research Council,104281,NULL,0.0001,08/01/2005 11:00 AM,---,,,,,
Near,07/24/2006 12:00 PM,,,,,0.1,,,,,,,,,,,,,,,,,,,,,ISADORE'S LAKE,COMPOSITE,,<,µg/l,1849,Alberta Research Council,104278,,0.0001,07/24/2006 11:00 AM,---,,,,,
Near,07/20/2007 12:00 PM,,,,,0.259,,,,,,,,,,,,,,,,,,,,,ISADORE'S LAKE,COMPOSITE,,---,µg/l,1849,Alberta Research Council,104275,,0.0001,07/20/2007 11:00 AM,---,,,,,
Near,07/14/2008 12:00 PM,,,,,0.245,,,,,,,,,,,,,,,,,,,,,ISADORE'S LAKE,COMPOSITE,,---,µg/l,1849,Alberta Research Council,104272,,0.0001,07/14/2008 11:00 AM,---,,,,,
Near,09/13/2009 12:00 PM,,,,,0.323,,,,,,,,,,,,,,,,,,,,,ISADORE'S LAKE,COMPOSITE,,---,µg/l,1849,Alberta Research Council,104269,,0.0001,09/13/2009 11:00 AM,---,,,,,
Near,09/11/2011 12:00 PM,,,,,0.639,,,,,,,,,,,,,,,,,,,,,ISADORE'S LAKE,COMPOSITE,,---,µg/l,1849,AITF-EAS (ENVIRONMENTAL ANALYTICAL SERVICES),106040,,0.0001,09/11/2011 11:00 AM,---,,,,,
Near,09/12/2012 12:00 PM,,,,,0.483,,,,,,,,,,,,,,,,,,,,,ISADORE'S LAKE,COMPOSITE,,---,µg/l,1849,AITF-EAS (ENVIRONMENTAL ANALYTICAL SERVICES),106037,,0.0001,09/12/2012 11:00 AM,---,,,,,
Near,09/06/2013 12:00 PM,,,,,0.789,,,,,,,,,,,,,,,,,,,,,ISADORE'S LAKE,COMPOSITE,,---,µg/l,1849,AITF-EAS (ENVIRONMENTAL ANALYTICAL SERVICES),106980,,0.0001,09/06/2013 11:00 AM,---,,,,,
Near,09/03/2014 12:00 PM,,,,,0.62,,,,,,,,,,,,,,,,,,,,,ISADORE'S LAKE,COMPOSITE,,---,µg/l,1849,AITF-EAS (ENVIRONMENTAL ANALYTICAL SERVICES),107395,,0.00008,09/03/2014 11:00 AM,---,,,,,
Near,09/20/2016 12:00 PM,,,,,0.73,,,,,,,,,,,,,,,,,,,,,ISADORE'S LAKE,COMPOSITE,,---,µg/l,1849,AITF-EAS (ENVIRONMENTAL ANALYTICAL SERVICES),112231,,0.00008,09/20/2016 11:00 AM,---,,,,,
Near,07/30/2004 12:00 PM,,,,,,0.379,,,,,,,,,,,,,,,,,,,,ISADORE'S LAKE,COMPOSITE,,---,µg/l,1847,Alberta Research Council,104284,NULL,0.0001,07/30/2004 11:00 AM,---,,,,,
Near,08/01/2005 12:00 PM,,,,,,0.53,,,,,,,,,,,,,,,,,,,,ISADORE'S LAKE,COMPOSITE,,---,µg/l,1847,Alberta Research Council,104281,NULL,0.0001,08/01/2005 11:00 AM,---,,,,,
Near,07/24/2006 12:00 PM,,,,,,0.119,,,,,,,,,,,,,,,,,,,,ISADORE'S LAKE,COMPOSITE,,---,µg/l,1847,Alberta Research Council,104278,,0.0001,07/24/2006 11:00 AM,---,,,,,
Near,07/20/2007 12:00 PM,,,,,,0.262,,,,,,,,,,,,,,,,,,,,ISADORE'S LAKE,COMPOSITE,,---,µg/l,1847,Alberta Research Council,104275,,0.0001,07/20/2007 11:00 AM,---,,,,,
Near,07/14/2008 12:00 PM,,,,,,0.247,,,,,,,,,,,,,,,,,,,,ISADORE'S LAKE,COMPOSITE,,---,µg/l,1847,Alberta Research Council,104272,,0.0001,07/14/2008 11:00 AM,---,,,,,
Near,09/13/2009 12:00 PM,,,,,,0.326,,,,,,,,,,,,,,,,,,,,ISADORE'S LAKE,COMPOSITE,,---,µg/l,1847,Alberta Research Council,104269,,0.0001,09/13/2009 11:00 AM,---,,,,,
Near,09/11/2011 12:00 PM,,,,,,0.646,,,,,,,,,,,,,,,,,,,,ISADORE'S LAKE,COMPOSITE,,---,µg/l,1847,AITF-EAS (ENVIRONMENTAL ANALYTICAL SERVICES),106040,,0.0001,09/11/2011 11:00 AM,---,,,,,
Near,09/12/2012 12:00 PM,,,,,,0.58,,,,,,,,,,,,,,,,,,,,ISADORE'S LAKE,COMPOSITE,,---,µg/l,1847,AITF-EAS (ENVIRONMENTAL ANALYTICAL SERVICES),106037,,0.0001,09/12/2012 11:00 AM,---,,,,,
Near,09/06/2013 12:00 PM,,,,,,0.798,,,,,,,,,,,,,,,,,,,,ISADORE'S LAKE,COMPOSITE,,---,µg/l,1847,AITF-EAS (ENVIRONMENTAL ANALYTICAL SERVICES),106980,,0.0001,09/06/2013 11:00 AM,---,,,,,
Near,09/03/2014 12:00 PM,,,,,,0.67,,,,,,,,,,,,,,,,,,,,ISADORE'S LAKE,COMPOSITE,,---,µg/l,1847,AITF-EAS (ENVIRONMENTAL ANALYTICAL SERVICES),107395,,0.00005,09/03/2014 11:00 AM,---,,,,,
Near,09/20/2016 12:00 PM,,,,,,1,,,,,,,,,,,,,,,,,,,,ISADORE'S LAKE,COMPOSITE,,---,µg/l,1847,AITF-EAS (ENVIRONMENTAL ANALYTICAL SERVICES),112231,,0.00005,09/20/2016 11:00 AM,---,,,,,
Near,07/30/2004 12:00 PM,,,,,,,0.0571,,,,,,,,,,,,,,,,,,,ISADORE'S LAKE,COMPOSITE,,---,µg/l,1849,Alberta Research Council,104284,NULL,0.000006,07/30/2004 11:00 AM,---,,,,,
Near,08/01/2005 12:00 PM,,,,,,,0.0389,,,,,,,,,,,,,,,,,,,ISADORE'S LAKE,COMPOSITE,,---,µg/l,1849,Alberta Research Council,104281,NULL,0.000006,08/01/2005 11:00 AM,---,,,,,
Near,07/24/2006 12:00 PM,,,,,,,0.006,,,,,,,,,,,,,,,,,,,ISADORE'S LAKE,COMPOSITE,,<,µg/l,1849,Alberta Research Council,104278,,0.000006,07/24/2006 11:00 AM,---,,,,,
Near,07/20/2007 12:00 PM,,,,,,,0.0087,,,,,,,,,,,,,,,,,,,ISADORE'S LAKE,COMPOSITE,,---,µg/l,1849,Alberta Research Council,104275,,0.000006,07/20/2007 11:00 AM,---,,,,,
Near,07/14/2008 12:00 PM,,,,,,,0.006,,,,,,,,,,,,,,,,,,,ISADORE'S LAKE,COMPOSITE,,<,µg/l,1849,Alberta Research Council,104272,,0.000006,07/14/2008 11:00 AM,---,,,,,
Near,09/13/2009 12:00 PM,,,,,,,0.006,,,,,,,,,,,,,,,,,,,ISADORE'S LAKE,COMPOSITE,,<,µg/l,1849,Alberta Research Council,104269,,0.000006,09/13/2009 11:00 AM,---,,,,,
Near,09/11/2011 12:00 PM,,,,,,,0.1,,,,,,,,,,,,,,,,,,,ISADORE'S LAKE,COMPOSITE,,<,µg/l,1849,AITF-EAS (ENVIRONMENTAL ANALYTICAL SERVICES),106040,,0.0001,09/11/2011 11:00 AM,---,,,,,
Near,09/12/2012 12:00 PM,,,,,,,0.1,,,,,,,,,,,,,,,,,,,ISADORE'S LAKE,COMPOSITE,,---,µg/l,1849,AITF-EAS (ENVIRONMENTAL ANALYTICAL SERVICES),106037,,0.0001,09/12/2012 11:00 AM,---,,,,,
Near,09/06/2013 12:00 PM,,,,,,,0.1,,,,,,,,,,,,,,,,,,,ISADORE'S LAKE,COMPOSITE,,---,µg/l,1849,AITF-EAS (ENVIRONMENTAL ANALYTICAL SERVICES),106980,,0.0001,09/06/2013 11:00 AM,---,,,,,
Near,09/03/2014 12:00 PM,,,,,,,0.011,,,,,,,,,,,,,,,,,,,ISADORE'S LAKE,COMPOSITE,,---,µg/l,1849,AITF-EAS (ENVIRONMENTAL ANALYTICAL SERVICES),107395,,0.000004,09/03/2014 11:00 AM,---,,,,,
Near,09/20/2016 12:00 PM,,,,,,,0.011,,,,,,,,,,,,,,,,,,,ISADORE'S LAKE,COMPOSITE,,---,µg/l,1849,AITF-EAS (ENVIRONMENTAL ANALYTICAL SERVICES),112231,,0.000004,09/20/2016 11:00 AM,---,,,,,
Near,07/30/2004 12:00 PM,,,,,,,,0.48,,,,,,,,,,,,,,,,,,ISADORE'S LAKE,COMPOSITE,,---,µg/l,1847,Alberta Research Council,104284,NULL,0.000006,07/30/2004 11:00 AM,---,,,,,
Near,08/01/2005 12:00 PM,,,,,,,,0.0518,,,,,,,,,,,,,,,,,,ISADORE'S LAKE,COMPOSITE,,---,µg/l,1847,Alberta Research Council,104281,NULL,0.000006,08/01/2005 11:00 AM,---,,,,,
Near,07/24/2006 12:00 PM,,,,,,,,0.006,,,,,,,,,,,,,,,,,,ISADORE'S LAKE,COMPOSITE,,<,µg/l,1847,Alberta Research Council,104278,,0.000006,07/24/2006 11:00 AM,---,,,,,
Near,07/20/2007 12:00 PM,,,,,,,,0.0088,,,,,,,,,,,,,,,,,,ISADORE'S LAKE,COMPOSITE,,---,µg/l,1847,Alberta Research Council,104275,,0.000006,07/20/2007 11:00 AM,---,,,,,
Near,07/14/2008 12:00 PM,,,,,,,,0.006,,,,,,,,,,,,,,,,,,ISADORE'S LAKE,COMPOSITE,,<,µg/l,1847,Alberta Research Council,104272,,0.000006,07/14/2008 11:00 AM,---,,,,,
Near,09/13/2009 12:00 PM,,,,,,,,0.006,,,,,,,,,,,,,,,,,,ISADORE'S LAKE,COMPOSITE,,<,µg/l,1847,Alberta Research Council,104269,,0.000006,09/13/2009 11:00 AM,---,,,,,
Near,09/11/2011 12:00 PM,,,,,,,,0.1,,,,,,,,,,,,,,,,,,ISADORE'S LAKE,COMPOSITE,,<,µg/l,1847,AITF-EAS (ENVIRONMENTAL ANALYTICAL SERVICES),106040,,0.0001,09/11/2011 11:00 AM,---,,,,,
Near,09/12/2012 12:00 PM,,,,,,,,0.1,,,,,,,,,,,,,,,,,,ISADORE'S LAKE,COMPOSITE,,---,µg/l,1847,AITF-EAS (ENVIRONMENTAL ANALYTICAL SERVICES),106037,,0.0001,09/12/2012 11:00 AM,---,,,,,
Near,09/06/2013 12:00 PM,,,,,,,,0.1,,,,,,,,,,,,,,,,,,ISADORE'S LAKE,COMPOSITE,,---,µg/l,1847,AITF-EAS (ENVIRONMENTAL ANALYTICAL SERVICES),106980,,0.0001,09/06/2013 11:00 AM,---,,,,,
Near,09/03/2014 12:00 PM,,,,,,,,0.018,,,,,,,,,,,,,,,,,,ISADORE'S LAKE,COMPOSITE,,---,µg/l,1847,AITF-EAS (ENVIRONMENTAL ANALYTICAL SERVICES),107395,,0.000003,09/03/2014 11:00 AM,---,,,,,
Near,09/20/2016 12:00 PM,,,,,,,,0.011,,,,,,,,,,,,,,,,,,ISADORE'S LAKE,COMPOSITE,,---,µg/l,1847,AITF-EAS (ENVIRONMENTAL ANALYTICAL SERVICES),112231,,0.000003,09/20/2016 11:00 AM,---,,,,,
Near,07/30/2004 12:00 PM,,,,,,,,,0.05,,,,,,,,,,,,,,,,,ISADORE'S LAKE,COMPOSITE,,<,µg/l,1849,Alberta Research Council,104284,NULL,0.00005,07/30/2004 11:00 AM,---,,,,,
Near,08/01/2005 12:00 PM,,,,,,,,,0.05,,,,,,,,,,,,,,,,,ISADORE'S LAKE,COMPOSITE,,<,µg/l,1849,Alberta Research Council,104281,NULL,0.00005,08/01/2005 11:00 AM,---,,,,,
Near,07/24/2006 12:00 PM,,,,,,,,,0.05,,,,,,,,,,,,,,,,,ISADORE'S LAKE,COMPOSITE,,<,µg/l,1849,Alberta Research Council,104278,,0.00005,07/24/2006 11:00 AM,---,,,,,
Near,07/20/2007 12:00 PM,,,,,,,,,0.05,,,,,,,,,,,,,,,,,ISADORE'S LAKE,COMPOSITE,,<,µg/l,1849,Alberta Research Council,104275,,0.00005,07/20/2007 11:00 AM,---,,,,,
Near,07/14/2008 12:00 PM,,,,,,,,,0.05,,,,,,,,,,,,,,,,,ISADORE'S LAKE,COMPOSITE,,<,µg/l,1849,Alberta Research Council,104272,,0.00005,07/14/2008 11:00 AM,---,,,,,
Near,09/13/2009 12:00 PM,,,,,,,,,0.05,,,,,,,,,,,,,,,,,ISADORE'S LAKE,COMPOSITE,,<,µg/l,1849,Alberta Research Council,104269,,0.00005,09/13/2009 11:00 AM,---,,,,,
Near,09/11/2011 12:00 PM,,,,,,,,,0.05,,,,,,,,,,,,,,,,,ISADORE'S LAKE,COMPOSITE,,<,µg/l,1849,AITF-EAS (ENVIRONMENTAL ANALYTICAL SERVICES),106040,,0.00005,09/11/2011 11:00 AM,---,,,,,
Near,09/12/2012 12:00 PM,,,,,,,,,0.05,,,,,,,,,,,,,,,,,ISADORE'S LAKE,COMPOSITE,,---,µg/l,1849,AITF-EAS (ENVIRONMENTAL ANALYTICAL SERVICES),106037,,0.00005,09/12/2012 11:00 AM,---,,,,,
Near,09/06/2013 12:00 PM,,,,,,,,,0.05,,,,,,,,,,,,,,,,,ISADORE'S LAKE,COMPOSITE,,---,µg/l,1849,AITF-EAS (ENVIRONMENTAL ANALYTICAL SERVICES),106980,,0.00005,09/06/2013 11:00 AM,---,,,,,
Near,09/03/2014 12:00 PM,,,,,,,,,0.015,,,,,,,,,,,,,,,,,ISADORE'S LAKE,COMPOSITE,,---,µg/l,1849,AITF-EAS (ENVIRONMENTAL ANALYTICAL SERVICES),107395,,0.000009,09/03/2014 11:00 AM,---,,,,,
Near,09/20/2016 12:00 PM,,,,,,,,,0.32,,,,,,,,,,,,,,,,,ISADORE'S LAKE,COMPOSITE,,---,ng/L,3734,UNIVERSITY OF ALBERTA - BIOGEOCHEMICAL ANALYTICAL SERVICE LABORATORY,112231,,0.08,09/20/2016 11:00 AM,---,,,,,
Near,07/30/2004 12:00 PM,,,,,,,,,,1.2,,,,,,,,,,,,,,,,ISADORE'S LAKE,COMPOSITE,,<,ng/L,2858,Alberta Research Council,104284,NULL,1.2,07/30/2004 11:00 AM,---,,,,,
Near,08/01/2005 12:00 PM,,,,,,,,,,1.2,,,,,,,,,,,,,,,,ISADORE'S LAKE,COMPOSITE,,<,ng/L,2858,Alberta Research Council,104281,NULL,1.2,08/01/2005 11:00 AM,---,,,,,
Near,07/24/2006 12:00 PM,,,,,,,,,,1.2,,,,,,,,,,,,,,,,ISADORE'S LAKE,COMPOSITE,,<,ng/L,2858,Alberta Research Council,104278,,1.2,07/24/2006 11:00 AM,---,,,,,
Near,07/20/2007 12:00 PM,,,,,,,,,,1.2,,,,,,,,,,,,,,,,ISADORE'S LAKE,COMPOSITE,,<,ng/L,2858,Alberta Research Council,104275,,1.2,07/20/2007 11:00 AM,---,,,,,
Near,07/14/2008 12:00 PM,,,,,,,,,,1.2,,,,,,,,,,,,,,,,ISADORE'S LAKE,COMPOSITE,,<,ng/L,2858,Alberta Research Council,104272,,1.2,07/14/2008 11:00 AM,---,,,,,
Near,09/13/2009 12:00 PM,,,,,,,,,,1.2,,,,,,,,,,,,,,,,ISADORE'S LAKE,COMPOSITE,,<,ng/L,2858,Alberta Research Council,104269,,1.2,09/13/2009 11:00 AM,---,,,,,
Near,09/11/2011 12:00 PM,,,,,,,,,,1.1,,,,,,,,,,,,,,,,ISADORE'S LAKE,COMPOSITE,,---,ng/L,2858,AITF-EAS (ENVIRONMENTAL ANALYTICAL SERVICES),106040,,0.6,09/11/2011 11:00 AM,---,,,,,
Near,09/12/2012 12:00 PM,,,,,,,,,,1.6,,,,,,,,,,,,,,,,ISADORE'S LAKE,COMPOSITE,,---,ng/L,2858,AITF-EAS (ENVIRONMENTAL ANALYTICAL SERVICES),106037,,0.6,09/12/2012 11:00 AM,---,,,,,
Near,07/30/2004 12:00 PM,,,,,,,,,,0.05,,,,,,,,,,,,,,,,ISADORE'S LAKE,COMPOSITE,,<,µg/l,1847,Alberta Research Council,104284,NULL,0.00005,07/30/2004 11:00 AM,---,,,,,
Near,08/01/2005 12:00 PM,,,,,,,,,,0.05,,,,,,,,,,,,,,,,ISADORE'S LAKE,COMPOSITE,,<,µg/l,1847,Alberta Research Council,104281,NULL,0.00005,08/01/2005 11:00 AM,---,,,,,
Near,07/24/2006 12:00 PM,,,,,,,,,,0.05,,,,,,,,,,,,,,,,ISADORE'S LAKE,COMPOSITE,,<,µg/l,1847,Alberta Research Council,104278,,0.00005,07/24/2006 11:00 AM,---,,,,,
Near,07/20/2007 12:00 PM,,,,,,,,,,0.05,,,,,,,,,,,,,,,,ISADORE'S LAKE,COMPOSITE,,<,µg/l,1847,Alberta Research Council,104275,,0.00005,07/20/2007 11:00 AM,---,,,,,
Near,07/14/2008 12:00 PM,,,,,,,,,,0.05,,,,,,,,,,,,,,,,ISADORE'S LAKE,COMPOSITE,,<,µg/l,1847,Alberta Research Council,104272,,0.00005,07/14/2008 11:00 AM,---,,,,,
Near,09/13/2009 12:00 PM,,,,,,,,,,0.05,,,,,,,,,,,,,,,,ISADORE'S LAKE,COMPOSITE,,<,µg/l,1847,Alberta Research Council,104269,,0.00005,09/13/2009 11:00 AM,---,,,,,
Near,09/11/2011 12:00 PM,,,,,,,,,,0.05,,,,,,,,,,,,,,,,ISADORE'S LAKE,COMPOSITE,,<,µg/l,1847,AITF-EAS (ENVIRONMENTAL ANALYTICAL SERVICES),106040,,0.00005,09/11/2011 11:00 AM,---,,,,,
Near,09/12/2012 12:00 PM,,,,,,,,,,0.05,,,,,,,,,,,,,,,,ISADORE'S LAKE,COMPOSITE,,---,µg/l,1847,AITF-EAS (ENVIRONMENTAL ANALYTICAL SERVICES),106037,,0.00005,09/12/2012 11:00 AM,---,,,,,
Near,09/06/2013 12:00 PM,,,,,,,,,,0.05,,,,,,,,,,,,,,,,ISADORE'S LAKE,COMPOSITE,,---,µg/l,1847,AITF-EAS (ENVIRONMENTAL ANALYTICAL SERVICES),106980,,0.00005,09/06/2013 11:00 AM,---,,,,,
Near,09/03/2014 12:00 PM,,,,,,,,,,0.015,,,,,,,,,,,,,,,,ISADORE'S LAKE,COMPOSITE,,---,µg/l,1847,AITF-EAS (ENVIRONMENTAL ANALYTICAL SERVICES),107395,,0.000008,09/03/2014 11:00 AM,---,,,,,
Near,09/06/2013 12:00 PM,,,,,,,,,,0.53,,,,,,,,,,,,,,,,ISADORE'S LAKE,COMPOSITE,,---,ng/L,1872,AITF-EAS (ENVIRONMENTAL ANALYTICAL SERVICES),106980,,0.08,09/06/2013 11:00 AM,---,,,,,
Near,09/03/2014 12:00 PM,,,,,,,,,,0.56,,,,,,,,,,,,,,,,ISADORE'S LAKE,COMPOSITE,,---,ng/L,1872,AITF-EAS (ENVIRONMENTAL ANALYTICAL SERVICES),107395,,0.08,09/03/2014 11:00 AM,---,,,,,
Near,09/20/2016 12:00 PM,,,,,,,,,,0.38,,,,,,,,,,,,,,,,ISADORE'S LAKE,COMPOSITE,,---,ng/L,3737,UNIVERSITY OF ALBERTA - BIOGEOCHEMICAL ANALYTICAL SERVICE LABORATORY,112231,,0.06,09/20/2016 11:00 AM,---,,,,,
Near,09/20/2016 12:00 PM,,,,,,,,,,,0.042,,,,,,,,,,,,,,,ISADORE'S LAKE,COMPOSITE,,---,ng/L,3735,UNIVERSITY OF ALBERTA - BIOGEOCHEMICAL ANALYTICAL SERVICE LABORATORY,112231,,0.01,09/20/2016 11:00 AM,---,,,,,
Near,07/30/2004 12:00 PM,,,,,,,,,,,,0.0653,,,,,,,,,,,,,,ISADORE'S LAKE,COMPOSITE,,---,µg/l,1849,Alberta Research Council,104284,NULL,0.00006,07/30/2004 11:00 AM,---,,,,,
Near,08/01/2005 12:00 PM,,,,,,,,,,,,0.06,,,,,,,,,,,,,,ISADORE'S LAKE,COMPOSITE,,<,µg/l,1849,Alberta Research Council,104281,NULL,0.00006,08/01/2005 11:00 AM,---,,,,,
Near,07/24/2006 12:00 PM,,,,,,,,,,,,0.06,,,,,,,,,,,,,,ISADORE'S LAKE,COMPOSITE,,<,µg/l,1849,Alberta Research Council,104278,,0.00006,07/24/2006 11:00 AM,---,,,,,
Near,07/20/2007 12:00 PM,,,,,,,,,,,,0.06,,,,,,,,,,,,,,ISADORE'S LAKE,COMPOSITE,,<,µg/l,1849,Alberta Research Council,104275,,0.00006,07/20/2007 11:00 AM,---,,,,,
Near,07/14/2008 12:00 PM,,,,,,,,,,,,0.06,,,,,,,,,,,,,,ISADORE'S LAKE,COMPOSITE,,<,µg/l,1849,Alberta Research Council,104272,,0.00006,07/14/2008 11:00 AM,---,,,,,
Near,09/13/2009 12:00 PM,,,,,,,,,,,,0.06,,,,,,,,,,,,,,ISADORE'S LAKE,COMPOSITE,,<,µg/l,1849,Alberta Research Council,104269,,0.00006,09/13/2009 11:00 AM,---,,,,,
Near,09/11/2011 12:00 PM,,,,,,,,,,,,0.1,,,,,,,,,,,,,,ISADORE'S LAKE,COMPOSITE,,<,µg/l,1849,AITF-EAS (ENVIRONMENTAL ANALYTICAL SERVICES),106040,,0.0001,09/11/2011 11:00 AM,---,,,,,
Near,09/12/2012 12:00 PM,,,,,,,,,,,,0.1,,,,,,,,,,,,,,ISADORE'S LAKE,COMPOSITE,,---,µg/l,1849,AITF-EAS (ENVIRONMENTAL ANALYTICAL SERVICES),106037,,0.0001,09/12/2012 11:00 AM,---,,,,,
Near,09/06/2013 12:00 PM,,,,,,,,,,,,0.2,,,,,,,,,,,,,,ISADORE'S LAKE,COMPOSITE,,---,µg/l,1849,AITF-EAS (ENVIRONMENTAL ANALYTICAL SERVICES),106980,,0.0001,09/06/2013 11:00 AM,---,,,,,
Near,09/03/2014 12:00 PM,,,,,,,,,,,,0.006,,,,,,,,,,,,,,ISADORE'S LAKE,COMPOSITE,,<,µg/l,1849,AITF-EAS (ENVIRONMENTAL ANALYTICAL SERVICES),107395,,0.000006,09/03/2014 11:00 AM,---,,,,,
Near,09/20/2016 12:00 PM,,,,,,,,,,,,0.006,,,,,,,,,,,,,,ISADORE'S LAKE,COMPOSITE,,<,µg/l,1849,AITF-EAS (ENVIRONMENTAL ANALYTICAL SERVICES),112231,,0.000006,09/20/2016 11:00 AM,---,,,,,
Near,07/30/2004 12:00 PM,,,,,,,,,,,,,0.13,,,,,,,,,,,,,ISADORE'S LAKE,COMPOSITE,,---,µg/l,1847,Alberta Research Council,104284,NULL,0.00006,07/30/2004 11:00 AM,---,,,,,
Near,08/01/2005 12:00 PM,,,,,,,,,,,,,0.0688,,,,,,,,,,,,,ISADORE'S LAKE,COMPOSITE,,---,µg/l,1847,Alberta Research Council,104281,NULL,0.00006,08/01/2005 11:00 AM,---,,,,,
Near,07/24/2006 12:00 PM,,,,,,,,,,,,,0.06,,,,,,,,,,,,,ISADORE'S LAKE,COMPOSITE,,<,µg/l,1847,Alberta Research Council,104278,,0.00006,07/24/2006 11:00 AM,---,,,,,
Near,07/20/2007 12:00 PM,,,,,,,,,,,,,0.06,,,,,,,,,,,,,ISADORE'S LAKE,COMPOSITE,,<,µg/l,1847,Alberta Research Council,104275,,0.00006,07/20/2007 11:00 AM,---,,,,,
Near,07/14/2008 12:00 PM,,,,,,,,,,,,,0.06,,,,,,,,,,,,,ISADORE'S LAKE,COMPOSITE,,<,µg/l,1847,Alberta Research Council,104272,,0.00006,07/14/2008 11:00 AM,---,,,,,
Near,09/13/2009 12:00 PM,,,,,,,,,,,,,0.06,,,,,,,,,,,,,ISADORE'S LAKE,COMPOSITE,,<,µg/l,1847,Alberta Research Council,104269,,0.00006,09/13/2009 11:00 AM,---,,,,,
Near,09/11/2011 12:00 PM,,,,,,,,,,,,,0.1,,,,,,,,,,,,,ISADORE'S LAKE,COMPOSITE,,<,µg/l,1847,AITF-EAS (ENVIRONMENTAL ANALYTICAL SERVICES),106040,,0.0001,09/11/2011 11:00 AM,---,,,,,
Near,09/12/2012 12:00 PM,,,,,,,,,,,,,0.1,,,,,,,,,,,,,ISADORE'S LAKE,COMPOSITE,,---,µg/l,1847,AITF-EAS (ENVIRONMENTAL ANALYTICAL SERVICES),106037,,0.0001,09/12/2012 11:00 AM,---,,,,,
Near,09/06/2013 12:00 PM,,,,,,,,,,,,,0.334,,,,,,,,,,,,,ISADORE'S LAKE,COMPOSITE,,---,µg/l,1847,AITF-EAS (ENVIRONMENTAL ANALYTICAL SERVICES),106980,,0.0001,09/06/2013 11:00 AM,---,,,,,
Near,09/03/2014 12:00 PM,,,,,,,,,,,,,0.008,,,,,,,,,,,,,ISADORE'S LAKE,COMPOSITE,,<,µg/l,1847,AITF-EAS (ENVIRONMENTAL ANALYTICAL SERVICES),107395,,0.000008,09/03/2014 11:00 AM,---,,,,,
Near,09/20/2016 12:00 PM,,,,,,,,,,,,,0.008,,,,,,,,,,,,,ISADORE'S LAKE,COMPOSITE,,<,µg/l,1847,AITF-EAS (ENVIRONMENTAL ANALYTICAL SERVICES),112231,,0.000008,09/20/2016 11:00 AM,---,,,,,
Near,09/20/2016 12:00 PM,,,,,,,,,,,,,,0.77,,,,,,,,,,,,ISADORE'S LAKE,COMPOSITE,,---,mg/l,442,"MAXXAM (CHEMEX) LABS ALBERTA INC., CALGARY, ALBERTA.",112231,,0.05,09/20/2016 11:00 AM,---,,,,,
Near,07/30/2004 12:00 PM,,,,,,,,,,,,,,,0.6,,,,,,,,,,,ISADORE'S LAKE,COMPOSITE,,---,mg/l,235,ETL,104284,NULL,0.2,07/30/2004 11:00 AM,---,,,,,
Near,08/01/2005 12:00 PM,,,,,,,,,,,,,,,0.8,,,,,,,,,,,ISADORE'S LAKE,COMPOSITE,,---,mg/l,235,ETL,104281,NULL,0.2,08/01/2005 11:00 AM,---,,,,,
Near,07/24/2006 12:00 PM,,,,,,,,,,,,,,,0.6,,,,,,,,,,,ISADORE'S LAKE,COMPOSITE,,---,mg/l,235,"ALS (FORMERLY ENVIRO-TEST) LABORATORIES, EDMONTON, ALBERTA",104278,,0.2,07/24/2006 11:00 AM,---,,,,,
Near,07/20/2007 12:00 PM,,,,,,,,,,,,,,,0.9,,,,,,,,,,,ISADORE'S LAKE,COMPOSITE,,---,mg/l,235,"ALS (FORMERLY ENVIRO-TEST) LABORATORIES, EDMONTON, ALBERTA",104275,,0.2,07/20/2007 11:00 AM,---,,,,,
Near,07/14/2008 12:00 PM,,,,,,,,,,,,,,,0.7,,,,,,,,,,,ISADORE'S LAKE,COMPOSITE,,---,mg/l,235,"ALS (FORMERLY ENVIRO-TEST) LABORATORIES, EDMONTON, ALBERTA",104272,,0.2,07/14/2008 11:00 AM,---,,,,,
Near,09/13/2009 12:00 PM,,,,,,,,,,,,,,,1.09,,,,,,,,,,,ISADORE'S LAKE,COMPOSITE,,---,mg/l,235,"ALS (FORMERLY ENVIRO-TEST) LABORATORIES, EDMONTON, ALBERTA",104269,,0.2,09/13/2009 11:00 AM,---,,,,,
Near,09/11/2011 12:00 PM,,,,,,,,,,,,,,,1.15,,,,,,,,,,,ISADORE'S LAKE,COMPOSITE,,---,mg/l,235,"ALS (FORMERLY ENVIRO-TEST) LABORATORIES, EDMONTON, ALBERTA",106040,,0.2,09/11/2011 11:00 AM,---,,,,,
Near,09/12/2012 12:00 PM,,,,,,,,,,,,,,,0.84,,,,,,,,,,,ISADORE'S LAKE,COMPOSITE,,---,mg/l,235,"ALS (FORMERLY ENVIRO-TEST) LABORATORIES, EDMONTON, ALBERTA",106037,,0.2,09/12/2012 11:00 AM,---,,,,,
Near,09/06/2013 12:00 PM,,,,,,,,,,,,,,,0.63,,,,,,,,,,,ISADORE'S LAKE,COMPOSITE,,---,mg/l,235,"ALS (FORMERLY ENVIRO-TEST) LABORATORIES, EDMONTON, ALBERTA",106980,,0.2,09/06/2013 11:00 AM,---,,,,,
Near,09/03/2014 12:00 PM,,,,,,,,,,,,,,,0.54,,,,,,,,,,,ISADORE'S LAKE,COMPOSITE,,---,mg/l,235,"ALS (FORMERLY ENVIRO-TEST) LABORATORIES, EDMONTON, ALBERTA",107395,,0.2,09/03/2014 11:00 AM,---,,,,,
Near,09/20/2016 12:00 PM,,,,,,,,,,,,,,,0.8,,,,,,,,,,,ISADORE'S LAKE,COMPOSITE,,---,mg/l,442,"MAXXAM (CHEMEX) LABS ALBERTA INC., CALGARY, ALBERTA.",112231,,0.05,09/20/2016 11:00 AM,---,,,,,
Near,07/30/2004 12:00 PM,,,,,,,,,,,,,,,,9.3,,,,,,,,,,ISADORE'S LAKE,COMPOSITE,,---,---,389,ETL,104284,NULL,0.1,07/30/2004 11:00 AM,---,,,,,
Near,08/01/2005 12:00 PM,,,,,,,,,,,,,,,,8.5,,,,,,,,,,ISADORE'S LAKE,COMPOSITE,,---,---,389,ETL,104281,NULL,0.1,08/01/2005 11:00 AM,---,,,,,
Near,07/24/2006 12:00 PM,,,,,,,,,,,,,,,,8.6,,,,,,,,,,ISADORE'S LAKE,COMPOSITE,,---,---,389,"ALS (FORMERLY ENVIRO-TEST) LABORATORIES, EDMONTON, ALBERTA",104278,,0.1,07/24/2006 11:00 AM,---,,,,,
Near,07/20/2007 12:00 PM,,,,,,,,,,,,,,,,8.3,,,,,,,,,,ISADORE'S LAKE,COMPOSITE,,---,---,389,"ALS (FORMERLY ENVIRO-TEST) LABORATORIES, EDMONTON, ALBERTA",104275,,0.1,07/20/2007 11:00 AM,---,,,,,
Near,07/14/2008 12:00 PM,,,,,,,,,,,,,,,,8.1,,,,,,,,,,ISADORE'S LAKE,COMPOSITE,,---,---,389,"ALS (FORMERLY ENVIRO-TEST) LABORATORIES, EDMONTON, ALBERTA",104272,,0.1,07/14/2008 11:00 AM,---,,,,,
Near,09/13/2009 12:00 PM,,,,,,,,,,,,,,,,8.15,,,,,,,,,,ISADORE'S LAKE,COMPOSITE,,---,---,389,"ALS (FORMERLY ENVIRO-TEST) LABORATORIES, EDMONTON, ALBERTA",104269,,0.1,09/13/2009 11:00 AM,---,,,,,
Near,09/11/2011 12:00 PM,,,,,,,,,,,,,,,,8.18,,,,,,,,,,ISADORE'S LAKE,COMPOSITE,,---,---,389,"ALS (FORMERLY ENVIRO-TEST) LABORATORIES, EDMONTON, ALBERTA",106040,,0.1,09/11/2011 11:00 AM,---,,,,,
Near,09/12/2012 12:00 PM,,,,,,,,,,,,,,,,8.15,,,,,,,,,,ISADORE'S LAKE,COMPOSITE,,---,---,389,"ALS (FORMERLY ENVIRO-TEST) LABORATORIES, EDMONTON, ALBERTA",106037,,0.1,09/12/2012 11:00 AM,---,,,,,
Near,09/06/2013 12:00 PM,,,,,,,,,,,,,,,,8.09,,,,,,,,,,ISADORE'S LAKE,COMPOSITE,,---,---,389,"ALS (FORMERLY ENVIRO-TEST) LABORATORIES, EDMONTON, ALBERTA",106980,,0.1,09/06/2013 11:00 AM,---,,,,,
Near,09/03/2014 12:00 PM,,,,,,,,,,,,,,,,7.79,,,,,,,,,,ISADORE'S LAKE,COMPOSITE,,---,---,389,"ALS (FORMERLY ENVIRO-TEST) LABORATORIES, EDMONTON, ALBERTA",107395,,0.1,09/03/2014 11:00 AM,---,,,,,
Near,09/20/2016 12:00 PM,,,,,,,,,,,,,,,,7.95,,,,,,,,,,ISADORE'S LAKE,COMPOSITE,,---,---,389,"MAXXAM (CHEMEX) LABS ALBERTA INC., CALGARY, ALBERTA.",112231,,,09/20/2016 11:00 AM,---,,,,,
Near,08/01/2005 12:00 PM,,,,,,,,,,,,,,,,,8.5,,,,,,,,,ISADORE'S LAKE,COMPOSITE,,---,---,0,FIELD,104281,NULL,,08/01/2005 11:00 AM,---,,,,,
Near,09/15/2005 12:00 PM,,,,,,,,,,,,,,,,,7.43,,,,,,,,,ISADORE'S LAKE,COMPOSITE,,---,---,0,FIELD,107383,NULL,,09/15/2005 11:00 AM,---,,,,,
Near,07/24/2006 12:00 PM,,,,,,,,,,,,,,,,,8.45,,,,,,,,,ISADORE'S LAKE,COMPOSITE,,---,---,0,FIELD,104278,,,07/24/2006 11:00 AM,---,,,,,
Near,09/23/2006 12:00 PM,,,,,,,,,,,,,,,,,7.75,,,,,,,,,ISADORE'S LAKE,COMPOSITE,,---,---,0,FIELD,107392,,,09/23/2006 11:00 AM,---,,,,,
Near,09/06/2007 12:00 PM,,,,,,,,,,,,,,,,,7.71,,,,,,,,,ISADORE'S LAKE,COMPOSITE,,---,---,0,FIELD,107398,,,09/06/2007 11:00 AM,---,,,,,
Near,07/14/2008 12:00 PM,,,,,,,,,,,,,,,,,7.77,,,,,,,,,ISADORE'S LAKE,COMPOSITE,,---,---,0,FIELD,104272,,,07/14/2008 11:00 AM,---,,,,,
Near,09/07/2008 12:00 PM,,,,,,,,,,,,,,,,,8.07,,,,,,,,,ISADORE'S LAKE,COMPOSITE,,---,---,0,FIELD,107804,,,09/07/2008 11:00 AM,1,,,,,
Near,09/13/2009 12:00 PM,,,,,,,,,,,,,,,,,8,,,,,,,,,ISADORE'S LAKE,COMPOSITE,,---,---,0,FIELD,104269,,,09/13/2009 11:00 AM,---,,,,,
Near,07/30/2004 12:00 PM,,,,,,,,,,,,,,,,,,0.029,,,,,,,,ISADORE'S LAKE,COMPOSITE,,---,mg/l,567,ETL,104284,NULL,0.001,07/30/2004 11:00 AM,---,,,,,
Near,08/01/2005 12:00 PM,,,,,,,,,,,,,,,,,,0.03,,,,,,,,ISADORE'S LAKE,COMPOSITE,,---,mg/l,567,ETL,104281,NULL,0.001,08/01/2005 11:00 AM,---,,,,,
Near,07/24/2006 12:00 PM,,,,,,,,,,,,,,,,,,0.023,,,,,,,,ISADORE'S LAKE,COMPOSITE,,---,mg/l,567,"ALS (FORMERLY ENVIRO-TEST) LABORATORIES, EDMONTON, ALBERTA",104278,,0.001,07/24/2006 11:00 AM,---,,,,,
Near,07/20/2007 12:00 PM,,,,,,,,,,,,,,,,,,0.03,,,,,,,,ISADORE'S LAKE,COMPOSITE,,---,mg/l,567,"ALS (FORMERLY ENVIRO-TEST) LABORATORIES, EDMONTON, ALBERTA",104275,,0.001,07/20/2007 11:00 AM,---,,,,,
Near,07/14/2008 12:00 PM,,,,,,,,,,,,,,,,,,0.03,,,,,,,,ISADORE'S LAKE,COMPOSITE,,---,mg/l,567,"ALS (FORMERLY ENVIRO-TEST) LABORATORIES, EDMONTON, ALBERTA",104272,,0.001,07/14/2008 11:00 AM,---,,,,,
Near,09/13/2009 12:00 PM,,,,,,,,,,,,,,,,,,0.0264,,,,,,,,ISADORE'S LAKE,COMPOSITE,,---,mg/l,567,"ALS (FORMERLY ENVIRO-TEST) LABORATORIES, EDMONTON, ALBERTA",104269,,0.001,09/13/2009 11:00 AM,---,,,,,
Near,09/11/2011 12:00 PM,,,,,,,,,,,,,,,,,,0.0718,,,,,,,,ISADORE'S LAKE,COMPOSITE,,---,mg/l,567,"ALS (FORMERLY ENVIRO-TEST) LABORATORIES, EDMONTON, ALBERTA",106040,,0.001,09/11/2011 11:00 AM,---,,,,,
Near,09/12/2012 12:00 PM,,,,,,,,,,,,,,,,,,0.0301,,,,,,,,ISADORE'S LAKE,COMPOSITE,,---,mg/l,567,"ALS (FORMERLY ENVIRO-TEST) LABORATORIES, EDMONTON, ALBERTA",106037,,0.001,09/12/2012 11:00 AM,---,,,,,
Near,09/06/2013 12:00 PM,,,,,,,,,,,,,,,,,,0.0223,,,,,,,,ISADORE'S LAKE,COMPOSITE,,---,mg/l,567,"ALS (FORMERLY ENVIRO-TEST) LABORATORIES, EDMONTON, ALBERTA",106980,,0.001,09/06/2013 11:00 AM,---,,,,,
Near,09/03/2014 12:00 PM,,,,,,,,,,,,,,,,,,0.0169,,,,,,,,ISADORE'S LAKE,COMPOSITE,,---,mg/l,567,"ALS (FORMERLY ENVIRO-TEST) LABORATORIES, EDMONTON, ALBERTA",107395,,0.001,09/03/2014 11:00 AM,---,,,,,
Near,09/20/2016 12:00 PM,,,,,,,,,,,,,,,,,,0.015,,,,,,,,ISADORE'S LAKE,COMPOSITE,,---,mg/l,443,"MAXXAM (CHEMEX) LABS ALBERTA INC., CALGARY, ALBERTA.",112231,,0.003,09/20/2016 11:00 AM,---,,,,,
Near,07/30/2004 12:00 PM,,,,,,,,,,,,,,,,,,,0.007,,,,,,,ISADORE'S LAKE,COMPOSITE,,---,mg/l,567,ETL,104284,NULL,0.001,07/30/2004 11:00 AM,---,,,,,
Near,08/01/2005 12:00 PM,,,,,,,,,,,,,,,,,,,0.008,,,,,,,ISADORE'S LAKE,COMPOSITE,,---,mg/l,567,ETL,104281,NULL,0.001,08/01/2005 11:00 AM,---,,,,,
Near,07/24/2006 12:00 PM,,,,,,,,,,,,,,,,,,,0.007,,,,,,,ISADORE'S LAKE,COMPOSITE,,---,mg/l,567,"ALS (FORMERLY ENVIRO-TEST) LABORATORIES, EDMONTON, ALBERTA",104278,,0.001,07/24/2006 11:00 AM,---,,,,,
Near,07/20/2007 12:00 PM,,,,,,,,,,,,,,,,,,,0.008,,,,,,,ISADORE'S LAKE,COMPOSITE,,---,mg/l,567,"ALS (FORMERLY ENVIRO-TEST) LABORATORIES, EDMONTON, ALBERTA",104275,,0.001,07/20/2007 11:00 AM,---,,,,,
Near,07/14/2008 12:00 PM,,,,,,,,,,,,,,,,,,,0.01,,,,,,,ISADORE'S LAKE,COMPOSITE,,---,mg/l,567,"ALS (FORMERLY ENVIRO-TEST) LABORATORIES, EDMONTON, ALBERTA",104272,,0.001,07/14/2008 11:00 AM,---,,,,,
Near,09/13/2009 12:00 PM,,,,,,,,,,,,,,,,,,,0.0039,,,,,,,ISADORE'S LAKE,COMPOSITE,,---,mg/l,567,"ALS (FORMERLY ENVIRO-TEST) LABORATORIES, EDMONTON, ALBERTA",104269,,0.001,09/13/2009 11:00 AM,---,,,,,
Near,09/11/2011 12:00 PM,,,,,,,,,,,,,,,,,,,0.0058,,,,,,,ISADORE'S LAKE,COMPOSITE,,---,mg/l,567,"ALS (FORMERLY ENVIRO-TEST) LABORATORIES, EDMONTON, ALBERTA",106040,,0.001,09/11/2011 11:00 AM,---,,,,,
Near,09/12/2012 12:00 PM,,,,,,,,,,,,,,,,,,,0.0033,,,,,,,ISADORE'S LAKE,COMPOSITE,,---,mg/l,567,"ALS (FORMERLY ENVIRO-TEST) LABORATORIES, EDMONTON, ALBERTA",106037,,0.001,09/12/2012 11:00 AM,---,,,,,
Near,09/06/2013 12:00 PM,,,,,,,,,,,,,,,,,,,0.0096,,,,,,,ISADORE'S LAKE,COMPOSITE,,---,mg/l,567,"ALS (FORMERLY ENVIRO-TEST) LABORATORIES, EDMONTON, ALBERTA",106980,,0.001,09/06/2013 11:00 AM,---,,,,,
Near,09/03/2014 12:00 PM,,,,,,,,,,,,,,,,,,,0.0041,,,,,,,ISADORE'S LAKE,COMPOSITE,,---,mg/l,567,"ALS (FORMERLY ENVIRO-TEST) LABORATORIES, EDMONTON, ALBERTA",107395,,0.001,09/03/2014 11:00 AM,---,,,,,
Near,09/20/2016 12:00 PM,,,,,,,,,,,,,,,,,,,0.006,,,,,,,ISADORE'S LAKE,COMPOSITE,,---,mg/l,443,"MAXXAM (CHEMEX) LABS ALBERTA INC., CALGARY, ALBERTA.",112231,,0.003,09/20/2016 11:00 AM,---,,,,,
Near,09/20/2016 12:00 PM,,,,,,,,,,,,,,,,,,,,0.41,,,,,,ISADORE'S LAKE,COMPOSITE,,---,NTU,409,"MAXXAM (CHEMEX) LABS ALBERTA INC., CALGARY, ALBERTA.",112231,,0.1,09/20/2016 11:00 AM,---,,,,,
Near,07/30/2004 12:00 PM,,,,,,,,,,,,,,,,,,,,,0.2,,,,,ISADORE'S LAKE,COMPOSITE,,<,µg/l,1849,Alberta Research Council,104284,NULL,0.0002,07/30/2004 11:00 AM,---,,,,,
Near,08/01/2005 12:00 PM,,,,,,,,,,,,,,,,,,,,,0.128,,,,,ISADORE'S LAKE,COMPOSITE,,---,µg/l,1849,Alberta Research Council,104281,NULL,0.00005,08/01/2005 11:00 AM,---,,,,,
Near,07/24/2006 12:00 PM,,,,,,,,,,,,,,,,,,,,,0.136,,,,,ISADORE'S LAKE,COMPOSITE,,---,µg/l,1849,Alberta Research Council,104278,,0.00005,07/24/2006 11:00 AM,---,,,,,
Near,07/20/2007 12:00 PM,,,,,,,,,,,,,,,,,,,,,0.224,,,,,ISADORE'S LAKE,COMPOSITE,,---,µg/l,1849,Alberta Research Council,104275,,0.00005,07/20/2007 11:00 AM,---,,,,,
Near,07/14/2008 12:00 PM,,,,,,,,,,,,,,,,,,,,,0.171,,,,,ISADORE'S LAKE,COMPOSITE,,---,µg/l,1849,Alberta Research Council,104272,,0.00005,07/14/2008 11:00 AM,---,,,,,
Near,09/13/2009 12:00 PM,,,,,,,,,,,,,,,,,,,,,0.2,,,,,ISADORE'S LAKE,COMPOSITE,,<,µg/l,1849,Alberta Research Council,104269,,0.0002,09/13/2009 11:00 AM,---,,,,,
Near,09/11/2011 12:00 PM,,,,,,,,,,,,,,,,,,,,,0.182,,,,,ISADORE'S LAKE,COMPOSITE,,---,µg/l,1849,AITF-EAS (ENVIRONMENTAL ANALYTICAL SERVICES),106040,,0.0001,09/11/2011 11:00 AM,---,,,,,
Near,09/12/2012 12:00 PM,,,,,,,,,,,,,,,,,,,,,0.11,,,,,ISADORE'S LAKE,COMPOSITE,,---,µg/l,1849,AITF-EAS (ENVIRONMENTAL ANALYTICAL SERVICES),106037,,0.0001,09/12/2012 11:00 AM,---,,,,,
Near,09/06/2013 12:00 PM,,,,,,,,,,,,,,,,,,,,,0.1,,,,,ISADORE'S LAKE,COMPOSITE,,---,µg/l,1849,AITF-EAS (ENVIRONMENTAL ANALYTICAL SERVICES),106980,,0.0001,09/06/2013 11:00 AM,---,,,,,
Near,09/03/2014 12:00 PM,,,,,,,,,,,,,,,,,,,,,0.05,,,,,ISADORE'S LAKE,COMPOSITE,,---,µg/l,1849,AITF-EAS (ENVIRONMENTAL ANALYTICAL SERVICES),107395,,0.00002,09/03/2014 11:00 AM,---,,,,,
Near,09/20/2016 12:00 PM,,,,,,,,,,,,,,,,,,,,,0.1,,,,,ISADORE'S LAKE,COMPOSITE,,---,µg/l,1849,AITF-EAS (ENVIRONMENTAL ANALYTICAL SERVICES),112231,,0.00002,09/20/2016 11:00 AM,---,,,,,
Near,07/30/2004 12:00 PM,,,,,,,,,,,,,,,,,,,,,,0.2,,,,ISADORE'S LAKE,COMPOSITE,,<,µg/l,1847,Alberta Research Council,104284,NULL,0.0002,07/30/2004 11:00 AM,---,,,,,
Near,08/01/2005 12:00 PM,,,,,,,,,,,,,,,,,,,,,,0.2,,,,ISADORE'S LAKE,COMPOSITE,,<,µg/l,1847,Alberta Research Council,104281,NULL,0.0002,08/01/2005 11:00 AM,---,,,,,
Near,07/24/2006 12:00 PM,,,,,,,,,,,,,,,,,,,,,,0.153,,,,ISADORE'S LAKE,COMPOSITE,,---,µg/l,1847,Alberta Research Council,104278,,0.00005,07/24/2006 11:00 AM,---,,,,,
Near,07/20/2007 12:00 PM,,,,,,,,,,,,,,,,,,,,,,0.265,,,,ISADORE'S LAKE,COMPOSITE,,---,µg/l,1847,Alberta Research Council,104275,,0.00005,07/20/2007 11:00 AM,---,,,,,
Near,07/14/2008 12:00 PM,,,,,,,,,,,,,,,,,,,,,,0.188,,,,ISADORE'S LAKE,COMPOSITE,,---,µg/l,1847,Alberta Research Council,104272,,0.00005,07/14/2008 11:00 AM,---,,,,,
Near,09/13/2009 12:00 PM,,,,,,,,,,,,,,,,,,,,,,0.2,,,,ISADORE'S LAKE,COMPOSITE,,<,µg/l,1847,Alberta Research Council,104269,,0.0002,09/13/2009 11:00 AM,---,,,,,
Near,09/11/2011 12:00 PM,,,,,,,,,,,,,,,,,,,,,,0.183,,,,ISADORE'S LAKE,COMPOSITE,,---,µg/l,1847,AITF-EAS (ENVIRONMENTAL ANALYTICAL SERVICES),106040,,0.0001,09/11/2011 11:00 AM,---,,,,,
Near,09/12/2012 12:00 PM,,,,,,,,,,,,,,,,,,,,,,0.122,,,,ISADORE'S LAKE,COMPOSITE,,---,µg/l,1847,AITF-EAS (ENVIRONMENTAL ANALYTICAL SERVICES),106037,,0.0001,09/12/2012 11:00 AM,---,,,,,
Near,09/06/2013 12:00 PM,,,,,,,,,,,,,,,,,,,,,,0.251,,,,ISADORE'S LAKE,COMPOSITE,,---,µg/l,1847,AITF-EAS (ENVIRONMENTAL ANALYTICAL SERVICES),106980,,0.0001,09/06/2013 11:00 AM,---,,,,,
Near,09/03/2014 12:00 PM,,,,,,,,,,,,,,,,,,,,,,0.13,,,,ISADORE'S LAKE,COMPOSITE,,---,µg/l,1847,AITF-EAS (ENVIRONMENTAL ANALYTICAL SERVICES),107395,,0.00001,09/03/2014 11:00 AM,---,,,,,
Near,09/20/2016 12:00 PM,,,,,,,,,,,,,,,,,,,,,,0.11,,,,ISADORE'S LAKE,COMPOSITE,,---,µg/l,1847,AITF-EAS (ENVIRONMENTAL ANALYTICAL SERVICES),112231,,0.00001,09/20/2016 11:00 AM,---,,,,,
Near,07/30/2004 12:00 PM,,,,,,,,,,,,,,,,,,,,,,,2,,,ISADORE'S LAKE,COMPOSITE,,<,mg/l,331,ETL,104284,NULL,2,07/30/2004 11:00 AM,---,,,,,
Near,08/01/2005 12:00 PM,,,,,,,,,,,,,,,,,,,,,,,2,,,ISADORE'S LAKE,COMPOSITE,,<,mg/l,331,ETL,104281,NULL,2,08/01/2005 11:00 AM,---,,,,,
Near,07/24/2006 12:00 PM,,,,,,,,,,,,,,,,,,,,,,,3,,,ISADORE'S LAKE,COMPOSITE,,---,mg/l,331,"ALS (FORMERLY ENVIRO-TEST) LABORATORIES, EDMONTON, ALBERTA",104278,,2,07/24/2006 11:00 AM,---,,,,,
Near,07/20/2007 12:00 PM,,,,,,,,,,,,,,,,,,,,,,,4,,,ISADORE'S LAKE,COMPOSITE,,---,mg/l,331,"ALS (FORMERLY ENVIRO-TEST) LABORATORIES, EDMONTON, ALBERTA",104275,,2,07/20/2007 11:00 AM,---,,,,,
Near,07/14/2008 12:00 PM,,,,,,,,,,,,,,,,,,,,,,,2,,,ISADORE'S LAKE,COMPOSITE,,---,mg/l,331,"ALS (FORMERLY ENVIRO-TEST) LABORATORIES, EDMONTON, ALBERTA",104272,,2,07/14/2008 11:00 AM,---,,,,,
Near,09/13/2009 12:00 PM,,,,,,,,,,,,,,,,,,,,,,,2,,,ISADORE'S LAKE,COMPOSITE,,<,mg/l,331,"ALS (FORMERLY ENVIRO-TEST) LABORATORIES, EDMONTON, ALBERTA",104269,,2,09/13/2009 11:00 AM,---,,,,,
Near,09/11/2011 12:00 PM,,,,,,,,,,,,,,,,,,,,,,,5,,,ISADORE'S LAKE,COMPOSITE,,---,mg/l,331,"ALS (FORMERLY ENVIRO-TEST) LABORATORIES, EDMONTON, ALBERTA",106040,,2,09/11/2011 11:00 AM,---,,,,,
Near,09/12/2012 12:00 PM,,,,,,,,,,,,,,,,,,,,,,,2,,,ISADORE'S LAKE,COMPOSITE,,---,mg/l,331,"ALS (FORMERLY ENVIRO-TEST) LABORATORIES, EDMONTON, ALBERTA",106037,,2,09/12/2012 11:00 AM,---,,,,,
Near,09/06/2013 12:00 PM,,,,,,,,,,,,,,,,,,,,,,,2,,,ISADORE'S LAKE,COMPOSITE,,---,mg/l,331,"ALS (FORMERLY ENVIRO-TEST) LABORATORIES, EDMONTON, ALBERTA",106980,,2,09/06/2013 11:00 AM,---,,,,,
Near,09/03/2014 12:00 PM,,,,,,,,,,,,,,,,,,,,,,,2,,,ISADORE'S LAKE,COMPOSITE,,<,mg/l,331,"ALS (FORMERLY ENVIRO-TEST) LABORATORIES, EDMONTON, ALBERTA",107395,,2,09/03/2014 11:00 AM,---,,,,,
Near,07/30/2004 12:00 PM,,,,,,,,,,,,,,,,,,,,,,,,9.12,,ISADORE'S LAKE,COMPOSITE,,---,mg/l,0,FIELD,104284,NULL,0.1,07/30/2004 11:00 AM,---,,,,,
Near,09/20/2004 12:00 PM,,,,,,,,,,,,,,,,,,,,,,,,7.75,,ISADORE'S LAKE,COMPOSITE,,---,mg/l,0,FIELD,107389,NULL,0.1,09/20/2004 11:00 AM,---,,,,,
Near,09/15/2005 12:00 PM,,,,,,,,,,,,,,,,,,,,,,,,9.6,,ISADORE'S LAKE,COMPOSITE,,---,mg/l,0,FIELD,107383,NULL,0.1,09/15/2005 11:00 AM,---,,,,,
Near,07/24/2006 12:00 PM,,,,,,,,,,,,,,,,,,,,,,,,10.8,,ISADORE'S LAKE,COMPOSITE,,---,mg/l,0,FIELD,104278,,,07/24/2006 11:00 AM,---,,,,,
Near,09/23/2006 12:00 PM,,,,,,,,,,,,,,,,,,,,,,,,8.4,,ISADORE'S LAKE,COMPOSITE,,---,mg/l,0,FIELD,107392,,,09/23/2006 11:00 AM,---,,,,,
Near,09/06/2007 12:00 PM,,,,,,,,,,,,,,,,,,,,,,,,8.6,,ISADORE'S LAKE,COMPOSITE,,---,mg/l,0,FIELD,107398,,,09/06/2007 11:00 AM,---,,,,,
Near,07/14/2008 12:00 PM,,,,,,,,,,,,,,,,,,,,,,,,7.8,,ISADORE'S LAKE,COMPOSITE,,---,mg/l,0,FIELD,104272,,,07/14/2008 11:00 AM,---,,,,,
Near,09/07/2008 12:00 PM,,,,,,,,,,,,,,,,,,,,,,,,11.3,,ISADORE'S LAKE,COMPOSITE,,---,mg/l,0,FIELD,107804,,,09/07/2008 11:00 AM,1,,,,,
Near,09/13/2009 12:00 PM,,,,,,,,,,,,,,,,,,,,,,,,9,,ISADORE'S LAKE,COMPOSITE,,---,mg/l,0,FIELD,104269,,,09/13/2009 11:00 AM,---,,,,,
Near,07/30/2004 12:00 PM,,,,,,,,,,,,,,,,,,,,,,,,,101.1,ISADORE'S LAKE,COMPOSITE,,---,%,0,FIELD,104284,NULL,0.01,07/30/2004 11:00 AM,---,,,,,
Near,09/20/2004 12:00 PM,,,,,,,,,,,,,,,,,,,,,,,,,68.1,ISADORE'S LAKE,COMPOSITE,,---,%,0,FIELD,107389,NULL,0.01,09/20/2004 11:00 AM,---,,,,,
Near,1988-03-08 16:01,,,54,,,,,,,,,,,,0.276,8.2,7.7,0.0157,,,,,,9.7,,"MILDRED LAKE (L36), PROFILE AT CENTRE",AB07DA2340,,,mg/L,,,,88AB003445,,1988-03-08 16:01,,1,,,,
Near,1988-03-08 16:02,,,,,,,,,,,,,,,,,7.8,,,,,,,9.2,,"MILDRED LAKE (L36), PROFILE AT CENTRE",AB07DA2340,,,pH units,,,,88AB003446,,1988-03-08 16:02,122,1,,,,
Near,1988-03-08 16:03,,,,,,,,,,,,,,,,,7.9,,,,,,,8.6,,"MILDRED LAKE (L36), PROFILE AT CENTRE",AB07DA2340,,,pH units,,,,88AB003447,,1988-03-08 16:03,122,1,,,,
Near,1988-03-08 16:04,,,,,,,,,,,,,,,,,7.9,,,,,,,7.5,,"MILDRED LAKE (L36), PROFILE AT CENTRE",AB07DA2340,,,pH units,,,,88AB003448,,1988-03-08 16:04,122,1,,,,
Near,1988-03-08 16:05,,,,,,,,,,,,,,,,,7.8,,,,,,,5.3,,"MILDRED LAKE (L36), PROFILE AT CENTRE",AB07DA2340,,,pH units,,,,88AB003449,,1988-03-08 16:05,122,1,,,,
Near,1988-03-08 16:06,,,,,,,,,,,,,,,,,7.6,,,,,,,2.4,,"MILDRED LAKE (L36), PROFILE AT CENTRE",AB07DA2340,,,pH units,,,,88AB003450,,1988-03-08 16:06,122,1,,,,
Near,1988-03-08 16:07,,,,,,,,,,,,,,,,,7.6,,,,,,,1.5,,"MILDRED LAKE (L36), PROFILE AT CENTRE",AB07DA2340,,,pH units,,,,88AB003451,,1988-03-08 16:07,122,1,,,,
Near,1988-03-08 16:08,,,,,,,,,,,,,,,,,7.5,,,,,,,0,,"MILDRED LAKE (L36), PROFILE AT CENTRE",AB07DA2340,,,pH units,,,,88AB003452,,1988-03-08 16:08,122,1,,,,
Near,1972-07-31 12:00,,,34.1,,,,,,,,,,,,,8.4,,,,,,,,,,"MILDRED LAKE, (NO DESCRIP)",AB07DA2850,,,mg/L,,,,72AB004521,,1972-07-31 12:00,,1,,,,
Near,1972-10-05 12:00,,,36,,,,,,,,,,,,,7.8,,,,,,,,,,"MILDRED LAKE, (NO DESCRIP)",AB07DA2860,,,mg/L,,,,72AB004522,,1972-10-05 12:00,,1,,,,
Near,1973-06-17 12:00,,,30,,,,,,,,,,,,,8.5,,,,,,,,,,"MILDRED LAKE, (NO DESCRIP)",AB07DA2870,,,mg/L,,,,73AB005073,,1973-06-17 12:00,,1,,,,
Near,1973-08-14 12:00,,,20,,,,,,,,,,,,,8.6,,,,,,,,,,"MILDRED LAKE, EAST SIDE GRAB",AB07DA2880,,,mg/L,,,,73AB005074,,1973-08-14 12:00,,1,,,,
Near,1972-07-31 12:00,,,34.1,,,,,,,,,,,,,8.4,,,,,,,,,,"MILDRED LAKE, GRAB",AB07DA2350,,,mg/L,,,,72AB000262,,1972-07-31 12:00,,1,,,,
Near,1972-10-05 12:00,,,36,,,,,,,,,,,,,7.8,,0.9,,,,,,,,"MILDRED LAKE, GRAB",AB07DA2350,,,mg/L,,,,72AB000263,,1972-10-05 12:00,,1,,,,
Near,1973-06-17 19:35,,,30,,,,,,,,,,,,,8.5,,0.2,,,,,,,,"MILDRED LAKE, GRAB",AB07DA2350,,,mg/L,,,,73AB000989,,1973-06-17 19:35,,1,,,,
Near,1973-08-14 17:35,,,20,,,,,,,0.0009,,,,,,8.6,,0.4,,,,,,,,"MILDRED LAKE, GRAB",AB07DA2350,,,mg/L,,,,73AB000990,,1973-08-14 17:35,,1,,,,
Near,1974-08-01 12:00,,,37,,,,,,,,,,,,,8.3,,,,,,,,,,"MILDRED LAKE, GRAB",AB07DA2890,,,mg/L,,,,74AB003052,,1974-08-01 12:00,,1,,,,
Near,1974-08-19 11:30,,,,,,,,,,,,,,,,7.4,,,,,,,,,,"MILDRED LAKE, GRAB",AB07DA2350,,,pH units,,,,74AB000953,,1974-08-19 11:30,,1,,,,